제목,시작일,종료일,장소,장르,출연진_원본,제작진_원본,관람연령,런타임,기획제작사,상태,포스터URL,KOPIS_ID
"하녀들 (Les Bonnes)","2026.09.17","2026.09.27","나온씨어터 (나온씨어터)","연극","송이주, 박승희, 유진희, 배현아","구태환, 노현열, 김소형 등","만 13세 이상","1시간 40분","극단 수, 주식회사 코스타","공연예정","http://www.kopis.or.kr/upload/pfmPoster/PF_PF299351_260825_141745.gif","PF299351"
"오! 나의 귀신님 [부산]","2026.09.17","2027.01.03","BNK부산은행 조은극장 (1관)","연극","","김도연, 이상율 등","만 7세 이상","1시간 30분","(주)조은아트플러스, BNK부산은행조은극장, DY company (디와이 컴퍼니), 조은문화마을","공연예정","http://www.kopis.or.kr/upload/pfmPoster/PF_PF299342_260825_135053.gif","PF299342"
"수상한 흥신소 [거제]","2026.10.24","2026.10.24","거제문화예술회관 (소극장)","연극","","","만 13세 이상","1시간 40분","익스트림플레이","공연예정","http://www.kopis.or.kr/upload/pfmPoster/PF_PF299336_260825_133522.jpg","PF299336"
"Sac on Screen, 무수비좌: 피노키오 [화성] (영상화)","2026.09.20","2026.09.20","화성예술의전당 (동탄아트홀)","연극","키노시타 이쿠미, 미야타케 시로, 코바야시 타카유키, 오타 히로키, 하세가와 마요, 타카미츠 코이치, 와다 마코토 등","오노 마사오, 아소 케이코, 코즈카 켄지 등","전체 관람가","1시간 34분","(재) 화성시문화관광재단","공연예정","http://www.kopis.or.kr/upload/pfmPoster/PF_PF299334_260825_133120.gif","PF299334"
"제9회 프로젝트 10minutes, 2주차","2026.09.10","2026.09.13","서울연극창작센터 (서울씨어터 101 (1F) )","연극","장예슬, 박소희, 방준식, 전영준, 유성곤, 임희정, 전인기 등","엄준연, 인치수, 문경진 등","만 13세 이상","1시간 10분","예술단체 화로, 창작19다, 창작집단 이랑","공연예정","http://www.kopis.or.kr/upload/pfmPoster/PF_PF299330_260825_132238.jpg","PF299330"
"LINE 두줄광대 [인천]","2026.09.17","2026.09.17","제물포구문화체육센터(구. 동구문화체육센터) (공연장)","연극","한산하, 신재웅, 김형일, 이선유, 박종수, 최원","임종희, 백승문, 박광배 등","만 5세 이상","1시간","","공연예정","http://www.kopis.or.kr/upload/pfmPoster/PF_PF299329_260825_132101.gif","PF299329"
"가까운 이야기 [전남 광주]","2026.09.05","2026.09.06","문예정터 (소극장)","연극","최인환, 안의연, 김대연, 오창선, 김에덴","김민석, 김효진, 박서영","만 13세 이상","1시간","","공연예정","http://www.kopis.or.kr/upload/pfmPoster/PF_PF299323_260825_125135.png","PF299323"
"서리풀 악동 문화공연, 호랑이와 곶감 (9월)","2026.09.07","2026.09.07","반포심산아트홀 (반포심산아트홀)","연극","","","24개월 이상","50분","서초구청","공연예정","http://www.kopis.or.kr/upload/pfmPoster/PF_PF299320_260825_124313.jpg","PF299320"
"사랑하는 윤에게","2026.09.15","2026.09.20","창동극장 (창동극장)","연극","강주연, 이서연, 부새연, 유태현, 김민채, 임석현","유태현, 강주연, 한재훈 등","만 13세 이상","1시간 10분","극단 이젝션","공연예정","http://www.kopis.or.kr/upload/pfmPoster/PF_PF299318_260825_114444.jpg","PF299318"
"지리산 반달곰 들메 [산청]","2026.09.18","2026.09.19","산청문화예술회관 (대공연장)","연극","","","만 5세 이상","1시간","","공연예정","http://www.kopis.or.kr/upload/pfmPoster/PF_PF299312_260825_111856.jpg","PF299312"
"제3회 심야N연극제, 럭키! 전당포","2026.09.23","2026.09.27","나인진홀 (구.청년극장) (나인진홀 1관)","연극","김재아, 주홍민서, 류지환, 김수민, 고해이, 최성아, 차경찬 등","김시연, 박경서, 김화영 등","만 11세 이상","1시간 20분","(주) 나인진엔터테인먼트, 프로덕션 유월","공연예정","http://www.kopis.or.kr/upload/pfmPoster/PF_PF299303_260825_105554.gif","PF299303"
"필근이 온다 [안동]","2026.10.23","2026.10.24","안동문화예술의전당 (백조홀)","연극","이승훈, 김지형, 김동형, 배재혁, 이인우, 구진모, 정진 등","김신근, 권지연, 조영익 등","만 7세 이상","1시간 30분","안동문화예술의전당","공연예정","http://www.kopis.or.kr/upload/pfmPoster/PF_PF299295_260825_104341.jpg","PF299295"
"까꿍이와 동화나무 [안성]","2026.08.25","2026.09.06","용설아트스페이스 (용설아트스페이스)","연극","","","전체 관람가","50분","","공연중","http://www.kopis.or.kr/upload/pfmPoster/PF_PF299292_260825_103500.jpg","PF299292"
"도어 넥스트 헤븐 [대학로]","2026.09.15","2026.11.01","로비 바이 컨템포러리 테일즈 (로비 바이 컨템포러리 테일즈(B1))","연극","문주하, 김승찬, 민규태, 이승민, 김무정, 오시후","유예은, 이수민, 김정현 등","만 14세 이상","1시간 15분","컨템포러리 테일즈","공연예정","http://www.kopis.or.kr/upload/pfmPoster/PF_PF299291_260825_103350.gif","PF299291"
"제6회 원모어 페스티벌, 라비스망","2026.09.16","2026.09.20","소극장 플랫폼74 (소극장 플랫폼74)","연극","장재선, 김태윤, 이지민, 한유진, 민동준, 오탕","오탕, 정민혁, 강동우 등","전체 관람가","1시간 30분","극단 이명희, 극단 이명희","공연예정","http://www.kopis.or.kr/upload/pfmPoster/PF_PF299289_260825_102707.gif","PF299289"
"제9회 극장동국 연출가전, 인간찬가","2026.09.09","2026.09.20","극장 동국 (극장 동국)","연극","곽유신, 편해준, 민경현, 서동재, 이한영","안유리","만 14세 이상","1시간 40분","부엉왈츠","공연예정","http://www.kopis.or.kr/upload/pfmPoster/PF_PF299279_260824_164828.gif","PF299279"
"오빠 생각 [대학로]","2026.09.09","2026.09.13","보라 아트홀(구. 지구인아트홀) (보라 아트홀(구. 지구인아트홀))","연극","박우열, 황연희, 김홍택, 허혁, 배태민, 배찬옥, 정의진 등","손대원, 김현희, 안준성 등","만 11세 이상","1시간 40분","창작집단 유희자, 창작집단 유희자","공연예정","http://www.kopis.or.kr/upload/pfmPoster/PF_PF299244_260824_145737.gif","PF299244"
"제29회 서울 프린지 페스티벌, 상철이 엄마","2026.08.22","2026.08.23","서보아트스페이스(서보미술문화공간)[서울] (SOUNDS)","연극","한재현, 정진교, 김난희, 김준성, 성건우, 서다예","김준성, 서다예, 이예림 등","만 15세 이상","1시간","","공연완료","http://www.kopis.or.kr/upload/pfmPoster/PF_PF299228_260824_142436.jpg","PF299228"
"빈집 [대학로]","2026.09.10","2026.10.18","지즐소극장 (지즐소극장)","연극","김경란, 김진주, 김태인, 김민지, 손재이, 조신휘, 양영문 등","","만 10세 이상","1시간 30분","","공연예정","http://www.kopis.or.kr/upload/pfmPoster/PF_PF299214_260824_135834.jpg","PF299214"
"극단 인파 10주년 기획공연, 미친새","2026.09.04","2026.09.06","인천아트플랫폼 (공연장 (C동) )","연극","엄동현, 오택은, 박주형, 김진우, 맥글락큰해성, 김정유, 유은지, 김영상","하병훈, 정지호, 마찬호 등","만 13세 이상","1시간 10분","극단 인파(INPA)","공연예정","http://www.kopis.or.kr/upload/pfmPoster/PF_PF299186_260824_125639.jpeg","PF299186"
"그럼에도 불구하고","2026.09.10","2026.09.27","R&J씨어터(구. 연진아트홀) (R&J씨어터(구. 연진아트홀))","연극","강서하, 박예린, 박연지, 서지윤, 이민주, 이승민, 이휘서 등","안혜진, 최유정, 김수연 등","만 12세 이상","1시간 10분","샤인 액터스(Shine Actors), 샤인 액터스(Shine Actors), 알앤제이아트컴퍼니 (R&J Art Company), 알앤제이아트컴퍼니 (R&J Art Company)","공연예정","http://www.kopis.or.kr/upload/pfmPoster/PF_PF299184_260824_125034.jpg","PF299184"
"제6회 원모어 페스티벌, 탐정 정약용: 안조이 살인사건","2026.09.10","2026.09.13","소극장 플랫폼74 (소극장 플랫폼74)","연극","김수진, 권다림, 이인희, 김민석, 김동훈, 조성준, 정두원","안정민","만 13세 이상","1시간","시의적절","공연예정","http://www.kopis.or.kr/upload/pfmPoster/PF_PF299165_260824_111258.png","PF299165"
"어쩌다보니 [대전]","2026.10.02","2026.11.08","작은극장 다함 (작은극장 다함)","연극","","","만 10세 이상","1시간 40분","","공연예정","http://www.kopis.or.kr/upload/pfmPoster/PF_PF299151_260824_103126.png","PF299151"
"홀로 [마산]","2026.09.11","2026.09.13","마산문화예술센터 시민극장 (마산문화예술센터 시민극장)","연극","박찬영, 김소정, 강주성","김소정","만 7세 이상","","극단 상상창꼬","공연예정","http://www.kopis.or.kr/upload/pfmPoster/PF_PF299142_260821_183738.jpg","PF299142"
"메타모르포시스: 변신","2026.10.02","2026.10.03","구로아트밸리 (예술극장)","연극","강희원, 김명국, 송현빈, 오시후, 이승연, 이준원, 하지연 등","김민정, 강윤아, 민현기 등","만 11세 이상","1시간 10분","(재)구로문화재단, 한국예술종합학교 연극원(KARTS), 한국예술종합학교 연극원(KARTS)","공연예정","http://www.kopis.or.kr/upload/pfmPoster/PF_PF299126_260821_165124.gif","PF299126"
"우석훈 코미디 단편선 [광주]","2026.09.11","2026.09.13","예술극장 통 (예술극장 통)","연극","우석훈","우석훈, 김수영, 박미선 등","만 7세 이상","1시간 20분","극단 무언가, 극단 무언가","공연예정","http://www.kopis.or.kr/upload/pfmPoster/PF_PF299119_260821_160122.gif","PF299119"
"쉿! 수상한 장난감 가게 [개인]","2026.09.05","2026.09.20","천안어린이꿈누리터 (구. 천안시 어린이 회관) (꿈누리대공연장)","연극","강지수, 양채원, 윤현준, 이지윤, 정복영","서효정, 김이경","24개월 이상","50분","극단 너울","공연예정","http://www.kopis.or.kr/upload/pfmPoster/PF_PF299117_260821_154541.png","PF299117"
"ASAC 연극, 레오폴트슈타트","2026.10.16","2026.10.19","안산문화예술의전당 (달맞이극장)","연극","이정미, 박윤희, 방진의, 안병식, 여승희, 김민하, 김세환 등","김연민, 남경식, 성미림 등","만 13세 이상","2시간 10분","(재)안산문화재단(안산문화예술의전당), (재)안산문화재단(안산문화예술의전당), 스토리 포레스트","공연예정","http://www.kopis.or.kr/upload/pfmPoster/PF_PF299103_260821_145419.jpg","PF299103"
"제14회 GAF 공연예술제, 솔리다리오스","2026.10.02","2026.10.02","구로창의아트홀 (구로창의아트홀)","연극","변은영, 이도위, 문기영, 소윤호, 김지수, 황휘윤","차희, 유미, 이유신 등","만 7세 이상","1시간 20분","극단 지금여기","공연예정","http://www.kopis.or.kr/upload/pfmPoster/PF_PF299099_260821_144300.gif","PF299099"
"옛날 옛적에 말이야 [대학로]","2026.08.27","2026.08.30","경복궁아트홀 (경복궁아트홀)","연극","김규리, 박민구, 이승주, 정예원, 최다빈, 한지우, 황경욱","장유나","48개월 이상","50분","극단 아우성, 극단 아우성","공연예정","http://www.kopis.or.kr/upload/pfmPoster/PF_PF299090_260821_141947.gif","PF299090"
"구미 아시아 연극제, 봄이 오면 [구미]","2026.09.13","2026.09.13","소극장 공터 다 (소극장 공터 다)","연극","이규성, 김현수","장창석, 장영석, 김한솔 등","만 9세 이상","1시간 5분","구미시, 극단 벅수골","공연예정","http://www.kopis.or.kr/upload/pfmPoster/PF_PF299088_260821_141146.jpg","PF299088"
"딜레마 [대학로]","2026.09.02","2026.09.06","소극장 창덕궁 (소극장 창덕궁)","연극","박종원, 궁남경, 강원석, 최평선, 조용현, 홍소리, 최영우","최영재, 최영우, 임준석 등","만 10세 이상","1시간 30분","스페이스 8, 스페이스 8","공연예정","http://www.kopis.or.kr/upload/pfmPoster/PF_PF299084_260821_140425.jpg","PF299084"
"제11회 청소년을 위한 공연 예술 축제, 망각의 클럽","2026.09.02","2026.09.02","아르코 꿈밭극장 (아르코꿈밭극장)","연극","","박민서, 지선애","만 10세 이상","40분","","공연예정","http://www.kopis.or.kr/upload/pfmPoster/PF_PF299083_260821_140425.jpg","PF299083"
"극단여행자 극장전, 이중의 변심","2026.09.04","2026.09.13","여행자극장 (여행자극장)","연극","김명연, 김해중, 노독립, 박현지, 박혜림, 송상규, 정인혜","김은희, 김상보, 장혜지 등","만 7세 이상","1시간 40분","코르코르디움","공연예정","http://www.kopis.or.kr/upload/pfmPoster/PF_PF299062_260821_131416.gif","PF299062"
"필근이 온다 [김해]","2026.10.31","2026.10.31","김해문화의전당 (누리홀)","연극","","","만 7세 이상","1시간 30분","(재)김해문화재단 김해문화의전당","공연예정","http://www.kopis.or.kr/upload/pfmPoster/PF_PF299043_260824_110049.jpg","PF299043"
"젤리피쉬 [광명]","2026.09.19","2026.09.19","광명시민회관 (대공연장)","연극","백지윤, 정수영, 김바다, 김범진","민새롬, 김현지, 주연경 등","만 13세 이상","2시간 20분","(재)한국장애인문화예술원, 크리에이티브테이블 석영","공연예정","http://www.kopis.or.kr/upload/pfmPoster/PF_PF299042_260821_115216.png","PF299042"
"우리가 빛의 속도로 갈 수 없다면 [포항]","2026.09.11","2026.09.12","포항문화예술회관 (대공연장)","연극","장희랑, 김민철, 이흔지, 이보람, 이한엽, 성홍석","이정길, 김주안, 전현미 등","만 7세 이상","1시간 20분","(재)포항문화재단","공연예정","http://www.kopis.or.kr/upload/pfmPoster/PF_PF299024_260821_104614.jpg","PF299024"
"12인의 성난 사람들","2026.08.25","2026.08.30","대학로 스카이씨어터 (2관(5층 구 JK아트홀))","연극","윤상현, 노시홍, 김지선, 이가은, 최소담, 김혜성, 서반석 등","박정학, 윤건희, 정승호 등","만 7세 이상","2시간 10분","리얼액터스팀, 스카이씨어터 2관","공연중","http://www.kopis.or.kr/upload/pfmPoster/PF_PF299014_260821_101802.gif","PF299014"
"리: 바운드 축제, 우리가 빛의 속도로 갈 수 없다면","2026.11.07","2026.11.08","예술의전당 [서울] (자유소극장)","연극","장희랑, 김민철, 이흔지, 이보람, 이한엽, 성홍석, 진윤정 등","이정길, 김주안, 전현미 등","만 7세 이상","1시간 20분","극단 길, 주식회사 코스타","공연예정","http://www.kopis.or.kr/upload/pfmPoster/PF_PF299009_260820_154613.gif","PF299009"
"최초의 웃음","2026.09.16","2026.09.20","열린극장 (열린극장)","연극","서원호, 박소은, 민현기, 정명기, 김광호, 박소희","피재호, 김자빈, 손승명 등","만 11세 이상","1시간 30분","극단 십삼월, 극단 십삼월","공연예정","http://www.kopis.or.kr/upload/pfmPoster/PF_PF298992_260820_144511.gif","PF298992"
"제11회 청소년을 위한 공연 예술 축제, 어느 날 와르르","2026.09.05","2026.09.05","아르코 꿈밭극장 (아르코꿈밭극장)","연극","고은지, 나도이, 장재희, 현혜선","손은재, 유태희, 강상민 등","만 12세 이상","1시간 30분","정글프로젝트","공연예정","http://www.kopis.or.kr/upload/pfmPoster/PF_PF298990_260820_143826.jpg","PF298990"
"리: 바운드 축제, 선녀씨 이야기","2026.10.30","2026.10.31","예술의전당 [서울] (자유소극장)","연극","고현주, 차영우, 박선혜, 변상윤, 김인하, 김영실, 이혜미 등","이삼우, 심봉석, 고재경 등","만 7세 이상","1시간 30분","극단 예도, 주식회사 코스타","공연예정","http://www.kopis.or.kr/upload/pfmPoster/PF_PF298984_260820_143038.gif","PF298984"
"현관문을 열어라 [대학로]","2026.09.03","2026.09.13","예술공간 혜화 (예술공간 혜화)","연극","김슬, 고다연, 김하린, 이관목","최수완, 김지은, 정유석 등","만 13세 이상","1시간 40분","유어코퍼(주)","공연예정","http://www.kopis.or.kr/upload/pfmPoster/PF_PF298977_260820_141738.gif","PF298977"
"마주하는 마임.2 마임 X 인형극","2026.09.05","2026.09.05","스튜디오 QDA(구. 춤공장) (스튜디오 QDA(구. 춤공장))","연극","신유안, 최정산, 이현수, 홍경아","","전체 관람가","1시간","","공연예정","http://www.kopis.or.kr/upload/pfmPoster/PF_PF298965_260820_134959.jpg","PF298965"
"국립극단, 안트로폴리스 Ⅲ: 오이디푸스","2026.09.24","2026.10.18","국립극단 [명동] (명동예술극장)","연극","강세웅, 김문희, 김석주, 김신효, 김정아, 김진복, 배선희 등","강량원, 송전, 임일진 등","만 15세 이상","2시간","(재) 국립극단, (재) 국립극단","공연예정","http://www.kopis.or.kr/upload/pfmPoster/PF_PF298964_260820_134953.jpg","PF298964"
"필로우맨 [대학로]","2026.09.04","2026.09.06","북극곰소극장 (북극곰소극장)","연극","이은서, 전진욱, 김가하, 강한성","최찬, 최우영, 신서현 등","만 13세 이상","2시간 40분","","공연예정","http://www.kopis.or.kr/upload/pfmPoster/PF_PF298960_260820_134049.png","PF298960"
"시간을 파는 상점 [고흥]","2026.09.03","2026.09.03","고흥문화회관 (김연수실)","연극","고민지, 권민, 최서연, 김우진, 방준용, 한지한, 박채안 등","","만 7세 이상","1시간 30분","파랑컴퍼니, 파랑컴퍼니","공연예정","http://www.kopis.or.kr/upload/pfmPoster/PF_PF298959_260820_134048.gif","PF298959"
"사의 찬미 [대구]","2026.10.03","2026.10.03","아양아트센터 (아양홀)","연극","전소민, 곽명진, 진소연, 박선호, 김태향, 박수야, 허동수 등","전용석, 장용균, 이연우 등","만 13세 이상","1시간 50분","(재) 대구광역시 동구문화재단(아양아트센터)","공연예정","http://www.kopis.or.kr/upload/pfmPoster/PF_PF298928_260820_113037.jpg","PF298928"
"로라? 노라! [원주]","2026.09.12","2026.09.13","어울림소극장 [원주] (어울림소극장 [원주])","연극","이서이, 김현경","염민규, 박승원, 조수현 등","만 13세 이상","1시간","","공연예정","http://www.kopis.or.kr/upload/pfmPoster/PF_PF298904_260820_103047.png","PF298904"
"데스포이나 [대학로]","2026.10.02","2026.10.04","씨어터조이 (구. 마당세실극장) (씨어터조이 (구. 마당세실극장) )","연극","김라연, 김수민, 조준원, 선유림, 김예원, 조아해","주아진, 조형운, 장윤서 등","만 13세 이상","1시간 30분","","공연예정","http://www.kopis.or.kr/upload/pfmPoster/PF_PF298897_260820_101913.png","PF298897"
"어린이 아트스테이지, 저승할망 [김포]","2026.09.19","2026.09.20","통진두레문화센터 (두레홀)","연극","","","36개월 이상","1시간 5분","이야기기획단 시작과 끝, 통진두레문화센터","공연예정","http://www.kopis.or.kr/upload/pfmPoster/PF_PF298887_260819_151826.gif","PF298887"
"M 초이스, 욕망이라는 이름의 전차","2026.10.08","2026.10.11","마포아트센터 (아트홀맥)","연극","송일국, 송선미, 김주희, 홍유진, 황정원, 장경애, 맹상열 등","조금희, 윤현식, 정진우 등","만 13세 이상","1시간 40분","(재)마포문화재단(마포아트센터)","공연예정","http://www.kopis.or.kr/upload/pfmPoster/PF_PF298883_260819_150216.gif","PF298883"
"오로라 [대학로]","2026.08.28","2026.09.13","파랑새극장(구. 샘터파랑새극장) (1관)","연극","고형우, 하은주, 이수지, 노지유, 남가현, 권혁, 정현우","나석준, 장승혜, 이소정 등","만 7세 이상","1시간 30분","제이엠액터스, 제이엠액터스","공연예정","http://www.kopis.or.kr/upload/pfmPoster/PF_PF298882_260819_145901.jpg","PF298882"
"춘천연극제, 사랑해 엄마","2026.08.28","2026.08.29","봄내극장 (봄내극장)","연극","조혜련, 조지환, 정지환, 이서주, 김연수, 유민정 등","","만 7세 이상","1시간 40분","","공연예정","http://www.kopis.or.kr/upload/pfmPoster/PF_PF298867_260819_141315.png","PF298867"
"나는 자라면서 무수한 나를 만날 것이다 [파주]","2026.09.16","2026.09.16","파주시민회관 (소공연장)","연극","고윤희, 김영표, 심혜림","고윤희, 이동근, 고명원","만 7세 이상","1시간 15분","동네기획소","공연예정","http://www.kopis.or.kr/upload/pfmPoster/PF_PF298855_260819_135719.jpg","PF298855"
"화림 광장 [대학로]","2026.09.03","2026.09.06","보라 아트홀(구. 지구인아트홀) (보라 아트홀(구. 지구인아트홀))","연극","최연준, 유혜리, 신지현, 백종태, 강민구, 김한솔, 최여진 등","권승구, 조성규, 이윤채 등","만 11세 이상","1시간 20분","극단 모드(MODEST Ent.), 극단 모드(MODEST Ent.)","공연예정","http://www.kopis.or.kr/upload/pfmPoster/PF_PF298845_260819_133252.gif","PF298845"
"제9회 프로젝트10minutes, 1주차","2026.09.03","2026.09.06","서울연극창작센터 (서울씨어터 101 (1F) )","연극","임희정, 서예완, 서이룸, 이규빈, 변다연, 이경은, 최정민 등","전인기, 이선재, 홍예성 등","만 13세 이상","1시간 10분","","공연예정","http://www.kopis.or.kr/upload/pfmPoster/PF_PF298836_260819_131545.jpg","PF298836"
"히로시마메시지 [울산]","2026.08.22","2026.08.23","아트홀 마당 (아트홀 마당)","연극","전상미, 유미희, 변현주, 이현식, 김다애, 송아린, 정선욱 등","이성민, 조익래, 양경웅 등","만 14세 이상","1시간 50분","소극장품, 소극장품","공연완료","http://www.kopis.or.kr/upload/pfmPoster/PF_PF298834_260819_131359.gif","PF298834"
"덕만씨를 찾습니다 [대학로]","2026.09.01","2026.09.06","공간아울 (공간아울)","연극","하덕성, 권혁풍, 김용선, 김채원, 이호림","이정운, 장경민, 이상아 등","만 10세 이상","1시간 30분","","공연예정","http://www.kopis.or.kr/upload/pfmPoster/PF_PF298822_260819_122440.jpg","PF298822"
"체온 [대학로]","2026.09.04","2026.09.13","열린극장 (열린극장)","연극","황근복, 김상훈, 임나래, 박석진, 김하영, 황혜림, 양현석 등","모건강, 김하영, 김남석 등","만 7세 이상","1시간 30분","극단 가마골, 바람커뮤니케이션","공연예정","http://www.kopis.or.kr/upload/pfmPoster/PF_PF298817_260819_113041.jpg","PF298817"
"미명","2026.09.02","2026.09.06","극장 봄 (봄소극장) (극장 봄)","연극","박세일, 유혜주, 백경두, 성준혁, 권다예, 임성빈, 김태정 등","이건희, 백지은, 백주연 등","만 8세 이상","1시간 30분","프로젝트 모락","공연예정","http://www.kopis.or.kr/upload/pfmPoster/PF_PF298814_260819_112430.gif","PF298814"
"제11회 청소년을 위한 공연 예술 축제: 소년, 문턱에 서서","2026.09.08","2026.09.08","아르코 꿈밭극장 (아르코꿈밭극장)","연극","박성현, 윤국희, 박현승, 윤지영, 김도연, 왕건우","성화숙, 정수진, 이지우 등","만 10세 이상","1시간 20분","극단 우아","공연예정","http://www.kopis.or.kr/upload/pfmPoster/PF_PF298806_260819_105900.jpg","PF298806"
"제29회 서울프린지페스티벌, 기형도PLAYs + 소녀가 잃어버린 것","2026.08.22","2026.08.22","보라 아트홀(구. 지구인아트홀) (보라 아트홀(구. 지구인아트홀))","연극","강종희, 황정화, 김희정, 정미현, 원영진, 황윤주, 조윤희","박웅, 정미현, 오현정 등","만 12세 이상","1시간","극딴 곤","공연완료","http://www.kopis.or.kr/upload/pfmPoster/PF_PF298793_260819_103110.png","PF298793"
"제11회 청소년을 위한 공연예술축제, 양파꽃","2026.09.04","2026.09.04","아르코 꿈밭극장 (아르코꿈밭극장)","연극","이수연, 김다은, 박세이, 신유정, 김치성, 채지웅, 김경태","김희수, 유보민, 이예희 등","만 10세 이상","1시간 30분","낭만 수비대","공연예정","http://www.kopis.or.kr/upload/pfmPoster/PF_PF298786_260819_101343.jpg","PF298786"
"운빨로맨스 [의령]","2026.08.28","2026.08.28","의령군민문화회관 (의령군민문화회관)","연극","","","만 12세 이상","1시간 30분","","공연예정","http://www.kopis.or.kr/upload/pfmPoster/PF_PF298785_260819_100921.png","PF298785"
"제14회 대전 청년 유니브 연극제, 절레절레 동화","2026.08.20","2026.08.20","드림아트홀 [대전] (드림아트홀 [대전] )","연극","김예담, 김태현, 박민, 서이현, 서호, 이선, 이지원 등","고해성, 강태우, 이주원 등","전체 관람가","1시간 30분","극단 사색","공연완료","http://www.kopis.or.kr/upload/pfmPoster/PF_PF298783_260819_100551.png","PF298783"
"제26회 SPAF, 뺨을 맞지 않고 사는 게 삶의 전부가 될 순 없더라","2026.10.15","2026.10.16","아르코예술극장 (소극장)","연극","","구자혜","만 7세 이상","1시간 35분","(재)예술경영지원센터","공연예정","http://www.kopis.or.kr/upload/pfmPoster/PF_PF298779_260818_175201.jpg","PF298779"
"내 모든 걸 [인천]","2026.10.03","2026.10.03","계양문화회관 (대공연장)","연극","김기정, 한이연, 김형일, 황영준, 서태이 등","안세빈, 이은지, 박정권 등","만 7세 이상","1시간 30분","이연컴퍼니, 이연컴퍼니","공연예정","http://www.kopis.or.kr/upload/pfmPoster/PF_PF298772_260818_171000.jpg","PF298772"
"서울어텀페스타, 당신의 손","2026.09.04","2026.09.20","연우소극장 (연우소극장)","연극","남권아, 안다정, 정의천","김수희, 이창원, 박그림 등","만 13세 이상","1시간 35분","코르코르디움","공연예정","http://www.kopis.or.kr/upload/pfmPoster/PF_PF298769_260818_170014.gif","PF298769"
"제9회 극장동국 연출가전, 붉은 눈의 소녀","2026.08.26","2026.09.06","극장 동국 (극장 동국)","연극","김다슬, 김웅희, 김다슬, 박득환, 양윤소, 이지훈, 조재준 등","조재욱","만 12세 이상","1시간","","공연예정","http://www.kopis.or.kr/upload/pfmPoster/PF_PF298764_260818_163412.jpeg","PF298764"
"영원한 평화 [대학로]","2026.09.10","2026.09.13","미래아트홀 (미래아트홀)","연극","안보리, 차희재, 천수민, 허은지","김순호, 김은경, 원성준 등","만 7세 이상","1시간","극단 밀도, 극단 밀도","공연예정","http://www.kopis.or.kr/upload/pfmPoster/PF_PF298762_260818_163052.gif","PF298762"
"외계인이 인류를 멸망시킨대","2026.09.02","2026.09.13","공간알 (공간알)","연극","최윤서, 예지민, 이민아, 이현송, 이산하, 정윤선, 정민우","김수민, 최윤영, 박건우 등","만 11세 이상","1시간 40분","창작집단 새알","공연예정","http://www.kopis.or.kr/upload/pfmPoster/PF_PF298753_260818_155959.gif","PF298753"
"제26회 SPAF, 사이의 거리","2026.10.08","2026.10.10","아르코예술극장 (대극장)","연극","앨리슨 드샹, 아다마 디오프","티아고 호드리게즈, 토마스 레젠드, 페르난두 히베이루 등","만 13세 이상","1시간 25분","","공연예정","http://www.kopis.or.kr/upload/pfmPoster/PF_PF298751_260818_155705.jpg","PF298751"
"덧칠 [인천]","2026.09.17","2026.09.19","인천수봉문화회관 (소극장)","연극","백종헌, 황지선","임지웅, 최성진 등","만 7세 이상","1시간 20분","","공연예정","http://www.kopis.or.kr/upload/pfmPoster/PF_PF298750_260818_155449.jpg","PF298750"
"시련 [시흥]","2026.08.29","2026.08.29","리치버번 [시흥] (리치버번)","연극","강영주, 김아림, 김하나, 김해임, 백민정, 윤서진, 이소현 등","","만 12세 이상","1시간","","공연예정","http://www.kopis.or.kr/upload/pfmPoster/PF_PF298748_260818_155044.png","PF298748"
"클로저 [대학로]","2026.09.15","2026.12.06","예스24 스테이지(구. DCF대명문화공장) (2관)","연극","오만석, 배수빈, 홍우진, 최강희, 장희진, 홍종현, 강영석 등","김지호, 손형민, 김미경 등","만 19세 이상","1시간 50분","(주)레드앤블루(구. 악어컴퍼니), (주)레드앤블루(구. 악어컴퍼니)","공연예정","http://www.kopis.or.kr/upload/pfmPoster/PF_PF298745_260818_154141.gif","PF298745"
"제26회 SPAF, 블러: 경계가 흐려질 때: PHI 스튜디오, 리버베드 시어터, 오나시스 컬쳐","2026.10.16","2026.10.17","서울문화재단 대학로극장 쿼드 (예술청) (대학로극장 쿼드 (예술청) )","연극","위신 위, 이쉬안 천, 메이춘 샹, 닝 창, 시아 즈 린, 피비 그린버그, 신치 천 등","크레이그 쿠인테로, 피버 그린버그, 쑤링 예 등","만 16세 이상","45분","(재)예술경영지원센터","공연예정","http://www.kopis.or.kr/upload/pfmPoster/PF_PF298740_260818_152510.gif","PF298740"
"제26회 SPAF, 기억의 저편","2026.10.24","2026.10.25","아르코예술극장 (소극장)","연극","말리초 바카 발렌수엘라","말리초 바카 발렌수엘라, 로사 알파로, 린도르 발렌수엘라 등","만 16세 이상","55분","","공연예정","http://www.kopis.or.kr/upload/pfmPoster/PF_PF298732_260818_150749.jpg","PF298732"
"없는극장 짓기: 없는극장과 레지던시 & 극장 밖","2026.09.05","2026.09.06","없는극장 (없는극장)","연극","김진솔, 조냇물, 차윤석, 채윤, 최현조, 강윤민지, 민재원 등","권근영, 전윤환, 이유정 등","만 14세 이상","3시간","A.N.D Theatre(앤드씨어터)","공연예정","http://www.kopis.or.kr/upload/pfmPoster/PF_PF298729_260818_145722.jpeg","PF298729"
"심판장: 괴물이 만들어지는 곳 [대학로]","2026.09.10","2026.09.13","더 씨어터 (더 씨어터)","연극","강동오, 고보은, 김은비, 김형빈, 박소원, 백현석, 유지선 등","방현식, 유지선, 신강희 등","만 13세 이상","1시간 20분","극단 연어둥지","공연예정","http://www.kopis.or.kr/upload/pfmPoster/PF_PF298718_260818_143719.jpg","PF298718"
"산울림 고전극장, 쿠쉬나메: 끝나지 않는 이야기","2026.08.27","2026.09.13","산울림소극장 (산울림소극장)","연극","","안라준, 서정완","만 13세 이상","1시간 30분","극공작소 마방진","공연예정","http://www.kopis.or.kr/upload/pfmPoster/PF_PF298717_260818_143525.jpg","PF298717"
"노이즈 (NoEase) : 잡음으로 살아내기","2026.09.03","2026.09.06","삼일로창고극장 (삼일로창고극장)","연극","최사랑, 현해주","홍선호, 김예원, 김서연 등","만 7세 이상","1시간 10분","그나그 프로젝트(GNAG Project)","공연예정","http://www.kopis.or.kr/upload/pfmPoster/PF_PF298711_260818_142359.png","PF298711"
"몽상가들 연극 페스티벌, 순환: 비우고 채우며 흐르다, 극단 이단아의 잊지 마, 숨비!","2026.08.25","2026.08.26","소극장 혜화당 (구. 까망소극장) (소극장 혜화당 (구. 까망소극장) )","연극","김도희, 이도경, 김민정, 안연우, 황소영, 이홍림","박윤성, 한애정, 송연조 등","전체 관람가","1시간 25분","극단 이단아, 몽상가들","공연중","http://www.kopis.or.kr/upload/pfmPoster/PF_PF298710_260818_142214.png","PF298710"
"제29회 서울프린지페스티벌, 그린필 (Greenpill)","2026.08.23","2026.08.23","서보아트스페이스(서보미술문화공간)[서울] (보이드 홀)","연극","지우, 김지연, 문연서, 정희원, 김난희","이원빈, 조충만, 최인수 등","전체 관람가","1시간","창작집단 난장","공연완료","http://www.kopis.or.kr/upload/pfmPoster/PF_PF298693_260818_135125.png","PF298693"
"제29회 서울 프린지 페스티벌, 상철이 엄마","2026.08.15","2026.08.15","서보아트스페이스(서보미술문화공간)[서울] (보이드 홀)","연극","한재현, 정진교, 김난희, 김준성, 성건우, 서다예","김준성, 서다예, 이예림 등","만 15세 이상","1시간","","공연완료","http://www.kopis.or.kr/upload/pfmPoster/PF_PF298684_260818_133310.jpg","PF298684"
"고아 뮤즈들","2026.08.28","2026.08.29","뜻밖의 극장(구. 해우소소극장) (뜻밖의 극장(구. 해우소소극장))","연극","이서현, 이준서, 이희원, 정수현","하서진, 유원영","만 13세 이상","1시간 30분","극단 작은곰","공연예정","http://www.kopis.or.kr/upload/pfmPoster/PF_PF298668_260818_130030.png","PF298668"
"낭독쇼케이스, Wharton","2026.09.15","2026.09.17","극장 PLOT (극장 PLOT)","연극","김영미, 문채윤, 박지민, 우서연, 장민준, 조이재, 조현재 등","김교린, 오현승, 서민경 등","만 12세 이상","1시간 20분","(주)극단 시차, (주)극단 시차","공연예정","http://www.kopis.or.kr/upload/pfmPoster/PF_PF298654_260818_122024.png","PF298654"
"제29회 서울 프린지 페스티벌, 종말의 이상","2026.08.18","2026.08.19","서보아트스페이스(서보미술문화공간)[서울] (SOUNDS)","연극","박승재","채수본, 이룰루, 김나경 등","만 15세 이상","50분","창작집단 환타지 (幻他至)","공연완료","http://www.kopis.or.kr/upload/pfmPoster/PF_PF298653_260818_121415.png","PF298653"
"나는 코다입니다 [수원]","2026.09.12","2026.09.12","경기아트센터(구. 경기도문화의전당) (소극장)","연극","장호중, 정나라, 박정섭, 이지혜","","만 7세 이상","1시간 25분","(재)경기아트센터","공연예정","http://www.kopis.or.kr/upload/pfmPoster/PF_PF298652_260818_121058.gif","PF298652"
"꽃잠: 별별수다 [춘천]","2026.09.04","2026.09.05","춘천인형극장 (대극장)","연극","","","만 8세 이상","45분","","공연예정","http://www.kopis.or.kr/upload/pfmPoster/PF_PF298651_260818_120604.png","PF298651"
"진영 깡차이 [김해]","2026.09.11","2026.09.12","김해서부문화센터 (하늬홀)","연극","박규한, 조정우, 백상희, 권혁진, 이정유, 이경민, 정지수 등","황정봉, 고재경, 이정유 등","만 7세 이상","1시간 20분","(재)김해문화재단(김해서부문화센터), 극단 이루마","공연예정","http://www.kopis.or.kr/upload/pfmPoster/PF_PF298644_260818_112603.jpg","PF298644"
"47세 김씨가 자가를 사는 법 [의정부]","2026.09.10","2026.09.12","의정부아트캠프 (CAMP BLACK (캠프블랙))","연극","유독현, 김병건, 이상숙, 이현직, 홍수민, 구태민, 이경원 등","조성현, 권나영, 김민성 등","만 11세 이상","1시간 15분","","공연예정","http://www.kopis.or.kr/upload/pfmPoster/PF_PF298612_260818_103232.gif","PF298612"
"서울 어텀 페스타, 덜미쇼: 그건 문제가 아니야","2026.10.23","2026.10.24","동네극장 (동네극장)","연극","","","전체 관람가","1시간","","공연예정","http://www.kopis.or.kr/upload/pfmPoster/PF_PF298610_260818_102711.jpg","PF298610"
"미운 아기 오리 [대구]","2026.09.02","2026.09.27","대백프라자 (레오문화홀)","연극","","","전체 관람가","35분","","공연예정","http://www.kopis.or.kr/upload/pfmPoster/PF_PF298608_260818_102457.jpg","PF298608"
"파랑새 [부산]","2026.09.12","2026.09.13","낙동아트센터 (앙상블극장)","연극","양조아, 양종욱","박지혜, 김언, 김형연 등","만 13세 이상","1시간 30분","양손프로젝트","공연예정","http://www.kopis.or.kr/upload/pfmPoster/PF_PF298605_260814_175504.jpg","PF298605"
"잽, 잽-투! [대학로]","2026.09.10","2026.09.20","연극실험실 혜화동1번지 (연극실험실 혜화동1번지)","연극","정대진, 김유리, 권창민, 최정화, 박창준, 박태환, 박재한","김서휘, 조경훈, 배준서 등","만 7세 이상","1시간 30분","극단 문지방, 극단 문지방","공연예정","http://www.kopis.or.kr/upload/pfmPoster/PF_PF298599_260814_165930.gif","PF298599"
"살아있는 이중생 각하 [대학로]","2026.08.26","2026.08.29","더 씨어터 (더 씨어터)","연극","윤혜미, 이동석, 이근우, 오정렬, 채민혁, 이재성, 허예진 등","차성욱, 김두섭, 김승규 등","만 5세 이상","1시간 30분","극단 빈도, 극단 빈도","공연예정","http://www.kopis.or.kr/upload/pfmPoster/PF_PF298595_260814_162739.gif","PF298595"
"산울림 고전극장, 헤라 아프로디테 아르테미스: 리부트","2026.09.16","2026.10.04","산울림소극장 (산울림소극장)","연극","한송희, 이주희, 김희연, 이강우, 김한빈","한송희, 이기쁨","만 16세 이상","1시간 40분","소극장 산울림(극단 산울림), 창작집단LAS","공연예정","http://www.kopis.or.kr/upload/pfmPoster/PF_PF298555_260814_135855.gif","PF298555"
"너머","2026.08.25","2026.08.25","DGT 아트센터 (DGT 아트센터)","연극","문태연","문태연","만 11세 이상","1시간 20분","독고탁컴퍼니","공연중","http://www.kopis.or.kr/upload/pfmPoster/PF_PF298553_260814_135259.gif","PF298553"
"여보 나도 할 말 있어 [평창]","2026.09.08","2026.09.08","평창문화예술회관 (대공연장)","연극","이홍렬, 우상민, 권기선, 김태향, 이윤미, 허윤","김영순","만 15세 이상","1시간 40분","극단 나는 세상, 도시문화예술","공연예정","http://www.kopis.or.kr/upload/pfmPoster/PF_PF298539_260814_130804.gif","PF298539"
"시련","2026.09.12","2026.09.13","창작플랫폼 경험과 상상 (창작플랫폼 경험과 상상)","연극","김정욱, 노현지, 박신용, 박지민, 배유진, 손하영, 윤수황 등","구본혁, 김한울, 김성현 등","만 11세 이상","1시간 20분","극단 인연(이년), 극단 인연(이년)","공연예정","http://www.kopis.or.kr/upload/pfmPoster/PF_PF298530_260814_121249.jpg","PF298530"
"아티스트 IN 과천, 부릉부릉 봄봄","2026.08.14","2026.08.14","과천시민회관 (소극장)","연극","김현호, 채지영, 강민석, 남수현","김성배, 신동일, 김혜진 등","만 13세 이상","1시간","","공연완료","http://www.kopis.or.kr/upload/pfmPoster/PF_PF298525_260814_113409.jpg","PF298525"
"의자 고치는 여인 [서울 광진]","2026.09.18","2026.09.20","나루아트센터 (대공연장)","연극","김준삼, 오주원, 진여준, 신서진, 조정민, 권설아, 왕수희 등","송현옥, 이영찬, 정진철 등","만 14세 이상","1시간 40분","옐로밤","공연예정","http://www.kopis.or.kr/upload/pfmPoster/PF_PF298524_260814_112929.gif","PF298524"
"우주 (Would U) [의정부]","2026.08.20","2026.08.22","의정부아트캠프 (CAMP BLACK (캠프블랙))","연극","이다울, 이동호, 이빛","전노민, 이예솔, 이다울 등","전체 관람가","1시간 10분","다름(DARM)","공연완료","http://www.kopis.or.kr/upload/pfmPoster/PF_PF298521_260814_112357.jpg","PF298521"
"윤봉길은 왜? 물통폭탄을 던졌을까? [예산]","2026.09.01","2026.09.02","예산문예회관 (예산문예회관)","연극","","","만 11세 이상","1시간 20분","극단 예촌","공연예정","http://www.kopis.or.kr/upload/pfmPoster/PF_PF298518_260814_111053.jpg","PF298518"
"정의의 사람들 [안산]","2026.08.22","2026.08.23","보노마루 (보노마루)","연극","우영희, 전이수, 이기훈, 박선영, 임해봄, 박성현, 김민채","오승욱, 김민채, 김민수 등","만 11세 이상","","","공연완료","http://www.kopis.or.kr/upload/pfmPoster/PF_PF298516_260814_110319.jpg","PF298516"
"월화수목금토일 [수원]","2026.09.05","2026.09.06","경기상상캠퍼스 (공간1986 멀티벙커)","연극","이지형, 문선하, 문소율, 박범수, 이철성","이철성, 이지형, 하소정 등","만 12세 이상","1시간 30분","","공연예정","http://www.kopis.or.kr/upload/pfmPoster/PF_PF298514_260814_105909.png","PF298514"
"구미아시아연극제, 발자국/발자취","2026.09.10","2026.09.11","소극장 공터 다 (소극장 공터 다)","연극","마츠이 마사토, 카즈요시, 카와모토 마리나, 히라바야시 모모코, 에라 이쿠토, 카와이 노조미, 이마즈 토모야","카노메 유키, 마츠이 구미, 에라 이쿠토 등","만 7세 이상","1시간","","공연예정","http://www.kopis.or.kr/upload/pfmPoster/PF_PF298503_260814_102613.jpg","PF298503"
"유리동물원 [서울 서초]","2026.10.17","2026.11.22","예술의전당 [서울] (CJ 토월극장)","연극","김성령, 최정원, 정운선, 정새별, 임세미, 장승조, 권세인 등","신유정, 황정원, 김진숙 등","만 7세 이상","2시간","예술의전당, 예술의전당","공연예정","http://www.kopis.or.kr/upload/pfmPoster/PF_PF298502_260814_102324.gif","PF298502"
"나잇나잇 (NIGHT NIGHT) [대학로 (앵콜) ]","2026.09.02","2026.09.06","소극장 플랫폼74 (소극장 플랫폼74)","연극","김다다, 김세영, 김철영, 노현수, 백윤서, 서완실, 손종복 등","우여진, 한승훈, 예민현 등","만 13세 이상","1시간 50분","극단 휴즈, 극단 휴즈","공연예정","http://www.kopis.or.kr/upload/pfmPoster/PF_PF298493_260813_161841.gif","PF298493"
"종로 가족공연축제, 일장일딴 컬렉션","2026.10.16","2026.10.18","종로아이들극장 (종로아이들극장)","연극","이대열","이대열, 이원흥 등","36개월 이상","55분","(재)종로문화재단, 일장일딴컴퍼니","공연예정","http://www.kopis.or.kr/upload/pfmPoster/PF_PF298492_260813_161013.gif","PF298492"
"솔리튜드 월 (SOLITUDE WALL) [부산]","2026.08.26","2026.08.29","백양문화예술회관 (공연장)","연극","강승환, 김경훈, 김기주, 박우일, 장시현, 장재영, 정다운","김선권, 김수진, 최현우 등","만 7세 이상","1시간","(재) 부산진문화재단, (재) 부산진문화재단(백양문화예술회관)","공연예정","http://www.kopis.or.kr/upload/pfmPoster/PF_PF298481_260813_154327.png","PF298481"
"김시라의 품바: Original [고령]","2026.11.15","2026.11.15","경북고령대가야문화누리 (구. 대가야국악당) (대공연장 (우륵홀) )","연극","오정석, 이시찬","최민선, 김시라, 최성봉 등","만 7세 이상","1시간 40분","(주)좋은콘서트, 굿초이스","공연예정","http://www.kopis.or.kr/upload/pfmPoster/PF_PF298474_260813_151514.jpg","PF298474"
"종로 가족공연축제, 저승할망","2026.10.23","2026.10.25","종로아이들극장 (종로아이들극장)","연극","김채원, 은빛나래, 서율, 김민수, 박두희, 윤민형, 이선호 등","최은정, 정진우, 한승훈 등","36개월 이상","1시간 5분","(재)종로문화재단, 이야기기획단 시작과 끝","공연예정","http://www.kopis.or.kr/upload/pfmPoster/PF_PF298470_260813_151004.gif","PF298470"
"드립 라이프 [인천 중구]","2026.08.22","2026.08.23","인천여관1965 (인천여관1965)","연극","장준혁, 홍지혜","","만 15세 이상","1시간","","공연완료","http://www.kopis.or.kr/upload/pfmPoster/PF_PF298467_260813_150306.jpg","PF298467"
"그립고 아름다운 내 별나라로 갈 수 있… 을걸?!","2026.09.12","2026.09.13","극장 PLOT (극장 PLOT)","연극","김윤오, 박주아, 신소원","김다은, 박은지, 이형욱 등","만 14세 이상","1시간 20분","극단 주의(theatralism)","공연예정","http://www.kopis.or.kr/upload/pfmPoster/PF_PF298464_260813_145555.jpg","PF298464"
"너는 죽어야 완성돼","2026.09.09","2026.09.13","소극장 공유 (소극장 공유)","연극","강성욱, 공찬영, 김소현, 김해리, 김호창, 손슬기, 오강우 등","이민수, 박하은, 김보근 등","만 15세 이상","1시간 20분","극단 백의","공연예정","http://www.kopis.or.kr/upload/pfmPoster/PF_PF298449_260813_141938.gif","PF298449"
"사랑을 이루어 드립니다 [부산]","2026.10.01","2026.12.27","가온아트홀 [부산] (1관)","연극","","","만 15세 이상","1시간 20분","극단 해프닝","공연예정","http://www.kopis.or.kr/upload/pfmPoster/PF_PF298445_260813_141357.jpg","PF298445"
"종로 가족공연축제, 꼬마장승 가출기","2026.10.30","2026.11.01","종로아이들극장 (종로아이들극장)","연극","김지웅, 최태익, 신은경, 양우진","이새로미, 김지웅, 윤정열 등","36개월 이상","50분","(재)종로문화재단, 극단 마루한","공연예정","http://www.kopis.or.kr/upload/pfmPoster/PF_PF298438_260813_140040.gif","PF298438"
"멈춰라 맥베스","2026.08.28","2026.08.28","서울문화예술교육센터 강북 (예술당솔샘(2F))","연극","김나은, 박가령, 장래산, 한수경","고태현, 공하민 등","만 13세 이상","1시간 15분","","공연예정","http://www.kopis.or.kr/upload/pfmPoster/PF_PF298436_260813_135003.png","PF298436"
"유츄프라카치아","2026.10.02","2026.10.18","비유아트홀(구. 효천아트센터 그라운드씬) (비유아트홀(구. 효천아트센터 그라운드씬))","연극","신경혜, 김혜강, 김경란, 권슬아, 손수아, 강림, 김민지 등","김혜영, 신경혜, 이미혜 등","만 8세 이상","1시간 50분","극단 비유, 극단 비유","공연예정","http://www.kopis.or.kr/upload/pfmPoster/PF_PF298435_260813_134741.gif","PF298435"
"만리향 [부산]","2026.09.02","2026.09.05","일터 소극장 (일터 소극장)","연극","우명희, 윤준기, 김현진, 박문현, 백상희, 김아람","오정국, 반필우, 김민주 등","만 13세 이상","1시간 30분","","공연예정","http://www.kopis.or.kr/upload/pfmPoster/PF_PF298433_260813_134706.jpg","PF298433"
"제12회 여름 체홉 축전, 일병 이윤근","2026.09.03","2026.09.06","안똔체홉극장 (안똔체홉극장)","연극","김재현, 정승현, 정석휘, 권혁재, 이민준, 이정수, 최재호 등","장경욱, 맹지희, 곽한나 등","만 13세 이상","1시간 15분","극단 천지, 극단 천지","공연예정","http://www.kopis.or.kr/upload/pfmPoster/PF_PF298420_260813_131552.gif","PF298420"
"미호제작소 사계절여행연극시리즈 #가을: 묘시의 알베르게","2026.09.11","2026.09.19","성북마을극장 (성북마을극장)","연극","김연수, 한라엘, 문진호, 서현민","한은혜, 정영진, 원지훈 등","만 15세 이상","1시간","미호제작소(Meeho Works)","공연예정","http://www.kopis.or.kr/upload/pfmPoster/PF_PF298405_260813_124132.gif","PF298405"
"보통의 택시","2026.09.09","2026.09.13","뜻밖의 극장(구. 해우소소극장) (뜻밖의 극장(구. 해우소소극장))","연극","김윤희, 정성준, 황진솔, 최예나, 최수빈, 신서윤","고영민, 김형준, 김태하 등","만 14세 이상","1시간 30분","극단2407","공연예정","http://www.kopis.or.kr/upload/pfmPoster/PF_PF298401_260813_122013.gif","PF298401"
"종로 가족공연축제, 하얀나라","2026.10.09","2026.10.11","종로아이들극장 (종로아이들극장)","연극","박선민, 송정수, 서현진","경민선, 조현산, 류지연 등","36개월 이상","45분","(재)종로문화재단, 예술무대산","공연예정","http://www.kopis.or.kr/upload/pfmPoster/PF_PF298395_260813_113303.gif","PF298395"
"나와 할아버지 [대학로]","2026.09.11","2026.11.29","예스24아트원(구.대학로아트원씨어터) (3관)","연극","김승욱, 오용, 양경원, 신현수, 표지훈, 이상준, 유지연 등","민준호, 안혁원, 조승현 등","만 10세 이상","1시간 40분","(주)창작하는 공간, (주)창작하는 공간, 공연배달서비스간다, 공연배달서비스간다","공연예정","http://www.kopis.or.kr/upload/pfmPoster/PF_PF298385_260813_110610.gif","PF298385"
"낡은 우산 [안산]","2026.09.11","2026.09.12","보노마루 (보노마루)","연극","성정선, 배진환, 한지은, 이동건","김연화, 김소권, 김민혜 등","만 8세 이상","1시간 30분","창작날개 연","공연예정","http://www.kopis.or.kr/upload/pfmPoster/PF_PF298365_260813_101436.gif","PF298365"
"친정엄마와 2박 3일 [전주]","2026.10.17","2026.10.17","한국소리문화의전당 (모악당)","연극","강부자, 윤유선, 유정기, 김남진, 이요성, 김찬훈, 김민지","박준식, 한재권, 김선희 등","만 7세 이상","1시간 50분","(주)아이스타미디어, (학)우석학원, 한국소리문화의전당","공연예정","http://www.kopis.or.kr/upload/pfmPoster/PF_PF298338_260812_133918.gif","PF298338"
"그대 내 곁에 [전주]","2026.09.11","2026.09.27","한해랑아트홀 (한해랑아트홀)","연극","","","만 8세 이상","1시간 30분","한해랑아트홀(극단 한해랑), 한해랑아트홀(극단 한해랑)","공연예정","http://www.kopis.or.kr/upload/pfmPoster/PF_PF298336_260812_133725.jpg","PF298336"
"창작ing, 고쳐서 나가는 곳","2026.09.07","2026.09.20","국립정동극장 세실 (구.세실극장) (국립정동극장 세실 (구.세실극장))","연극","심소영, 임윤진, 김유민, 오하조, 정제이, 문경태, 문진식","박주영, 남경식, 김주슬기 등","만 12세 이상","1시간 40분","(재)국립정동극장, 기지","공연예정","http://www.kopis.or.kr/upload/pfmPoster/PF_PF298328_260812_131727.gif","PF298328"
"죽여주는 이야기 [대전]","2026.09.04","2026.10.25","런던스테이지 [대전 중구] (런던스테이지(2F))","연극","","","만 7세 이상","1시간 30분","","공연예정","http://www.kopis.or.kr/upload/pfmPoster/PF_PF298325_260812_130612.jpg","PF298325"
"제29회 서울프린지페스티벌, 별의, 자리","2026.08.12","2026.08.13","미진플로어 (미진플로어)","연극","김민채","김민채, 황유선","만 13세 이상","45분","민사이드","공연완료","http://www.kopis.or.kr/upload/pfmPoster/PF_PF298315_260812_112909.jpg","PF298315"
"벚꽃동산 [인천 미추홀]","2026.09.18","2026.09.19","문학시어터 (문학시어터)","연극","김나진, 김단경, 김수아, 김지원, 문예주, 문일수, 민병욱 등","문삼화, 배선애, 김나리 등","만 13세 이상","1시간 40분","어처구니 프로젝트","공연예정","http://www.kopis.or.kr/upload/pfmPoster/PF_PF298310_260812_112016.jpg","PF298310"
"말린 고추와 복숭아향 립스틱","2026.10.02","2026.10.25","마포아트센터 (플레이맥)","연극","김솔지, 남재국, 류세일, 박은경","서동민, 김지혜, 김동영 등","만 13세 이상","1시간 50분","(재)마포문화재단(마포아트센터), (재)마포문화재단(마포아트센터), 공놀이클럽","공연예정","http://www.kopis.or.kr/upload/pfmPoster/PF_PF298307_260812_111213.gif","PF298307"
"제6회 짧은 대본 페스티벌","2026.08.27","2026.08.30","소극장 플랫폼74 (소극장 플랫폼74)","연극","김재훈, 최희수, 김율, 김다은, 안성찬, 안창복, 전송희 등","한세진, 하이경, 허윤 등","전체 관람가","1시간 20분","극단 예인, 극단 집단독백, 산초네까사, 파라다이스 프로젝트, 파라다이스 프로젝트","공연예정","http://www.kopis.or.kr/upload/pfmPoster/PF_PF298299_260812_105442.gif","PF298299"
"너 없이","2026.09.09","2026.10.04","공간아울 (공간아울)","연극","김명수, 이주원, 신정근, 김동현, 이칸희, 한예주, 안연주 등","임창빈, 이소은, 최영민 등","만 13세 이상","1시간 40분","극단 고리","공연예정","http://www.kopis.or.kr/upload/pfmPoster/PF_PF298290_260812_103300.gif","PF298290"
"스타크로스드 [대학로]","2026.09.22","2026.12.13","예스24아트원(구.대학로아트원씨어터) (2관)","연극","정동화, 박정복, 양지원, 김경수, 김찬호, 신주협, 정상윤 등","박준영, 김희은, 최영은 등","만 16세 이상","1시간 50분","해븐프로덕션, 해븐프로덕션","공연예정","http://www.kopis.or.kr/upload/pfmPoster/PF_PF298289_260812_103259.jpg","PF298289"
"그놈은 예뻤다 [금산]","2026.08.28","2026.08.28","금산다락원 생명의집 (대공연장)","연극","정태호, 김대성, 송영길, 심정은, 황혜선, 유영우","","만 11세 이상","1시간 30분","금산다락원","공연예정","http://www.kopis.or.kr/upload/pfmPoster/PF_PF298281_260812_100821.jpg","PF298281"
"띠띠~~씽!! 12동물! [철원]","2026.08.12","2026.08.12","철원군 화강문화센터 (공연장)","연극","","","만 3세 이상","1시간","","공연완료","http://www.kopis.or.kr/upload/pfmPoster/PF_PF298273_260811_162648.png","PF298273"
"최고네 [무안]","2026.08.22","2026.08.22","남도소리울림터 (남도소리울림터)","연극","임대성, 이건영, 하진솔, 임형록, 안영제, 진상우, 문관수 등","김선종, 임강환, 지이화 등","24개월 이상","1시간 20분","극단 갯돌","공연완료","http://www.kopis.or.kr/upload/pfmPoster/PF_PF298253_260811_143314.jpg","PF298253"
"내 모든 걸 [무안]","2026.08.29","2026.08.29","남도소리울림터 (남도소리울림터)","연극","김기정, 한이연, 김형일, 황영준, 서태이, 서율","안세빈, 이은지, 박정권 등","만 7세 이상","1시간 30분","이연컴퍼니, 이연컴퍼니","공연예정","http://www.kopis.or.kr/upload/pfmPoster/PF_PF298251_260811_142434.jpg","PF298251"
"추녀금강전","2026.09.03","2026.09.06","청년예술청 SAPY (그레이룸)","연극","남선희, 박은성, 박지수, 박현, 서원일, 유소연, 조윤수","김은우, 최은빈, 김지우 등","만 13세 이상","1시간 30분","","공연예정","http://www.kopis.or.kr/upload/pfmPoster/PF_PF298233_260811_134327.jpg","PF298233"
"제11회 여성 연극제 작가전, 당신의 쓰고 쓴","2026.09.02","2026.09.06","드림시어터 [대학로] (소극장)","연극","정세라, 이지혜, 정나진, 최서이, 조민교, 곽정화","최민영, 전혜린, 김태엽 등","만 15세 이상","1시간 30분","극단 우주파, 민영사단, 한국여성연극협회","공연예정","http://www.kopis.or.kr/upload/pfmPoster/PF_PF298229_260811_133611.gif","PF298229"
"제98회 인천시립극단 정기공연: 배: 웅","2026.09.12","2026.09.20","인천문화예술회관 (소공연장)","연극","김세경, 김태훈, 최재민, 황혜원, 강주희, 최진영, 이지향","최재성, 김혜지, 홍문화 등","만 7세 이상","1시간 30분","(주)엔엔터테인먼트, 인천시립극단","공연예정","http://www.kopis.or.kr/upload/pfmPoster/PF_PF298222_260811_132054.gif","PF298222"
"봄날의 로맨스 [대학로]","2026.08.26","2026.08.30","R&J씨어터(구. 연진아트홀) (R&J씨어터(구. 연진아트홀))","연극","이학준, 정상훈, 박지은, 조효진, 이재창, 조성빈, 박다은 등","이진호, 이수영","만 11세 이상","1시간 40분","극단 도란도란, 극단 도란도란","공연예정","http://www.kopis.or.kr/upload/pfmPoster/PF_PF298202_260811_112628.jpg","PF298202"
"즐거운 나의 집","2026.09.09","2026.09.13","성균소극장 (성균소극장)","연극","김성엽, 선경준, 양재현, 윤명근, 김린, 반수현, 서앙현 등","김린, 김나현, 최선영 등","만 13세 이상","1시간 30분","","공연예정","http://www.kopis.or.kr/upload/pfmPoster/PF_PF298201_260811_112424.jpg","PF298201"
"남사친 여사친 [예산]","2026.08.22","2026.08.22","예산문예회관 (예산문예회관)","연극","","","만 7세 이상","1시간 30분","","공연완료","http://www.kopis.or.kr/upload/pfmPoster/PF_PF298199_260811_111831.jpeg","PF298199"
"보물찾기 [아산]","2026.10.31","2026.10.31","아산시 평생학습관(아산아트홀) (아산아트홀(아산시평생학습관))","연극","","","전체 관람가","1시간 30분","(주)DPS컴퍼니(DPS Company)","공연예정","http://www.kopis.or.kr/upload/pfmPoster/PF_PF298196_260811_111427.jpg","PF298196"
"구미아시아연극제, 쓰레기장의 마법사","2026.09.01","2026.09.02","소극장 공터 다 (소극장 공터 다)","연극","권진솔, 양희창","권진솔, 장지숙, 김혜경 등","전체 관람가","50분","구미시","공연예정","http://www.kopis.or.kr/upload/pfmPoster/PF_PF298194_260811_111022.jpg","PF298194"
"좋아하고있어 [부산]","2026.08.24","2026.08.30","공간소극장 [대연역] (공간소극장 [대연역] )","연극","오연희, 이나영, 한예주","황나영, 박준영, 전상배 등","전체 관람가","1시간 30분","","공연중","http://www.kopis.or.kr/upload/pfmPoster/PF_PF298193_260811_110918.jpg","PF298193"
"아나크론: 맥 [춘천]","2026.08.21","2026.08.22","춘천시공연예술창업지원센터 (스테이지3035)","연극","김상각, 엄태호, 최영은 등","헬텀, 김상각, 전의준 등","만 9세 이상","1시간","문화예술굼터 뽱(FFWANG)","공연완료","http://www.kopis.or.kr/upload/pfmPoster/PF_PF298192_260811_110516.png","PF298192"
"리시스트라타 리부트","2026.09.17","2026.09.20","연희예술극장 (연희예술극장)","연극","박주희, 남우희, 정은주, 김동욱, 정경희, 여동현, 박효경 등","이상명, 박채희, 이지은 등","만 14세 이상","1시간 20분","리즈컴퍼니, 오디세이 프로젝트","공연예정","http://www.kopis.or.kr/upload/pfmPoster/PF_PF298189_260811_105904.gif","PF298189"
"제3회 심야N 연극제, 방공호","2026.09.08","2026.09.13","나인진홀 (구.청년극장) (나인진홀 1관)","연극","정이든, 서민아, 허서혁, 박형욱, 윤다예, 김서영","김예주, 고영민, 김형준 등","만 14세 이상","1시간 10분","(주) 나인진엔터테인먼트, 2407","공연예정","http://www.kopis.or.kr/upload/pfmPoster/PF_PF298187_260811_105557.gif","PF298187"
"경남 문화예술주간 거제 공연, 아빠들의 소꿉놀이 [거제]","2026.10.17","2026.10.17","거제문화예술회관 (소극장)","연극","한재호, 김진홍, 김현수, 천예서","송대영, 진애숙, 최미령 등","만 7세 이상","1시간 40분","","공연예정","http://www.kopis.or.kr/upload/pfmPoster/PF_PF298178_260811_103946.jpg","PF298178"
"수상한 흥신소 [부산]","2026.09.11","2026.09.11","을숙도문화회관 (대공연장)","연극","","","만 13세 이상","1시간 40분","","공연예정","http://www.kopis.or.kr/upload/pfmPoster/PF_PF298177_260811_103946.jpg","PF298177"
"김시라의 품바: Original [담양]","2026.10.24","2026.10.24","담양문화회관 (대공연장)","연극","오종석, 이시찬","최민선, 김시라, 최성봉 등","만 7세 이상","1시간 40분","(주)좋은콘서트","공연예정","http://www.kopis.or.kr/upload/pfmPoster/PF_PF298169_260811_102214.jpg","PF298169"
"환상공간 [서천]","2026.09.09","2026.09.09","기벌포복합문화센터 (공연장)","연극","","","36개월 이상","1시간 10분","창작집단 싹","공연예정","http://www.kopis.or.kr/upload/pfmPoster/PF_PF298150_260810_163151.jpg","PF298150"
"오늘부터 맑음 [전주]","2026.08.15","2026.10.31","김영오 아트센터 (김영오 아트센터)","연극","홍정은, 진시라, 정윤경 등","정찬호, 조은아, 정준경 등","만 7세 이상","1시간 5분","김영오공연예술기획, 김영오공연예술기획","공연중","http://www.kopis.or.kr/upload/pfmPoster/PF_PF298146_260810_161148.jpg","PF298146"
"제29회 서울 프린지 페스티벌, 염전","2026.08.16","2026.08.16","유영공간 (유영공간)","연극","구정연, 김영옥","구정연, 최나현","전체 관람가","40분","","공연완료","http://www.kopis.or.kr/upload/pfmPoster/PF_PF298144_260810_160336.jpg","PF298144"
"딜리버리 [오산]","2026.09.05","2026.09.05","오산문화예술회관 (소공연장)","연극","전기우, 공소영, 김부연, 노명환","","만 8세 이상","1시간 30분","(재)오산문화재단","공연예정","http://www.kopis.or.kr/upload/pfmPoster/PF_PF298143_260810_155842.gif","PF298143"
"안녕! B612: 어린왕자 [광주]","2026.09.12","2026.09.12","광주서구문화센터 (광주서구문화센터)","연극","은빛나래, 이희성, 김거성, 이슬비, 이진희, 김지현, 최미선 등","박성민, 이진희, 김연화 등","48개월 이상","1시간 15분","하랑씨어터","공연예정","http://www.kopis.or.kr/upload/pfmPoster/PF_PF298141_260810_154548.gif","PF298141"
"나는 선인이다","2026.09.09","2026.09.10","극장 PLOT (극장 PLOT)","연극","박시하, 신호수, 윤상민, 박지은, 김재아, 황예슬, 주유진 등","김남우, 정민주, 김혜원 등","만 7세 이상","1시간 10분","극단 광대","공연예정","http://www.kopis.or.kr/upload/pfmPoster/PF_PF298140_260810_154255.jpg","PF298140"
"제3회 심야N 연극제, 여행의 지도","2026.09.16","2026.09.20","나인진홀 (구.청년극장) (나인진홀 1관)","연극","문유란, 이태현","노이슬, 성호석, 원성준 등","만 15세 이상","1시간 15분","에이엔컴퍼니(AYEN Company)","공연예정","http://www.kopis.or.kr/upload/pfmPoster/PF_PF298139_260810_154252.gif","PF298139"
"안티-오이디푸스 [대학로]","2026.08.15","2026.08.16","비유아트홀(구. 효천아트센터 그라운드씬) (비유아트홀(구. 효천아트센터 그라운드씬))","연극","장하준, 김민혁, 박원빈, 차성규, 윤동주, 정지인, 김지연 등","김나연, 장서현, 이예지 등","만 13세 이상","1시간 5분","101씨어터","공연완료","http://www.kopis.or.kr/upload/pfmPoster/PF_PF298137_260810_153438.jpg","PF298137"
"제12회 여름체홉축전, 호밀밭의 파수꾼","2026.08.13","2026.08.16","안똔체홉극장 (안똔체홉극장)","연극","정연주, 박인옥, 윤정아, 박하린, 민사빈, 윤한아","김세환, 정연주, 곽두환 등","만 13세 이상","1시간 40분","극단 어느날, 극단 어느날","공연완료","http://www.kopis.or.kr/upload/pfmPoster/PF_PF298136_260810_153429.gif","PF298136"
"안녕, 잠 [인천]","2026.09.12","2026.09.12","부평아트센터 (갤러리꽃누리 )","연극","","김지수, 방하윤, 김민섭 등","36개월 이상","1시간","(재)인천광역시 부평구문화재단(부평아트센터), 포밍부스(FORMING BOOTH)","공연예정","http://www.kopis.or.kr/upload/pfmPoster/PF_PF298133_260810_152623.gif","PF298133"
"제29회 서울프린지페스티벌: 균형, 삶을 잇다","2026.08.11","2026.08.12","온수공간 (온수공간)","연극","김수지, 김민서, 김은별, 김창민, 박정민, 이해원, 장우태","김수지, 김민서, 김은별 등","만 15세 이상","1시간 30분","프로젝트 뭐뭐","공연완료","http://www.kopis.or.kr/upload/pfmPoster/PF_PF298130_260810_152219.jpg","PF298130"
"제14회 대전청년유니브연극제, 멍킷리스트","2026.08.22","2026.08.22","드림아트홀 [대전] (드림아트홀 [대전] )","연극","강희수, 권다미, 박창욱, 이서진, 최정윤","박연주, 이비안, 이승남 등","만 11세 이상","1시간 20분","극단 피안, 따뜻한세상 사회적협동조합","공연완료","http://www.kopis.or.kr/upload/pfmPoster/PF_PF298127_260810_150725.png","PF298127"
"시간을 파는 상점 [강진]","2026.09.12","2026.09.12","강진아트홀 (대공연장)","연극","","정진국, 김진아","만 7세 이상","1시간 20분","파랑컴퍼니","공연예정","http://www.kopis.or.kr/upload/pfmPoster/PF_PF298111_260810_143834.jpg","PF298111"
"해송의 시간","2026.08.20","2026.08.23","소극장 플랫폼74 (소극장 플랫폼74)","연극","김민성, 김한울, 이정민, 인수빈, 이지윤, 임연우, 정영서 등","박성재, 김민재, 김소망 등","만 12세 이상","1시간 30분","액틀라스(ACTLAS)","공연완료","http://www.kopis.or.kr/upload/pfmPoster/PF_PF298109_260810_143450.jpg","PF298109"
"가정식 백반 맛있게 먹는 법 [제주]","2026.09.10","2026.09.23","세이레아트센터 (세이레아트센터)","연극","김시혁, 강바다","정민자, 강상훈, 강경호 등","전체 관람가","1시간 20분","극단 세이레, 세이레아트센터","공연예정","http://www.kopis.or.kr/upload/pfmPoster/PF_PF298108_260810_143256.gif","PF298108"
"산을 내려가다가 [대학로]","2026.09.10","2026.09.13","안똔체홉극장 (안똔체홉극장)","연극","정원중, 주유랑, 손니나, 김혜원, 민경록, 노창선, 김용석","황두진","만 15세 이상","1시간 40분","극단 마루에, 극단 마루에","공연예정","http://www.kopis.or.kr/upload/pfmPoster/PF_PF298099_260810_141447.png","PF298099"
"달빛수리점","2026.08.28","2026.08.30","창작공간 BBB (창작공간 BBB)","연극","태항호, 김사희, 이채원, 정현호, 김낙연, 윤선아","황배진, 박종문, 한원경 등","만 10세 이상","1시간 20분","바이브컬처, 바이브컬처","공연예정","http://www.kopis.or.kr/upload/pfmPoster/PF_PF298092_260810_135928.gif","PF298092"
"넘어_지기 프로젝트: 퀴어한 퀴어","2026.08.20","2026.08.22","북극곰소극장 (북극곰소극장)","연극","강주연, 고보민, 곽민아, 김민정, 김서연, 김자령, 김지원 등","박예원, 유지윤, 이고은 등","만 13세 이상","1시간 40분","","공연완료","http://www.kopis.or.kr/upload/pfmPoster/PF_PF298079_260810_133153.jpeg","PF298079"
"나는 이따금 여름이 그리울 때 보일러를 켜 [인천]","2026.09.03","2026.09.05","문학시어터 (문학시어터)","연극","윤상영, 한성현, 유주리, 이대관, 이유진, 성희주","최규화, 신승렬, 윤해인 등","전체 관람가","1시간 20분","극단 메타포","공연예정","http://www.kopis.or.kr/upload/pfmPoster/PF_PF298071_260811_172555.jpg","PF298071"
"그곳에 있었다 [대학로]","2026.10.28","2026.11.01","업스테이지 (UP Stage) (업스테이지 (UP Stage) )","연극","","진종현, 박종훈","만 13세 이상","1시간 10분","위로컴퍼니, 위로컴퍼니, 위로팩토리","공연예정","http://www.kopis.or.kr/upload/pfmPoster/PF_PF298065_260810_130336.png","PF298065"
"제4회 창작소극장 IN 대학연극제 [전주]","2026.08.21","2026.09.06","창작소극장 (창작소극장)","연극","백준현, 박재아, 유성희, 안재현, 유인선, 김단아, 김가현 등","김묘진, 유인선, 이가람 등","만 11세 이상","1시간 10분","창작소극장","공연중","http://www.kopis.or.kr/upload/pfmPoster/PF_PF298053_260819_152840.gif","PF298053"
"소요유: 아름다운 여행을 시작하는 생전 장례식 콘서트 [대학로]","2026.09.04","2026.09.20","대학로 스카이씨어터 (2관(5층 구 JK아트홀))","연극","김소년, 권이서, 김성주, 박헌일","김태린, 이황의, 강재홍 등","만 8세 이상","1시간 30분","(주)콘텐츠컬쳐플레이스, 엘피 스토리(LP STORY), 엘피 스토리(LP STORY)","공연예정","http://www.kopis.or.kr/upload/pfmPoster/PF_PF298045_260810_112925.gif","PF298045"
"그날, 그녀는 불꽃이 되었다. 윤형숙 열사 [여수]","2026.08.15","2026.08.16","여수시민회관 (대공연장)","연극","","강남진 등","만 7세 이상","1시간 10분","극단 예술마당","공연완료","http://www.kopis.or.kr/upload/pfmPoster/PF_PF298028_260810_105535.png","PF298028"
"그 사건 (The Events)","2026.09.03","2026.09.13","서강대 메리홀 (소극장)","연극","문혜주, 원덕현, 송태환, 장문희, 김유진, 임채영","문혜주, 김록원, 주용필 등","만 13세 이상","1시간 40분","극단 예모리, 극단 잔다리, 극단 잔다리","공연예정","http://www.kopis.or.kr/upload/pfmPoster/PF_PF298025_260810_104648.gif","PF298025"
"여보 나도 할 말 있어 [제주 서귀포]","2026.08.29","2026.08.29","서귀포예술의전당 (대극장)","연극","이홍렬, 우상민, 권기선, 김태향, 이윤미, 허윤","김영순, 이수민, 정기준 등","만 15세 이상","1시간 40분","극단 나는 세상","공연예정","http://www.kopis.or.kr/upload/pfmPoster/PF_PF298010_260807_161914.jpg","PF298010"
"노인 박멸","2026.08.26","2026.09.06","미아리고개예술극장(구. 미아리예술극장) (미아리고개예술극장(구. 미아리예술극장))","연극","김보경, 김언이, 김정회, 배성우, 유아진, 이명열, 이슬기 등","김수정, 김혜린, 서의석 등","만 13세 이상","2시간","극단 신세계(구. 창작집단 툭), 극단 신세계(구. 창작집단 툭)","공연예정","http://www.kopis.or.kr/upload/pfmPoster/PF_PF298006_260807_155138.gif","PF298006"
"서울 변방 연극제, 영원한 노동","2026.09.18","2026.09.20","서강대 메리홀 (소극장)","연극","안도 토모코, 이노우에 토루, 코야마 가오루코, 사이토 다카후미, 정아미, 미카지리 케이고, 메그 닌자","장치, 하세가와 요시로, 이노우에 토루 등","만 7세 이상","2시간","올타(OLTA), 주식회사 코스타","공연예정","http://www.kopis.or.kr/upload/pfmPoster/PF_PF298004_260807_153825.gif","PF298004"
"연평연가: 연평도의 바람이 전하는 사람들의 이야기 [인천 (앵콜) ]","2026.09.03","2026.09.05","인천학생교육문화회관 (싸리재홀(대공연장))","연극","박진성, 엄태준, 이은설, 정하늘, 박혜림, 박윤, 김재환 등","강태경, 진정하, 성희선 등","만 9세 이상","1시간 40분","예술나루, 플레이노드(PLAYNODE)","공연예정","http://www.kopis.or.kr/upload/pfmPoster/PF_PF298003_260807_153106.gif","PF298003"
"연애불능","2026.08.28","2026.08.30","인터미션 [홍대] (인터미션 [홍대])","연극","최노아, 전희유, 천서연, 조소미, 김경탁","한예지, 최노아, 전희유 등","만 19세 이상","1시간","프로젝트 랑데부","공연예정","http://www.kopis.or.kr/upload/pfmPoster/PF_PF298002_260807_152105.png","PF298002"
"과수원 삼형제 [대학로]","2026.08.19","2026.08.23","동숭무대소극장 (동숭무대소극장)","연극","여동윤, 맹준열, 정춘식, 전성열, 유리윤, 이지안, 김은비 등","박민규, 정유나, 안태규 등","만 11세 이상","1시간 30분","나는프로덕션, 나는프로덕션, 플레이규컴퍼니(PLAY GYU COMPANY)","공연완료","http://www.kopis.or.kr/upload/pfmPoster/PF_PF298001_260807_151059.gif","PF298001"
"서울 변방 연극제: 없어지고, 있는 것들, 아주 느리게, 부딪히기","2026.09.04","2026.09.06","창작공간 BBB (창작공간 BBB)","연극","박초원, 임예주, 허성욱","허성욱, 이시안, 김세현 등","만 7세 이상","1시간 10분","주식회사 코스타","공연예정","http://www.kopis.or.kr/upload/pfmPoster/PF_PF297996_260807_145235.gif","PF297996"
"꽃의 비밀 [대학로]","2026.09.12","2026.11.29","링크아트센터 (벅스홀)","연극","정경순, 성지루, 추귀정, 정웅인, 황석정, 유선, 박하선 등","장진, 이엄지, 나한수 등","만 13세 이상","2시간","(주)트위스트1971공연제작소, (주)파크컴퍼니, (주)파크컴퍼니, 장차","공연예정","http://www.kopis.or.kr/upload/pfmPoster/PF_PF297978_260807_141003.gif","PF297978"
"쿼드, 연극의 질문들: 김광보, 옥상 밭 고추는 왜","2026.09.19","2026.10.04","서울문화재단 대학로극장 쿼드 (예술청) (대학로극장 쿼드 (예술청) )","연극","장석환, 김시영, 정홍구, 고수희, 박상종, 송철호, 최나라 등","김광보, 박상봉, 김문숙 등","만 13세 이상","1시간 30분","대학로극장 쿼드","공연예정","http://www.kopis.or.kr/upload/pfmPoster/PF_PF297976_260807_140307.gif","PF297976"
"더 서클","2026.09.04","2026.09.20","다케이씨어터 (구. 창조소극장)  (다케이씨어터 (구. 창조소극장) )","연극","노지훈, 정재욱, 한재원, 강유희, 이다은, 이서윤, 조하연 등","윤예준, 박재윤, 최해나 등","만 15세 이상","1시간 30분","극단 여류, 프로젝트 야생마","공연예정","http://www.kopis.or.kr/upload/pfmPoster/PF_PF297970_260807_135254.jpg","PF297970"
"사의 찬미: 마음의 자취","2026.08.20","2026.08.23","비유아트홀(구. 효천아트센터 그라운드씬) (비유아트홀(구. 효천아트센터 그라운드씬))","연극","박소정, 한경온, 이도윤, 노응현, 강민서, 민서안, 이승원 등","박민정, 박지훈, 박은정 등","만 12세 이상","2시간","극단 은산","공연완료","http://www.kopis.or.kr/upload/pfmPoster/PF_PF297968_260807_134729.gif","PF297968"
"프리즌 [천안]","2026.12.24","2026.12.26","천안예술의전당 (소공연장)","연극","하준석 등","박형철, 정진우, 하준석 등","만 7세 이상","1시간 30분","(주)극단가게, (주)극단가게","공연예정","http://www.kopis.or.kr/upload/pfmPoster/PF_PF297965_260807_134134.gif","PF297965"
"꽃비: 우리가 피었던 계절","2026.08.12","2026.08.16","고개 소극장 (고개 소극장)","연극","이은송, 안은수, 이수미, 김민서, 강다현, 김유희, 김정현 등","권혁주, 김유희, 이은송 등","만 12세 이상","1시간 10분","극단 고개","공연완료","http://www.kopis.or.kr/upload/pfmPoster/PF_PF297963_260807_134058.gif","PF297963"
"서울변방연극제: 화산 돌 틈, 공기 물방울의 몸이 나무하는 / 침입-녀들의 자욱 따라","2026.09.11","2026.09.13","탈영역우정국 (탈영역우정국)","연극","장수미, 미리암 야콥","김성은, 마누엘라 치니나, 이유진 등","만 7세 이상","1시간 40분","주식회사 코스타","공연예정","http://www.kopis.or.kr/upload/pfmPoster/PF_PF297953_260807_132501.gif","PF297953"
"쪽빛 황혼 [안성]","2026.09.23","2026.09.23","안성맞춤아트홀 (대공연장)","연극","","","만 7세 이상","1시간 40분","(사)마당극패 우금치, 안성시 문화예술사업소","공연예정","http://www.kopis.or.kr/upload/pfmPoster/PF_PF297951_260807_131949.gif","PF297951"
"DSAC 아트 페스티벌, 달서 청년 연극제 [대구]","2026.09.05","2026.09.12","달서아트센터 (구. 웃는얼굴아트센터) (와룡홀)","연극","권윤서, 김경빈, 바소미, 배성빈, 박범진, 박보미, 박중홍 등","송호걸, 이채원, 박세향 등","만 7세 이상","","(재)달서문화재단 (웃는얼굴아트센터, 달서아트센터), 창작집단 동막","공연예정","http://www.kopis.or.kr/upload/pfmPoster/PF_PF297949_260818_173947.jpg","PF297949"
"서울변방연극제, 노래방 디플로마시 Noraebang Diplomacy","2026.09.03","2026.09.06","펀타스틱씨어터 (펀타스틱씨어터)","연극","샤이풀바리 모하마드","샤이풀바리 모하마드, 아디브 파자, 임현진 등","만 11세 이상","1시간 30분","주식회사 코스타","공연예정","http://www.kopis.or.kr/upload/pfmPoster/PF_PF297930_260807_112858.gif","PF297930"
"최고네 [광명]","2026.09.05","2026.09.05","광명시민회관 (대공연장)","연극","임대성, 이건영, 하진솔, 임형록, 안영제, 진상우, 문관수 등","김선종, 임강환, 지이화 등","만 7세 이상","1시간","극단 갯돌","공연예정","http://www.kopis.or.kr/upload/pfmPoster/PF_PF297925_260807_112115.jpg","PF297925"
"화염","2026.08.19","2026.08.23","드림시어터 [대학로] (소극장)","연극","이소혜, 황아인, 이지나, 장성원, 천승민, 한지한, 김서윤 등","황아인, 김선호, 주영남 등","만 13세 이상","2시간 15분","극단 낙인지(烙印誌)","공연완료","http://www.kopis.or.kr/upload/pfmPoster/PF_PF297906_260807_103954.png","PF297906"
"우리들의 추억 [대전]","2026.08.07","2026.08.09","쏘울브릿지 (쏘울브릿지)","연극","김소중, 조민오","서경동, 윤영식, 김용범 등","전체 관람가","","","공연완료","http://www.kopis.or.kr/upload/pfmPoster/PF_PF297903_260807_103132.png","PF297903"
"칼라릿 누낫","2026.08.20","2026.08.23","유영공간 (유영공간)","연극","김건웅, 김고윤, 변하늬, 신기현, 유소연, 홍순철","최준혁, 양희원, 조우성 등","만 13세 이상","1시간 50분","","공연완료","http://www.kopis.or.kr/upload/pfmPoster/PF_PF297902_260807_103132.jpg","PF297902"
"화랑을 기다리며 [강릉]","2026.08.29","2026.08.29","강릉단오제전수교육관 (구. 단오문화관) (공연장)","연극","김수웅, 조은진, 윤국중, 김민석, 조수행, 문서영","문혜진, 최원형, 김태윤 등","전체 관람가","1시간 10분","","공연예정","http://www.kopis.or.kr/upload/pfmPoster/PF_PF297894_260806_153219.png","PF297894"
"얼리버드","2026.08.13","2026.08.15","공간 서론 (공간 서론)","연극","서가은, 권지현, 김리은, 신승혜, 장재일, 권해원","김월, 구자윤, 최승화 등","만 7세 이상","1시간 20분","도어(door)","공연완료","http://www.kopis.or.kr/upload/pfmPoster/PF_PF297892_260806_151426.gif","PF297892"
"가족사진 [대학로]","2026.08.22","2026.08.23","제이원 씨어터 (구. 서완소극장, 구. 씨어터고리) (제이원 씨어터 (구. 서완소극장, 구. 씨어터고리) )","연극","이범준, 박수현, 강민구, 엄준용, 전영현, 조시현, 조기찬","김성진, 이윤채, 조성규 등","만 12세 이상","1시간 35분","극단 모드(MODEST Ent.), 극단 모드(MODEST Ent.)","공연완료","http://www.kopis.or.kr/upload/pfmPoster/PF_PF297891_260806_150736.gif","PF297891"
"카프카의 소송","2026.09.04","2026.09.13","서울연극창작센터 (서울씨어터 202 (5F) )","연극","구본혁, 성원, 이지선, 이상일, 김현민, 이승우, 김미령 등","임도완, 권수현, 신호 등","만 13세 이상","1시간 20분","사다리움직임연구소, 사다리움직임연구소","공연예정","http://www.kopis.or.kr/upload/pfmPoster/PF_PF297877_260806_135252.gif","PF297877"
"딜레마 [하남]","2026.09.12","2026.09.12","하남문화예술회관 (아랑홀(소극장))","연극","박종원, 강원석, 최평선, 궁남경, 홍소리","최영재, 최영우, 김지훈 등","만 10세 이상","1시간 30분","(재)하남문화재단","공연예정","http://www.kopis.or.kr/upload/pfmPoster/PF_PF297863_260806_132648.gif","PF297863"
"Gate: 문 너머 [대학로]","2026.08.21","2026.08.23","브이씨어터 (브이씨어터)","연극","문지혜, 남윤지, 유효종, 전형규, 송지민, 임예은","","48개월 이상","1시간 20분","","공연완료","http://www.kopis.or.kr/upload/pfmPoster/PF_PF297858_260806_131215.png","PF297858"
"빵과 뻥과 삐삐 [대학로]","2026.08.19","2026.08.23","소극장 혜화당 (구. 까망소극장) (소극장 혜화당 (구. 까망소극장) )","연극","이용민, 진태호, 전진, 이채윤, 박재진, 박수빈","심은성, 이현지, 김연우 등","만 15세 이상","1시간 10분","프로젝트 헐떡","공연완료","http://www.kopis.or.kr/upload/pfmPoster/PF_PF297829_260806_110850.jpg","PF297829"
"아정빌라","2026.08.27","2026.08.30","놀터예술공방 (놀터예술공방)","연극","강수안, 이민준, 정다민, 정세진, 정지우, 조승희, 최지우","김혜민, 강정인, 김민진 등","만 7세 이상","1시간 10분","","공연예정","http://www.kopis.or.kr/upload/pfmPoster/PF_PF297825_260806_105956.png","PF297825"
"우리 신화 이야기: 이야기 장수와 도깨비 [대학로]","2026.09.10","2026.09.13","종로아이들극장 (종로아이들극장)","연극","장항석, 이민재, 노영준, 한선영, 윤민주","박정용, 박유진, 양동윤 등","36개월 이상","50분","창작집단 탈무드, 화이트캣시어터컴퍼니","공연예정","http://www.kopis.or.kr/upload/pfmPoster/PF_PF297820_260818_175946.jpg","PF297820"
"SAC ON SCREEN, 오셀로 [제주] (영상화)","2026.08.26","2026.08.26","제주문예회관 (대극장)","연극","","","만 11세 이상","2시간 27분","","공연예정","http://www.kopis.or.kr/upload/pfmPoster/PF_PF297818_260806_104043.jpg","PF297818"
"제2회 숲속의 연극 페스티벌: 이게, 로맨스?! [부산]","2026.09.05","2026.09.05","동래문화회관 (소극장)","연극","박준현, 박선유, 이열우","강인정, 문석종, 강유정 등","만 7세 이상","1시간 30분","","공연예정","http://www.kopis.or.kr/upload/pfmPoster/PF_PF297806_260806_101325.jpg","PF297806"
"유망예술가 발굴 프로젝트, 상상병환자 [대구]","2026.09.05","2026.09.05","어울아트센터(구. 대구북구문예회관) (함지홀(대공연장))","연극","이영찬, 정명훈, 최준혁, 우연주, 최예나, 김학수","김소희, 배예진, 이세기","만 7세 이상","1시간","(재)행복북구문화재단(어울아트센터)","공연예정","http://www.kopis.or.kr/upload/pfmPoster/PF_PF297804_260805_163326.png","PF297804"
"그리고, 그리다","2026.08.20","2026.08.23","공간 서론 (공간 서론)","연극","김다혜, 김서영, 백수정, 윤병돈, 유시윤, 이다정, 진은정","김수형, 이종화, 공지혜 등","만 9세 이상","1시간 10분","띵캣(Thinkcat)","공연완료","http://www.kopis.or.kr/upload/pfmPoster/PF_PF297785_260805_151217.png","PF297785"
"베팅","2026.10.04","2026.10.05","극장 봄 (봄소극장) (극장 봄)","연극","한웅, 김태양, 조새명, 김예하, 재영","오영석, 김태진","만 14세 이상","1시간 5분","프로젝트 거북이 감자, 프로젝트 거북이 감자","공연예정","http://www.kopis.or.kr/upload/pfmPoster/PF_PF297778_260805_145103.gif","PF297778"
"사자전, 설공찬전 [순창]","2026.08.22","2026.08.22","순창군민예술회관 (순창군민예술회관)","연극","","","전체 관람가","1시간 20분","","공연완료","http://www.kopis.or.kr/upload/pfmPoster/PF_PF297766_260805_140557.jpg","PF297766"
"이웃집 쌀통 [대구]","2026.09.11","2026.09.12","대구문화예술회관 (비슬홀)","연극","신숙희, 구진아, 박소현, 송은정, 신동우","이국희 등","만 13세 이상","1시간 25분","대구문화예술회관","공연예정","http://www.kopis.or.kr/upload/pfmPoster/PF_PF297761_260805_135640.gif","PF297761"
"보물 찾기 [영암]","2026.09.05","2026.09.05","한국트로트가요센터 (한국트로트가요센터)","연극","","","만 7세 이상","1시간 30분","","공연예정","http://www.kopis.or.kr/upload/pfmPoster/PF_PF297755_260805_134108.png","PF297755"
"그들의 삶 [김제]","2026.08.14","2026.08.14","김제문화예술회관 (대공연장)","연극","배영화, 최장군, 조은상, 홍지형, 김대일, 이도경, 이종화 등","정광익, 최형범, 이하림 등","만 7세 이상","1시간","국은예에트, 김제시(김제시청)","공연완료","http://www.kopis.or.kr/upload/pfmPoster/PF_PF297752_260805_133223.jpg","PF297752"
"고스트 [완도]","2026.08.27","2026.08.27","완도문화예술의전당 (완도문화예술의전당)","연극","안상태, 김혜선, 박민승, 배혜수 등","","만 13세 이상","1시간 30분","완도군","공연예정","http://www.kopis.or.kr/upload/pfmPoster/PF_PF297750_260805_132832.jpg","PF297750"
"구미호식당 [문경]","2026.08.14","2026.08.15","문경문화예술회관 (문희아트홀)","연극","","","만 7세 이상","1시간 30분","","공연완료","http://www.kopis.or.kr/upload/pfmPoster/PF_PF297749_260805_132427.jpg","PF297749"
"사랑＋노동","2026.08.13","2026.08.16","선돌극장 (선돌극장)","연극","이수현, 이예진, 박수정","임일진, 안창용, 이동진 등","만 13세 이상","1시간 30분","응용연극연구소 어반시어터(Urban theatre), 응용연극연구소 어반시어터(Urban theatre)","공연완료","http://www.kopis.or.kr/upload/pfmPoster/PF_PF297748_260805_132426.gif","PF297748"
"걸리버 여행기: 줌 인 아웃 [수원]","2026.08.15","2026.08.16","경기상상캠퍼스 (공간1986 멀티벙커)","연극","김예린, 김채연, 박혜민, 오에바다, 김승태, 유성곤, 조인서","윤시중, 이주연, 박광선 등","만 2세 이상","1시간","극단 하땅세(하땅세 극장), 극단 하땅세(하땅세 극장)","공연완료","http://www.kopis.or.kr/upload/pfmPoster/PF_PF297743_260805_131244.jpg","PF297743"
"실패를 위한 실험실 (실.실.실) , 연극 빼고 혜화동 말하기: 뮤지컬은 가능","2026.09.04","2026.09.05","연극실험실 혜화동1번지 (연극실험실 혜화동1번지)","연극","강성근, 송시현, 박은정, 박우주, 박찬호, 이유준, 장다현","박은정, 이유준, 김도현 등","만 15세 이상","1시간 30분","","공연예정","http://www.kopis.or.kr/upload/pfmPoster/PF_PF297738_260805_125400.png","PF297738"
"프레임 아웃","2026.08.20","2026.08.23","서울문화예술교육센터 강북 (예술당솔샘(2F))","연극","김진희, 신승철, 원도화, 이환이, 조혜진, 진정윤, 차시아 등","김수원, 조아해, 김민규 등","만 13세 이상","1시간 15분","배우리","공연완료","http://www.kopis.or.kr/upload/pfmPoster/PF_PF297736_260805_124652.jpg","PF297736"
"나 그대에게 [영광]","2026.08.20","2026.08.20","영광예술의전당 (대공연장)","연극","남경읍, 김민정, 김민수, 이미라, 임나경, 이철","","만 7세 이상","1시간 30분","영광군청","공연완료","http://www.kopis.or.kr/upload/pfmPoster/PF_PF297733_260805_123701.jpg","PF297733"
"블러드라인 엘렉트라 (Bloodline Electra) [대전]","2026.08.07","2026.08.17","소극장 고도 (소극장 고도)","연극","신현지, 정선호, 조민기","권영국","만 12세 이상","1시간 10분","극단 떼아뜨르 고도","공연완료","http://www.kopis.or.kr/upload/pfmPoster/PF_PF297730_260805_121407.jpg","PF297730"
"고향마을 [청주]","2026.09.09","2026.09.20","씨어터 제이 (씨어터 제이)","연극","김경미, 엄춘미, 최민숙, 박상묵, 오우영, 이양호, 고서연 등","신성우, 문의영","만 12세 이상","1시간 20분","","공연예정","http://www.kopis.or.kr/upload/pfmPoster/PF_PF297729_260805_120543.jpg","PF297729"
"경남도립극단, 반야 삼촌 [함양]","2026.08.21","2026.08.21","함양문화예술회관 (대공연장)","연극","이규성, 박승규, 박진수, 김현수, 이선, 이은주, 송준승 등","장봉태, 이금철, 장종도 등","만 13세 이상","1시간 40분","경남도립극단, 경상남도 함양군문화시설사업소(함양군문화예술회관)","공연완료","http://www.kopis.or.kr/upload/pfmPoster/PF_PF297727_260805_114152.gif","PF297727"
"크리미널 5 [대전]","2026.09.02","2026.09.27","작은극장 다함 (작은극장 다함)","연극","","","만 10세 이상","1시간 30분","다함쿱사회적협동조합, 다함쿱사회적협동조합","공연예정","http://www.kopis.or.kr/upload/pfmPoster/PF_PF297725_260805_113152.png","PF297725"
"실패를 위한 실험실 (실.실.실) , 식물 그녀 죽음","2026.08.27","2026.08.28","연극실험실 혜화동1번지 (연극실험실 혜화동1번지)","연극","배소현, 이청","이혜목, 손효빈, 한성민 등","만 13세 이상","1시간","","공연예정","http://www.kopis.or.kr/upload/pfmPoster/PF_PF297711_260805_110041.png","PF297711"
"실패를 위한 실험실 (실.실.실) , 포르노 연습 (Porn Practice)","2026.08.30","2026.08.30","연극실험실 혜화동1번지 (연극실험실 혜화동1번지)","연극","성수연, 유은숙","성다인, 김미현 등","만 19세 이상","30분","","공연예정","http://www.kopis.or.kr/upload/pfmPoster/PF_PF297687_260805_100836.png","PF297687"
"VL [대학로]","2026.09.01","2026.11.29","링크더스페이스(LINK THE SPACE) (2관)","연극","허영손, 임태현, 이태빈, 홍성원, 조현우, 송유택, 안지환 등","김태우, 이재은, 김달중 등","만 16세 이상","1시간 30분","(주) 글림아티스트, (주) 글림아티스트, 주식회사 젬스톤이앤엠, 주식회사 젬스톤이앤엠","공연예정","http://www.kopis.or.kr/upload/pfmPoster/PF_PF297684_260804_151706.jpg","PF297684"
"제4회 수제낭독: 닿을 락, 말 락 X 인스크립트","2026.08.23","2026.08.23","인스크립트(Inscript) (인스크립트(3F))","연극","강정묵, 권도균, 김대현, 김윤정, 정예빈, 정예지, 윤나정 등","김승철, 이서우, 양의열 등","만 12세 이상","45분","제작소 버거","공연완료","http://www.kopis.or.kr/upload/pfmPoster/PF_PF297673_260804_142127.jpg","PF297673"
"제4회 수제낭독: 닿을 락, 말 락 x 렌더","2026.08.19","2026.08.22","렌더 성수희망플랫폼 (렌더 성수희망플랫폼)","연극","강정묵, 권도균, 김대현, 김윤정, 정예빈, 정예지, 윤나정 등","김승철, 이서우, 양의열 등","만 12세 이상","","제작소 버거","공연완료","http://www.kopis.or.kr/upload/pfmPoster/PF_PF297666_260804_140032.jpg","PF297666"
"크립스 (Creeps)","2026.09.16","2026.09.20","모두예술극장 (모두예술극장)","연극","호종민, 백우람, 유두선, 신강수, 홍성훈, 정나무, 양대은 등","강보름, 김현지, 송은혜 등","만 14세 이상","2시간 10분","모두예술극장, 모두예술극장","공연예정","http://www.kopis.or.kr/upload/pfmPoster/PF_PF297659_260804_134517.gif","PF297659"
"어처구니 미스테리 플레이 [대학로]","2026.08.28","2026.08.30","성균소극장 (성균소극장)","연극","김영, 이상하, 양지인, 이보라, 오초원, 김혜윤, 최지희 등","장두이, 김혜윤, 신수정 등","만 8세 이상","1시간 10분","장두이레파토리극단, 장두이레파토리극단","공연예정","http://www.kopis.or.kr/upload/pfmPoster/PF_PF297658_260804_134008.gif","PF297658"
"해녀도전 폭망기 [제주]","2026.08.06","2026.08.28","애월뮤직팩토리 (애월뮤직팩토리)","연극","우상임","고능석, 김인경","만 7세 이상","50분","외솔컴퍼니, 외솔컴퍼니","공연중","http://www.kopis.or.kr/upload/pfmPoster/PF_PF297651_260804_132408.gif","PF297651"
"제10층 [부산]","2026.09.08","2026.09.20","창조문화활력센터 소극장 624 (창조문화활력센터 소극장 624)","연극","신선우, 함지원","조창주, 곽동주, 이지숙 등","만 12세 이상","1시간 10분","극적공동체 고도","공연예정","http://www.kopis.or.kr/upload/pfmPoster/PF_PF297643_260804_130653.jpg","PF297643"
"시간을 파는 상점 [의령]","2026.08.13","2026.08.13","의령군민문화회관 (의령군민문화회관)","연극","고민지, 이한비, 이시아, 최창빈, 장정원, 김건희, 조하연 등","","만 7세 이상","1시간 20분","파랑컴퍼니","공연완료","http://www.kopis.or.kr/upload/pfmPoster/PF_PF297641_260804_130237.png","PF297641"
"해양환경극, 바다 품은 고래 [김해]","2026.09.10","2026.09.10","진영문화센터 (진영한빛도서관) (공연장)","연극","정으뜸, 주요한, 황태현, 정주연, 김미연, 서재재","정주연","36개월 이상","45분","","공연예정","http://www.kopis.or.kr/upload/pfmPoster/PF_PF297631_260804_122716.jpg","PF297631"
"금빛묵향: 조선최고 묵죽화가 탄은이정 [공주]","2026.08.29","2026.08.29","공주문예회관 (대공연장)","연극","이홍재, 김나윤, 윤관우, 김현중, 최윤기","김효섭, 서율, 이선진 등","전체 관람가","1시간 20분","필통창작센터","공연예정","http://www.kopis.or.kr/upload/pfmPoster/PF_PF297629_260804_121940.gif","PF297629"
"한잔하고 싶은 날 [청양]","2026.08.27","2026.08.27","청양문예회관 (대공연장)","연극","이종목, 김홍섭, 정경희, 성용수, 오수정, 차정희, 안정승","","만 7세 이상","1시간 30분","극단 홍시","공연예정","http://www.kopis.or.kr/upload/pfmPoster/PF_PF297626_260804_120915.png","PF297626"
"운명의 힘 [대학로]","2026.08.25","2026.09.06","씨어터 쿰 (씨어터 쿰)","연극","강신일, 조영진, 이유진, 권일, 이유하, 노유리, 류해준 등","최창근, 박미란, 김교은 등","만 15세 이상","1시간 40분","극단 제비꽃","공연중","http://www.kopis.or.kr/upload/pfmPoster/PF_PF297623_260804_114144.jpg","PF297623"
"공놀이 클럽의 사계절 체홉: 갈매기","2026.11.29","2026.11.29","마포아트센터 (아트홀맥)","연극","","강훈구, 이경은, 장한별 등","만 13세 이상","2시간","(재)마포문화재단(마포아트센터), 공놀이클럽","공연예정","http://www.kopis.or.kr/upload/pfmPoster/PF_PF297621_260804_113523.gif","PF297621"
"란, 태수야 [대학로]","2026.08.22","2026.08.23","대학로 이음센터(한국장애인문화예술원) (이음홀)","연극","강보람, 김종환, 김한솔, 박세영, 방선혜, 임일주, 조예현 등","진준엽, 서영화, 장유미 등","전체 관람가","1시간 10분","","공연완료","http://www.kopis.or.kr/upload/pfmPoster/PF_PF297602_260804_110023.jpg","PF297602"
"시즌레퍼토리 양평공감, 콧물끼리 [양평]","2026.08.29","2026.08.29","양평문화재단 (씨어터 양평)","연극","김지애, 장호중, 김선미, 박정섭, 김주형","한지혜, 조주현, 이선일 등","24개월 이상","55분","(재) 양평문화재단","공연예정","http://www.kopis.or.kr/upload/pfmPoster/PF_PF297595_260804_104546.gif","PF297595"
"망원동 브라더스 [광주]","2026.08.28","2026.08.29","북구문화센터  (공연장)","연극","최민석, 김준희, 김승현, 강대수, 이성숙, 박창희","오치운, 황기현, 전동환 등","만 10세 이상","1시간 40분","광주북구문화센터(광주북구시설관리공단), 극단 지우","공연예정","http://www.kopis.or.kr/upload/pfmPoster/PF_PF297576_260803_172340.jpg","PF297576"
"강남문화재단 키즈예술공연: 내 친구 송아지 (8월)","2026.08.22","2026.08.22","강남씨어터 (강남씨어터)","연극","강제권, 김민성, 강전영, 김민지, 신인선, 조희윤","신인선, 조지영, 이재화 등","만 5세 이상","55분","(재)강남문화재단, 인형극연구소 인스","공연완료","http://www.kopis.or.kr/upload/pfmPoster/PF_PF297574_260803_170510.gif","PF297574"
"제29회 서울 프린지 페스티벌, 이것은 동묘가 아니다","2026.08.13","2026.08.14","온수공간 (온수공간)","연극","강장군, 이고운, 이정희","박나현","만 12세 이상","1시간","","공연완료","http://www.kopis.or.kr/upload/pfmPoster/PF_PF297570_260803_163230.jpg","PF297570"
"제29회 서울 프린지 페스티벌, 음모론자들","2026.08.16","2026.08.16","유영공간 (유영공간)","연극","박우진, 명승호, 최지훈, 박정민, 홍수민","박우진, 권동원","전체 관람가","1시간","","공연완료","http://www.kopis.or.kr/upload/pfmPoster/PF_PF297569_260803_162231.jpg","PF297569"
"구미 아시아 연극제, 아도가 남쪽으로 온 까닭은 [구미]","2026.08.28","2026.08.28","강동문화복지회관 (천생아트홀 (대공연장) )","연극","김헌근, 김주열, 오세아, 이규용, 이재선, 윤이솜, 김영균 등","고능석, 황윤동, 김용원 등","전체 관람가","1시간","(사)문화창작집단 공터다, 구미시","공연예정","http://www.kopis.or.kr/upload/pfmPoster/PF_PF297567_260803_160911.jpg","PF297567"
"세미콜론 [부산]","2026.08.28","2026.08.29","일터 소극장 (일터 소극장)","연극","김명수, 박수빈, 김대원, 박민정, 조희원","안로검, 오형민, 이효선 등","만 7세 이상","1시간 10분","극단 코코, 극단 코코","공연예정","http://www.kopis.or.kr/upload/pfmPoster/PF_PF297566_260803_160233.jpg","PF297566"
"My Sweet Home 달콤한 나의 집","2026.08.08","2026.08.08","소극장 플랫폼74 (소극장 플랫폼74)","연극","히로시 유키노, 노노 미야사카, 카요 타무라, 료 니시하라","카오 타무라, 김성빈","전체 관람가","1시간","Artist Real Estate","공연완료","http://www.kopis.or.kr/upload/pfmPoster/PF_PF297554_260803_151757.jpeg","PF297554"
"제3회 심야N연극제, 결혼식 2시간 전 [광주]","2026.10.01","2026.10.05","기분좋은극장 [상무지구] (기분좋은극장 [상무지구] )","연극","차미연, 김혜진, 김아름, 정이수, 이윤성, 조형준, 양해광 등","한윤서, 곽영신, 김영확 등","만 13세 이상","1시간 30분","주식회사 플레이팩토리, 프로젝트 한","공연예정","http://www.kopis.or.kr/upload/pfmPoster/PF_PF297550_260803_150955.gif","PF297550"
"굿 닥터","2026.08.04","2026.08.09","고개 소극장 (고개 소극장)","연극","손예원, 김가온, 송수빈, 송한결, 이나윤, 강세빈, 김나연 등","이진성, 김해인","만 12세 이상","1시간 20분","극단 고개, 극단 고개","공연완료","http://www.kopis.or.kr/upload/pfmPoster/PF_PF297549_260803_150645.gif","PF297549"
"엄마를 절에 버리러 [부산]","2026.08.28","2026.08.30","나다소극장 (나다소극장)","연극","양진철, 엄지영, 김진주, 김선현","김아름, 한혜민, 강효정","만 11세 이상","1시간 10분","극단 배우 관객 그리고 공간","공연예정","http://www.kopis.or.kr/upload/pfmPoster/PF_PF297548_260803_150645.jpg","PF297548"
"하나,둘,셋,김치! [전주]","2026.08.14","2026.10.31","김영오 아트센터 (김영오 아트센터)","연극","진사라, 정윤경, 홍정은, 정찬호","김영오, 정찬호, 조은아 등","만 7세 이상","1시간 10분","김영오공연예술기획, 재인촌 우듬지","공연중","http://www.kopis.or.kr/upload/pfmPoster/PF_PF297547_260803_150214.gif","PF297547"
"게릴라 씨어터 [부산]","2026.09.04","2026.09.06","나다소극장 (나다소극장)","연극","김상호, 강규민, 박준희, 손상훈, 문재희, 유시화, 고유라 등","오세혁, 양재영, 박태윤 등","만 13세 이상","1시간 35분","극단 판플","공연예정","http://www.kopis.or.kr/upload/pfmPoster/PF_PF297545_260803_145706.jpg","PF297545"
"오! 럭키 데이! [부산]","2026.08.13","2027.01.03","BNK부산은행 조은극장 (2관)","연극","박유진, 천해별, 김성훈, 정성주, 김수령, 고미선, 이재찬 등","진현태, 이상율, 이송희","만 7세 이상","3시간","(주)조은아트플러스, BNK부산은행조은극장, 조은문화마을","공연중","http://www.kopis.or.kr/upload/pfmPoster/PF_PF297539_260803_143932.gif","PF297539"
"제29회 서울프린지페스티벌, 프로젝트 북어살이: 마포구 월드컵북로 94 지하1층","2026.08.20","2026.08.21","서보아트스페이스(서보미술문화공간)[서울] (SOUNDS)","연극","정종관","오수빈, 류혜은, 조인성","만 12세 이상","1시간","","공연완료","http://www.kopis.or.kr/upload/pfmPoster/PF_PF297532_260803_142157.jpg","PF297532"
"탁탁탁 드르륵 호랑이 [제주]","2026.08.21","2026.08.22","제주문예회관 (대극장)","연극","강제원, 조성진, 김은정, 고건하, 김지은, 홍예진, 이유경 등","장정인, 백민수, 라예송 등","전체 관람가","50분","","공연완료","http://www.kopis.or.kr/upload/pfmPoster/PF_PF297521_260803_135607.jpg","PF297521"
"뷰티풀라이프 [대구]","2026.09.04","2026.11.15","문화예술전용극장CT (문화예술전용극장CT)","연극","","","만 7세 이상","1시간 20분","(주)비컨크리에이티브","공연예정","http://www.kopis.or.kr/upload/pfmPoster/PF_PF297517_260803_134648.gif","PF297517"
"달래 이야기 [구리]","2026.09.19","2026.09.20","구리아트홀 (유채꽃소극장)","연극","조현산, 유지연, 최석원, 송정수, 서현진","조현산, 유지연, 정재환 등","만 6세 이상","50분","(재)구리문화재단(구리아트홀)","공연예정","http://www.kopis.or.kr/upload/pfmPoster/PF_PF297515_260803_133724.gif","PF297515"
"제11회 여성연극제, 살아남은 자의 이력서","2026.09.09","2026.09.13","드림시어터 [대학로] (소극장)","연극","이동준, 나보광","김윤주, 송용일, 류백희 등","만 12세 이상","2시간 55분","(사)한국극작가협회, 한국여성연극협회","공연예정","http://www.kopis.or.kr/upload/pfmPoster/PF_PF297514_260803_133516.gif","PF297514"
"XXL 레오타드 안나수이 손거울 [원주]","2026.08.01","2026.08.01","중앙청소년문화의집 (소공연장)","연극","","박찬규, 권오현","만 12세 이상","","","공연완료","http://www.kopis.or.kr/upload/pfmPoster/PF_PF297513_260803_133511.jpg","PF297513"
"쌀알의 노래 [대학로]","2026.09.04","2026.09.06","종로아이들극장 (종로아이들극장)","연극","김설빈, 김민석, 김하영, 이창민, 고선우, 배문섭, 유기원 등","이시원, 최원종, 차근호 등","36개월 이상","1시간","극단 명작옥수수밭, 극단 명작옥수수밭","공연예정","http://www.kopis.or.kr/upload/pfmPoster/PF_PF297512_260803_133352.gif","PF297512"
"인터뷰 기행: 서울수저편 [대학로]","2026.08.20","2026.08.23","선돌극장 (선돌극장)","연극","박소진, 윤정식, 정소린, 한동규","박지예, 윤정식, 정소린 등","만 14세 이상","1시간 30분","물 만난 물고기, 물 만난 물고기","공연완료","http://www.kopis.or.kr/upload/pfmPoster/PF_PF297511_260803_133127.gif","PF297511"
"제14회 대전청년유니브연극제, 불연성 쓰레기장","2026.08.17","2026.08.17","별별마당 우금치 (관용극장)","연극","황영선, 이윤지, 김나래, 양은정, 변정석","김지성, 문정현, 최원영 등","만 12세 이상","50분","디지털서울문화예술대학교 연극영화학과","공연완료","http://www.kopis.or.kr/upload/pfmPoster/PF_PF297509_260803_132729.jpg","PF297509"
"이상한 나라의 이상해씨 [창원]","2026.08.15","2026.08.30","나비아트홀 (나비아트홀)","연극","","이혜지","전체 관람가","1시간","공연예술집단 나비 (극단나비)","공연중","http://www.kopis.or.kr/upload/pfmPoster/PF_PF297506_260803_132210.jpg","PF297506"
"제29회 서울 프린지 페스티벌, 시각 무료나눔 합니다","2026.08.22","2026.08.23","미진플로어 (미진플로어)","연극","심현화, 박재승","심현화, 김예리","만 12세 이상","1시간","경계작업실","공연완료","http://www.kopis.or.kr/upload/pfmPoster/PF_PF297505_260803_132209.jpg","PF297505"
"눈 속의 고요","2026.08.22","2026.08.23","놀터예술공방 (놀터예술공방)","연극","조승희, 한이지, 김한울, 이수연","송인서, 이수연, 윤미연","전체 관람가","50분","돌부리 프로젝트","공연완료","http://www.kopis.or.kr/upload/pfmPoster/PF_PF297503_260803_131821.jpg","PF297503"
"몽상가들 연극 페스티벌, 순환: 비우고 채우며 흐르다, 멜랑콜리 인 서울","2026.08.29","2026.08.29","소극장 혜화당 (구. 까망소극장) (소극장 혜화당 (구. 까망소극장) )","연극","김지혜, 한류하, 강세영, 임진택, 김동욱, 홍수현","강현욱, 선명주, 선수림 등","만 15세 이상","1시간 10분","몽상가들, 창작19다","공연예정","http://www.kopis.or.kr/upload/pfmPoster/PF_PF297501_260803_131038.jpg","PF297501"
"제3회 심야N연극제, 럭키! 전당포 [광주]","2026.09.03","2026.09.06","기분좋은극장 [상무지구] (기분좋은극장 [상무지구] )","연극","김재아, 김다은, 주홍민서, 김수민, 류지환, 고해이, 백승준 등","김시연, 박경서, 김화영 등","만 12세 이상","1시간 20분","주식회사 플레이팩토리, 프로덕션 유월","공연예정","http://www.kopis.or.kr/upload/pfmPoster/PF_PF297499_260803_130843.gif","PF297499"
"제3회 심야N연극제, #정답을작성해주세요 [광주]","2026.09.10","2026.09.13","기분좋은극장 [상무지구] (기분좋은극장 [상무지구] )","연극","김도하, 정태영, 이고은, 한이수, 이재희, 오세영, 차경찬 등","박성원, 주은태, 정서빈 등","만 13세 이상","1시간 30분","극단 배우들, 주식회사 플레이팩토리","공연예정","http://www.kopis.or.kr/upload/pfmPoster/PF_PF297495_260803_130032.gif","PF297495"
"제29회 서울 프린지 페스티벌, 솔직 클럽","2026.08.21","2026.08.22","서보아트스페이스(서보미술문화공간)[서울] (보이드 홀)","연극","서이재, 최은서","서이재, 최은서, 조혜리 등","만 12세 이상","1시간 20분","글리치연구소","공연완료","http://www.kopis.or.kr/upload/pfmPoster/PF_PF297491_260803_124314.jpg","PF297491"
"쿼드, 연극의 질문들: 김아라, The sound of Macbeth","2026.09.08","2026.09.13","서울문화재단 대학로극장 쿼드 (예술청) (대학로극장 쿼드 (예술청) )","연극","김성녀, 정동환, 송용진, 박효빈, 장재승, 임소영, 김기민 등","김아라, 박동우, 신나라 등","만 13세 이상","1시간 40분","(재)서울문화재단, 대학로극장 쿼드","공연예정","http://www.kopis.or.kr/upload/pfmPoster/PF_PF297484_260803_113622.gif","PF297484"
"나의 창백한 푸른 점 [대학로]","2026.08.29","2026.08.30","아르코 꿈밭극장 (아르코꿈밭극장)","연극","","이희원, 서어진, 김조현 등","만 10세 이상","50분","인형꾼 배시시","공연예정","http://www.kopis.or.kr/upload/pfmPoster/PF_PF297472_260803_111154.gif","PF297472"
"구미아시아연극제, 햄릿 Part. 1","2026.09.07","2026.09.08","소극장 공터 다 (소극장 공터 다)","연극","쿠라시마 사토시, 마츠오카 미키, 마루바야시 코타로, 코바야시 하즈키, 야마자키 슌타로, 하나에 란, 타키이 미키","마츠오카 카즈코, 하마요시 세이타로, 나카우치 레나 등","만 7세 이상","1시간 35분","(사)문화창작집단 공터다","공연예정","http://www.kopis.or.kr/upload/pfmPoster/PF_PF297459_260803_105425.jpg","PF297459"
"외경 [대학로]","2026.09.04","2026.09.13","대학로예술극장 (소극장)","연극","김영민, 곽성은, 이강민","이철희, 신승렬, 신동선 등","만 13세 이상","1시간 20분","코너스톤","공연예정","http://www.kopis.or.kr/upload/pfmPoster/PF_PF297458_260803_104502.gif","PF297458"
"파랑새 [구미]","2026.09.04","2026.09.05","구미시문화예술회관 (소공연장)","연극","","","만 14세 이상","1시간 30분","구미시문화예술회관, 양손프로젝트","공연예정","http://www.kopis.or.kr/upload/pfmPoster/PF_PF297437_260731_173748.gif","PF297437"
"S고원에서","2026.08.21","2026.08.30","서강대 메리홀 (소극장)","연극","이윤재, 문현정, 우미화, 백종승, 김현숙, 이수현, 이세영 등","성기웅, 서지영, 최보윤 등","만 12세 이상","1시간 45분","제12언어연극스튜디오, 제12언어연극스튜디오","공연중","http://www.kopis.or.kr/upload/pfmPoster/PF_PF297436_260731_172736.gif","PF297436"
"제3회 심야N연극제, 가족같네 [광주]","2026.09.17","2026.09.20","기분좋은극장 [상무지구] (기분좋은극장 [상무지구] )","연극","이건희, 변상일, 채시라, 이현균","선명주, 이용헌, 최유림 등","만 13세 이상","1시간 30분","극단 뱃속의 나비, 주식회사 플레이팩토리","공연예정","http://www.kopis.or.kr/upload/pfmPoster/PF_PF297422_260811_114132.gif","PF297422"
"엔피씨: 망캐가 될순 없어! [대학로]","2026.08.20","2026.08.23","나온씨어터 (나온씨어터)","연극","강민성, 강소령, 김기린, 유진아, 김정우, 이성연","심준, 윤소정, 한재진 등","만 11세 이상","1시간 20분","창문탈출원정대, 창문탈출원정대","공연완료","http://www.kopis.or.kr/upload/pfmPoster/PF_PF297421_260731_153333.gif","PF297421"
"소리놀이: 해와 바람 [화성]","2026.08.15","2026.08.16","화성시어린이문화센터 (아이누리극장)","연극","한선영","천정명, 전민배, 우수정 등","전체 관람가","1시간","이야기 양동이","공연완료","http://www.kopis.or.kr/upload/pfmPoster/PF_PF297411_260731_143904.png","PF297411"
"구미아시아연극제, 김헌근의 호랑이 이야기","2026.08.30","2026.08.30","소극장 공터 다 (소극장 공터 다)","연극","김헌근","김헌근, 최재우, 고능석 등","만 7세 이상","1시간","(사)문화창작집단 공터다","공연예정","http://www.kopis.or.kr/upload/pfmPoster/PF_PF297397_260731_135622.jpg","PF297397"
"여름, 낭독시즌: 창작산실 대본공모 낭독공연","2026.08.27","2026.08.30","대학로예술극장 (소극장)","연극","","이민구, 유아림, 주은길 등","만 13세 이상","1시간 40분","","공연예정","http://www.kopis.or.kr/upload/pfmPoster/PF_PF297391_260731_133710.jpg","PF297391"
"친정엄마와 2박3일 [성남]","2026.10.10","2026.10.11","성남아트센터 (오페라하우스)","연극","강부자, 윤유선, 유정기, 김남진, 이요성, 김찬훈, 김민지","박준식, 한재권, 김선희 등","만 7세 이상","1시간 50분","(주)아이스타미디어, (주)창라이프","공연예정","http://www.kopis.or.kr/upload/pfmPoster/PF_PF297371_260731_112819.gif","PF297371"
"정평구의 하얀 비상 [김제]","2026.09.04","2026.10.30","향교 [김제] (향교 [김제])","연극","김독희, 박재훈, 김백기, 이지현, 이예지, 김용귀, 서유정 등","문광수, 양문섭, 한상희 등","전체 관람가","1시간 20분","문화예술 원평, 문화예술 원평","공연예정","http://www.kopis.or.kr/upload/pfmPoster/PF_PF297349_260731_102516.gif","PF297349"
"비하인드 [대학로]","2026.08.12","2026.08.16","코델아트홀 (코델아트홀)","연극","김진주, 김은재, 민하은, 박하영, 나대현, 이진호, 조용진 등","맑은 보리차, 조형식, 홍문화 등","만 15세 이상","1시간 30분","(주)파릇, 극단 지반(구.온더그라운드(ON THE GROUND))","공연완료","http://www.kopis.or.kr/upload/pfmPoster/PF_PF297344_260731_100901.jpg","PF297344"
"제9회 1번출구 연극제","2026.07.08","2026.08.30","대학로 자유극장 (자유문화발전소) (대학로 자유극장 (자유문화발전소) )","연극","","박혜선, 최덕문, 김지은 등","만 7세 이상","1시간 50분","","공연중","http://www.kopis.or.kr/upload/pfmPoster/PF_PF297332_260730_150907.jpg","PF297332"
"제29회 서울프린지페스티벌, 하늘나라에는","2026.08.07","2026.08.13","너울너울 (너울너울)","연극","이한솔","이한솔, 황성화, 김태영 등","전체 관람가","50분","","공연완료","http://www.kopis.or.kr/upload/pfmPoster/PF_PF297329_260730_145822.jpg","PF297329"
"세 개의 숨 [부천]","2026.10.15","2026.10.17","부천시민회관 (소공연장)","연극","진복기, 김영기, 장휘림","김지현, 정우철, 박도영 등","만 14세 이상","1시간 20분","(재)부천문화재단, 극단 예터","공연예정","http://www.kopis.or.kr/upload/pfmPoster/PF_PF297322_260730_144059.gif","PF297322"
"여름 한국예술종합학교 연극원 야합플레이, 계절의 문지기","2026.08.05","2026.08.06","한국예술종합학교 (연극원 L203호(2F))","연극","이여진, 정무혁, 박성준","김예영, 김민경, 박자영 등","만 7세 이상","40분","한국예술종합학교 연극원(KARTS)","공연완료","http://www.kopis.or.kr/upload/pfmPoster/PF_PF297314_260730_141751.png","PF297314"
"기억의 온도 [음성]","2026.08.19","2026.08.19","음성문화예술회관 (대공연장)","연극","조승연, 최호재, 이다혜, 주붐","","만 7세 이상","1시간 30분","음성군청","공연완료","http://www.kopis.or.kr/upload/pfmPoster/PF_PF297309_260730_140214.gif","PF297309"
"제9회 극장동국 연출가전, 베드타임 스토리: 이야기가 만들어 낸 시선들","2026.08.12","2026.08.23","극장 동국 (극장 동국)","연극","이하늘, 김다민, 김지용, 천유원, 김은진, 정우빈","김병화 등","만 10세 이상","1시간 30분","극단 신인류(구. 극단 로가로세), 스테이지 블룸","공연완료","http://www.kopis.or.kr/upload/pfmPoster/PF_PF297307_260730_135555.gif","PF297307"
"부천문화재단 어린이공연, 환상공간","2026.09.03","2026.09.05","복사골문화센터 (판타지아극장)","연극","","","전체 관람가","1시간 10분","(재)부천문화재단, 창작집단 싹","공연예정","http://www.kopis.or.kr/upload/pfmPoster/PF_PF297301_260730_134006.gif","PF297301"
"부천문화재단 기획공연, 신인류의 욕망상자","2026.09.17","2026.09.19","부천시민회관 (소공연장)","연극","지하람, 엄채윤, 최현아, 김한섭, 고영찬","유리, 이시헌, 남태현 등","만 13세 이상","1시간 20분","(재)부천문화재단, 창작집단 유리 (리얼원트)","공연예정","http://www.kopis.or.kr/upload/pfmPoster/PF_PF297298_260730_132803.gif","PF297298"
"알테르 에고 (Alter Ego (s) )","2026.09.06","2026.11.22","예스24 스테이지(구. DCF대명문화공장) (3관(구. 수현재씨어터))","연극","이재균, 이휘종, 정휘, 김정민, 황은후, 손지윤","김연민, 김종석, 성미림 등","만 13세 이상","1시간 20분","(주)파크컴퍼니, (주)파크컴퍼니","공연예정","http://www.kopis.or.kr/upload/pfmPoster/PF_PF297295_260730_132034.gif","PF297295"
"WHO DONE IT: 후던잇 [부산]","2026.07.29","2026.08.30","어댑터씨어터 1관 (구.어댑터플레이스) (어댑터씨어터 1관)","연극","오치운, 하지운, 변은지, 배문수, 이사라, 우한수, 윤한욱 등","심문섭, 윤장원, 조단브라운 등","만 12세 이상","1시간","(주)예술은 공유다, 어댑터 시어터(Adapter.Theater)","공연중","http://www.kopis.or.kr/upload/pfmPoster/PF_PF297287_260730_132802.jpg","PF297287"
"감마선은 달무늬 얼룩진 금잔화에 어떤 영향을 주었는가","2026.08.21","2026.08.30","안똔체홉극장 (안똔체홉극장)","연극","김다님, 최승주, 김나라, 조진숙, 조재희","김시번, 김해미, 송명주 등","만 10세 이상","1시간 40분","(주)블루드래곤 엔터테인먼트, 극단 성난발명가들, 극단 성난발명가들","공연중","http://www.kopis.or.kr/upload/pfmPoster/PF_PF297280_260730_120213.gif","PF297280"
"구미아시아연극제","2026.08.28","2026.09.13","소극장 공터 다 (소극장 공터 다)","연극","","","만 4세 이상","","","공연예정","http://www.kopis.or.kr/upload/pfmPoster/PF_PF297272_260730_110827.png","PF297272"
"사다리","2026.08.13","2026.08.15","성북미디어문화마루 꿈빛극장 (성북미디어문화마루 꿈빛극장)","연극","오지영, 심연화, 김선제, 이선주, 박상하, 권형준, 남승주","박나현, 박상하, 윤소희 등","전체 관람가","1시간","아루루비아트, 창작집단 한배","공연완료","http://www.kopis.or.kr/upload/pfmPoster/PF_PF297269_260730_110034.gif","PF297269"
"2030 (이공삼공) [평택]","2026.08.06","2026.08.07","평택시북부문예회관 (소공연장)","연극","최영훈, 김현준, 이재승, 김예성, 유지욱, 신윤진, 김나연 등","김성진, 김건욱, 이후범 등","만 13세 이상","1시간 10분","","공연완료","http://www.kopis.or.kr/upload/pfmPoster/PF_PF297248_260730_100556.jpeg","PF297248"
"제29회 광주 소극장 축제, 봄이 오면","2026.08.14","2026.08.15","예린소극장 (예린소극장)","연극","","","만 7세 이상","1시간 5분","(시)한국소극장협회 전남광주통합특별시지회 (구.(사) 한국소극장협회 광주지회), 극단 벅수골","공연완료","http://www.kopis.or.kr/upload/pfmPoster/PF_PF297241_260729_152033.jpg","PF297241"
"노맨틱 코미디 [청주]","2026.11.20","2027.01.03","소명아트홀 (구.메가폴리스아트홀) (소명아트홀 (구.메가폴리스아트홀) )","연극","","박아정, 지혜성, 송은찬 등","만 12세 이상","1시간 50분","(주)훌륭한, 소명기획(극단 소명)","공연예정","http://www.kopis.or.kr/upload/pfmPoster/PF_PF297237_260729_143629.jpg","PF297237"
"제29회 서울프린지페스티벌, 이것도 코미디라고: 책파리들의 천원짜리 공연만들기","2026.08.08","2026.08.08","책덕 다용도실 (책덕 다용도실)","연극","","","전체 관람가","1시간","","공연완료","http://www.kopis.or.kr/upload/pfmPoster/PF_PF297227_260729_140639.jpg","PF297227"
"제3회 대한민국 대학연극제, 아메샤","2026.07.29","2026.07.29","용인문화예술원 (마루홀)","연극","이근일, 임형록, 박서영, 김상규, 김서현, 조수아, 박천","정훈, 고신일, 이민주 등","만 14세 이상","1시간 20분","(재)용인문화재단, 대진대학교 연기예술학과","공연완료","http://www.kopis.or.kr/upload/pfmPoster/PF_PF297222_260729_135805.gif","PF297222"
"창작희곡공모 대상 수상작, 역행기","2026.09.03","2026.09.13","국립극단 [명동] (명동예술극장)","연극","김시영, 박수진, 박옥출, 박은호, 안연제, 윤진성","김주희, 신재훈, 박동우 등","만 12세 이상","3시간 20분","","공연예정","http://www.kopis.or.kr/upload/pfmPoster/PF_PF297215_260729_133429.jpg","PF297215"
"제3회 심야N연극제, 하얀상자","2026.08.26","2026.08.30","나인진홀 (구.청년극장) (나인진홀 1관)","연극","후지이 마사토, 하타케야마 유스케, 이노우에 레무, 오타 토모카, 이와타 에리나, 스기모토 미호, 오하마 나오키","사이조 미츠토시, 정구진, 강지원 등","만 11세 이상","1시간 30분","(주) 나인진엔터테인먼트, TAIYO MAGIC FILM","공연예정","http://www.kopis.or.kr/upload/pfmPoster/PF_PF297214_260729_133428.gif","PF297214"
"27년 [대학로]","2026.08.12","2026.08.16","R&J씨어터(구. 연진아트홀) (R&J씨어터(구. 연진아트홀))","연극","이창주, 김민수, 박원재, 김재하, 온정현, 김민성, 이유담 등","유수아, 성준희, 김민재 등","만 15세 이상","1시간 20분","극단 애열가, 극단 애열가","공연완료","http://www.kopis.or.kr/upload/pfmPoster/PF_PF297205_260729_131933.gif","PF297205"
"식인 일기","2026.08.20","2026.08.30","꿈의숲아트센터 (퍼포먼스홀)","연극","윤지홍, 전신영, 남유리, 박민석, 유은주","정욱현, 정철현, 조성현 등","만 11세 이상","1시간 20분","공연창작소 숨, 공연창작소 숨","공연중","http://www.kopis.or.kr/upload/pfmPoster/PF_PF297189_260729_112548.png","PF297189"
"EAC명화극장, 스크린 온 앙코르: 보물섬 [대구] (영상화)","2026.08.04","2026.08.04","어울아트센터(구. 대구북구문예회관) (함지홀(대공연장))","연극","","","만 7세 이상","1시간 57분","","공연완료","http://www.kopis.or.kr/upload/pfmPoster/PF_PF297190_260729_113118.png","PF297190"
"내 엄마 수연씨 [영광]","2026.08.13","2026.08.13","영광예술의전당 (대공연장)","연극","사미자, 최초우, 이성경, 박준혁","최솔 등","만 9세 이상","1시간 30분","영광군청","공연완료","http://www.kopis.or.kr/upload/pfmPoster/PF_PF297171_260729_103150.jpg","PF297171"
"공룡 구출대작전 [의정부]","2026.08.08","2026.08.09","우리소극장 [의정부] (우리소극장 [의정부])","연극","","","전체 관람가","45분","","공연완료","http://www.kopis.or.kr/upload/pfmPoster/PF_PF297165_260729_102028.jpg","PF297165"
"쿠쉬나메: 끝나지 않는 이야기","2026.08.27","2026.09.13","산울림소극장 (산울림소극장)","연극","김도완, 이서현, 임진구, 김세환, 권슬아, 홍준기","안리준, 서정완 등","만 13세 이상","1시간 30분","극공작소 마방진","공연예정","http://www.kopis.or.kr/upload/pfmPoster/PF_PF297163_260818_130525.gif","PF297163"
"계단의 아이 [남양주]","2026.08.15","2026.08.15","남양주 어린이비전센터 (다목적강당)","연극","윤희균, 안혜민","윤소율, 김준, 윤서휘 등","24개월 이상","50분","남양주시청, 신비한 움직임 사전","공연완료","http://www.kopis.or.kr/upload/pfmPoster/PF_PF297162_260729_101537.gif","PF297162"
"제29회 서울프린지페스티벌, 여 (餘) 름 낭독 3부작: 한낮의 노이즈","2026.08.21","2026.08.23","온수공간 (온수공간)","연극","손채연, 김나은, 김성은","윤예준, 박재윤, 유혜린 등","전체 관람가","1시간","여류","공연완료","http://www.kopis.or.kr/upload/pfmPoster/PF_PF297147_260728_135543.jpg","PF297147"
"경남도립극단, 반야 삼촌 [거제]","2026.09.18","2026.09.18","거제문화예술회관 (소극장)","연극","박승규, 박진수, 이규성, 송준승, 김현수, 이현옥, 이은주 등","장봉태, 남기오, 이금철 등","만 13세 이상","1시간 40분","","공연예정","http://www.kopis.or.kr/upload/pfmPoster/PF_PF297137_260728_132430.jpg","PF297137"
"제29회 서울 프린지 페스티벌, 눈속의 세상","2026.08.22","2026.08.23","서보아트스페이스(서보미술문화공간)[서울] (보이드 홀)","연극","이진, 이동민, 강보경, 전제엽","이진, 조희재, 권혜정 등","전체 관람가","1시간 20분","","공연완료","http://www.kopis.or.kr/upload/pfmPoster/PF_PF297122_260728_124409.jpg","PF297122"
"남작부인 [부산]","2026.08.11","2026.08.30","에저또소극장 [부산] (에저또소극장 [부산])","연극","강정희, 김지연","곽종필, 최재민, 김미경 등","만 12세 이상","1시간 10분","극단 하늘개인날, 극단 하늘개인날","공연중","http://www.kopis.or.kr/upload/pfmPoster/PF_PF297121_260728_114852.jpg","PF297121"
"우정어린 두 여자의 낯뜨거운 이야기 [대학로]","2026.08.05","2026.08.09","극장 동국 (극장 동국)","연극","권민중, 최지은, 한규남, 김부경","최지은, 나정원, 박신운 등","만 17세 이상","1시간 30분","극단 창작심","공연완료","http://www.kopis.or.kr/upload/pfmPoster/PF_PF297117_260728_112533.gif","PF297117"
"몽상가들 연극 페스티벌, 순환: 비우고 채우며 흐르다","2026.08.25","2026.08.30","소극장 혜화당 (구. 까망소극장) (소극장 혜화당 (구. 까망소극장) )","연극","","","전체 관람가","1시간 35분","극단 바오, 몽상가들, 창작19다, 프로젝트 너울","공연중","http://www.kopis.or.kr/upload/pfmPoster/PF_PF297109_260728_110704.gif","PF297109"
"위로2: 우리는 살아간다. 그냥 그렇게... [대구]","2026.08.28","2026.08.29","한울림소극장 (한울림소극장)","연극","이지영, 석민호, 김민우, 김정현, 김만수, 권성준, 김동녘 등","백광현, 박영주 등","전체 관람가","1시간 10분","(사)한울림 (극단한울림)","공연예정","http://www.kopis.or.kr/upload/pfmPoster/PF_PF297104_260729_130438.png","PF297104"
"제10회 미스터리 스릴러전, 쿨타임: 0 이 되는 순간","2026.08.12","2026.08.16","소극장 혜화당 (구. 까망소극장) (소극장 혜화당 (구. 까망소극장) )","연극","차미연, 오현채, 장예슬, 이서영, 양영선, 정예은","서지원, 홍혜지, 정다연 등","만 11세 이상","1시간","극단 광대모둠, 소극장 혜화당","공연완료","http://www.kopis.or.kr/upload/pfmPoster/PF_PF297092_260728_102316.gif","PF297092"
"몬스터 허균","2026.10.08","2026.11.01","스튜디오 블루 (스튜디오 블루)","연극","이형주, 남승화, 위훈, 조연진, 김가람,  선정화, 권이서 등","김관, 김승진, 김소희 등","만 14세 이상","1시간 37분","날선시선 「뾰족한 상상 뿔」, 엘피 스토리(LP STORY), 엘피 스토리(LP STORY)","공연예정","http://www.kopis.or.kr/upload/pfmPoster/PF_PF297086_260728_100706.gif","PF297086"
"정류장: 두 개의 이야기","2026.08.05","2026.08.09","드림시어터 [대학로] (소극장)","연극","양창완, 양은영, 유무선, 김지수 등","이재상, 김종학, 이나구 등","만 12세 이상","1시간 30분","극단 MIR 레퍼토리","공연완료","http://www.kopis.or.kr/upload/pfmPoster/PF_PF297079_260728_095459.gif","PF297079"
"제29회 서울 프린지 페스티벌, 히스토리아 데 아드리안","2026.08.14","2026.08.16","크틈 연극 실험실 (크틈 연극 실험실)","연극","방태현","방태현, 윤현경, 한진규 등","만 19세 이상","1시간 10분","CREATIVE 틈(극단 틈)","공연완료","http://www.kopis.or.kr/upload/pfmPoster/PF_PF297078_260727_172204.jpg","PF297078"
"제29회 서울프린지페스티벌, 집 짓기","2026.08.18","2026.08.21","스튜디오 마스 MAS (스튜디오 마스 MAS )","연극","한예은","한예은","만 12세 이상","1시간 10분","창작단체 IT(잇)","공연완료","http://www.kopis.or.kr/upload/pfmPoster/PF_PF297066_260727_154851.png","PF297066"
"제29회 서울프린지페스티벌, 곰팡이 되기","2026.08.23","2026.08.23","너울너울 (너울너울)","연극","류시현","홍경진, 최태식","전체 관람가","1시간","","공연완료","http://www.kopis.or.kr/upload/pfmPoster/PF_PF297064_260727_154030.png","PF297064"
"제29회 서울 프린지 페스티벌​, 쫑알극장","2026.08.13","2026.08.13","유영공간 (유영공간)","연극","강장군, 최은별","강장군, 최은별","전체 관람가","50분","","공연완료","http://www.kopis.or.kr/upload/pfmPoster/PF_PF297063_260727_154004.jpg","PF297063"
"제29회 서울프린지페스티벌, 그릭 트레제디 디지털 떼창 ↙음원장례식↘","2026.08.14","2026.08.14","스페이스 잉크(SPACE iNK) (스페이스 잉크(B1))","연극","김보우, 김도윤, 김중엽, 전혜인, 전총명, 김연수","김현승, 최정화, 김상훈 등","만 19세 이상","2시간","삼봉낙타퍼리","공연완료","http://www.kopis.or.kr/upload/pfmPoster/PF_PF297062_260727_154004.jpg","PF297062"
"제3회 대한민국 대학연극제, 그린 플레이스 2.0","2026.07.26","2026.07.26","용인포은아트홀 (용인포은아트홀)","연극","이영석, 강예슬, 강은빈, 김민서, 박경륜, 박지현, 윤현석 등","전성현, 이영석, 박정환 등","만 11세 이상","1시간 30분","(재)용인문화재단, 동아방송예술대학","공연완료","http://www.kopis.or.kr/upload/pfmPoster/PF_PF297060_260727_153301.gif","PF297060"
"제29회 서울 프린지 페스티벌, 거울 나라의 앨리스","2026.08.22","2026.08.23","리리랜드 (리리랜드 (B1))","연극","김세영, 한승현","한승현, 조원재","만 13세 이상","1시간","프로젝트 손짓","공연완료","http://www.kopis.or.kr/upload/pfmPoster/PF_PF297059_260727_153139.png","PF297059"
"제3회 대한민국 대학연극제, dOnut","2026.07.25","2026.07.25","용인시문화예술회관 (처인홀)","연극","서기정, 이준영, 임세헌, 이현, 이정연, 장수연, 권나린","강다연, 김정환, 김수연 등","만 11세 이상","1시간 30분","(재)용인문화재단, 경희대학교","공연완료","http://www.kopis.or.kr/upload/pfmPoster/PF_PF297058_260727_152752.gif","PF297058"
"오버 더 레인보우 [대학로]","2026.08.11","2026.08.23","대학로 스카이씨어터 (2관(5층 구 JK아트홀))","연극","김영웅, 한승도, 김류하, 유미란, 이선영, 오수윤, 천윤경 등","문경태, 김석범, 양기찬 등","만 15세 이상","1시간 40분","극단 야간비행, 극단 야간비행","공연완료","http://www.kopis.or.kr/upload/pfmPoster/PF_PF297057_260727_152752.gif","PF297057"
"제3회 대한민국 대학연극제, 이카이노 바이크: 경성대학교","2026.07.26","2026.07.26","용인시평생학습관 (여성회관) (큰어울마당)","연극","김경훈, 박준성, 소윤비, 김재환, 김지섭, 안수빈, 김원서 등","김경훈, 손예린, 이예은 등","만 14세 이상","1시간 30분","경성대학교 연극영화학부 뮤지컬전공","공연완료","http://www.kopis.or.kr/upload/pfmPoster/PF_PF297056_260727_152100.jpg","PF297056"
"산초와 돈키호테 [전주]","2026.10.15","2026.10.17","전북예술회관 (공연장)","연극","김해중, 송정수, 서현진","조현산, 이수진, 류찬 등","36개월 이상","55분","예술무대산","공연예정","http://www.kopis.or.kr/upload/pfmPoster/PF_PF297055_260727_152100.png","PF297055"
"제3회 대한민국 대학연극제, 두 코리아의 통일","2026.07.25","2026.07.25","용인문화예술원 (마루홀)","연극","김도겸, 김나현, 이레, 이지윤, 임결","정한나, 박세연, 김인애 등","만 14세 이상","1시간 10분","(재)용인문화재단, 중앙대학교 공연영상창작학부 연극전공","공연완료","http://www.kopis.or.kr/upload/pfmPoster/PF_PF297049_260727_150724.gif","PF297049"
"인간동물들","2026.08.21","2026.08.30","여행자극장 (여행자극장)","연극","송영근, 곽지숙, 윤성원, 임윤진, 정혜지, 성근창","이곤, 마정화, 정영 등","만 13세 이상","1시간 35분","K아트플래닛, 극단 적","공연중","http://www.kopis.or.kr/upload/pfmPoster/PF_PF297038_260727_144626.gif","PF297038"
"에스메의 여름 [양산]","2026.08.29","2026.08.29","양산문화예술회관 (대공연장)","연극","","","36개월 이상","1시간 10분","창작꿈터 놀이공장","공연예정","http://www.kopis.or.kr/upload/pfmPoster/PF_PF297036_260727_144323.png","PF297036"
"대학살의 신","2026.08.21","2026.08.22","성북미디어문화마루 꿈빛극장 (성북미디어문화마루 꿈빛극장)","연극","김선영, 이창래, 하지연 등","김세온, 최준호, 장민혁 등","만 11세 이상","1시간 25분","(재)성북문화재단","공연완료","http://www.kopis.or.kr/upload/pfmPoster/PF_PF297033_260727_143523.gif","PF297033"
"양은 양순하다","2026.08.06","2026.08.09","스튜디오D (스튜디오D)","연극","김예림, 문연지, 이수연, 박소현, 오혜진, 최상현, 하은성 등","이우천, 김다혜, 민병구 등","만 13세 이상","1시간 20분","극단 대학로극장, 극단 대학로극장","공연완료","http://www.kopis.or.kr/upload/pfmPoster/PF_PF297022_260727_141358.gif","PF297022"
"제3회 심야N연극제, #정답을작성해주세요","2026.09.02","2026.09.06","나인진홀 (구.청년극장) (나인진홀 1관)","연극","김도하, 정태영, 이고은, 한이수, 이재희, 오세영, 차경찬","박성원, 주은태, 정서빈 등","만 11세 이상","1시간 25분","(주) 나인진엔터테인먼트, 극단 배우들","공연예정","http://www.kopis.or.kr/upload/pfmPoster/PF_PF297021_260727_140610.gif","PF297021"
"알쏭달쏭 신비한 주방: 덕복리의 비밀 [김포]","2026.08.12","2026.08.12","통진두레문화센터 (두레홀)","연극","이정민, 김훈진, 이준수, 전가연","전보연, 이아림, 조주호 등","36개월 이상","50분","창작집단 열두시, 창작집단 열두시","공연완료","http://www.kopis.or.kr/upload/pfmPoster/PF_PF297018_260727_140000.gif","PF297018"
"섬토끼","2026.07.31","2026.07.31","보광극장 (보광극장)","연극","김준성, 박상욱, 오창현","박정환","만 13세 이상","1시간","라온디어","공연완료","http://www.kopis.or.kr/upload/pfmPoster/PF_PF297002_260727_132208.jpg","PF297002"
"슈만 [청주]","2026.10.17","2026.10.18","청주예술의전당 (대공연장)","연극","박상민, 김정화, 정애연, 김이담, 오승윤","박병건, 이우미 등","만 7세 이상","1시간 35분","(주)유엠아이엔터테인먼트, (주)유엠아이엔터테인먼트, 피에이치이엔엠(PH E&M), 피에이치이엔엠(PH E&M)","공연예정","http://www.kopis.or.kr/upload/pfmPoster/PF_PF297000_260727_131718.gif","PF297000"
"제3회 심야N연극제, 가족같네 [대전]","2026.08.20","2026.08.23","아신극장 (1관 (3층) )","연극","이건희, 변상일, 채시라, 이현균","변상일, 선명주, 이용헌 등","만 12세 이상","1시간 30분","(주)아신아트컴퍼니, 극단 뱃속의 나비","공연완료","http://www.kopis.or.kr/upload/pfmPoster/PF_PF296995_260727_130808.gif","PF296995"
"7인 [대학로]","2026.08.07","2026.08.09","북극곰소극장 (북극곰소극장)","연극","김대영, 배은종, 송지현, 이유리, 정채운, 천휘영, 황규현","황규현, 천휘영, 배은종 등","만 15세 이상","1시간 20분","극단 추억","공연완료","http://www.kopis.or.kr/upload/pfmPoster/PF_PF296991_260727_130001.gif","PF296991"
"도덕적 도둑 [하남]","2026.08.07","2026.08.09","하남 소극장(구.하남 단막극장) (하남 소극장(구.하남 단막극장))","연극","고광희, 노지원, 박권, 안선경, 천영서, 김현준, 정혜안","김현준","만 15세 이상","1시간","극단 C","공연완료","http://www.kopis.or.kr/upload/pfmPoster/PF_PF296970_260727_112914.gif","PF296970"
"어린이 참여공연, 아빠와 난 초등1학년 [김해]","2026.09.11","2026.09.12","김해칠암문화센터 (칠암도서관) (공연장)","연극","","","36개월 이상","1시간 10분","피비컴퍼니","공연예정","http://www.kopis.or.kr/upload/pfmPoster/PF_PF296969_260727_112914.jpg","PF296969"
"오늘부터 1일 [산청]","2026.08.21","2026.08.22","산청문화예술회관 (대공연장)","연극","송병갑, 김혜경, 김상문, 하은희, 안정호, 김안순, 조익준 등","전민규, 김상문, 진은주 등","만 5세 이상","1시간","극단 큰들","공연완료","http://www.kopis.or.kr/upload/pfmPoster/PF_PF296968_260727_112656.jpg","PF296968"
"진호네 청소가게 [대학로]","2026.08.12","2026.08.16","열린극장 (열린극장)","연극","김기수, 정명원, 설인화, 진완호, 황정남, 임근아, 최대훈 등","홍인표, 김지애, 서지훈 등","만 7세 이상","1시간 30분","간만에연극, 극단 원형무대","공연완료","http://www.kopis.or.kr/upload/pfmPoster/PF_PF296967_260727_112444.gif","PF296967"
"경로당 폰팅사건 [대구]","2026.08.19","2026.08.30","예술극장 온 (예술극장 온)","연극","천정락, 신숙희, 김재권, 구진아, 송은정, 신동우, 서유정 등","이국희, 서정란, 남가설 등","만 7세 이상","1시간 20분","극단 온누리","공연중","http://www.kopis.or.kr/upload/pfmPoster/PF_PF296965_260727_111849.jpg","PF296965"
"증명 [세종]","2026.08.02","2026.08.02","비오케이아트센터(BOK아트센터) (다목적공연장)","연극","진완시, 아누팜, 윤지영, 김해초","이태권, 이호영, 김예찬 등","만 13세 이상","1시간","창작집단 루페, 함께함의 공식","공연완료","http://www.kopis.or.kr/upload/pfmPoster/PF_PF296959_260727_110813.gif","PF296959"
"몽상가들 연극 페스티벌, 순환: 비우고 채우며 흐르다, 에덴의 섬","2026.08.27","2026.08.28","소극장 혜화당 (구. 까망소극장) (소극장 혜화당 (구. 까망소극장) )","연극","우다현, 이도희, 김채윤, 양소연","이지인, 서정, 이남희 등","만 12세 이상","1시간 35분","프로젝트 너울","공연예정","http://www.kopis.or.kr/upload/pfmPoster/PF_PF296947_260727_104100.jpg","PF296947"
"연극열전10, 네이처 오브 포겟팅","2026.09.18","2026.11.29","세종문화회관 (세종S씨어터)","연극","박정원, 전성우, 백성현, 김주연, 이정화, 김시유, 곽다인 등","허지혜, 기욤 피지, 김치영 등","만 8세 이상","1시간 15분","(주)연극열전, (주)연극열전","공연예정","http://www.kopis.or.kr/upload/pfmPoster/PF_PF296942_260727_103259.gif","PF296942"
"제29회 서울 프린지 페스티벌, 그림자의 자리: 나의 자리","2026.08.18","2026.08.19","미진플로어 (미진플로어)","연극","강세진, 성아라","강세진, 성아라, 황지원","만 12세 이상","1시간 30분","","공연완료","http://www.kopis.or.kr/upload/pfmPoster/PF_PF296936_260724_160409.jpg","PF296936"
"제29회 서울 프린지 페스티벌, 펭귄!","2026.08.08","2026.08.08","미진플로어 (미진플로어)","연극","김혜원, 신채원, 이윤재","이윤재, 신채원, 김유림 등","만 12세 이상","1시간 20분","","공연완료","http://www.kopis.or.kr/upload/pfmPoster/PF_PF296932_260724_153141.png","PF296932"
"제29회 서울프린지페스티벌, 공연한 토론","2026.08.12","2026.08.13","팔걸이 연습실 (팔걸이 연습실)","연극","김승언, 신문영","김승언, 신문영","만 15세 이상","1시간 30분","우주마인드프로젝트","공연완료","http://www.kopis.or.kr/upload/pfmPoster/PF_PF296931_260724_152712.jpeg","PF296931"
"제29회 서울프린지페스티벌, Odyssey from the east","2026.08.11","2026.08.16","소극장 공유 (소극장 공유)","연극","시마즈 카즈코, 요시무라 히로노","시마즈 카즈코, 키야 히로시, 하야카와 세이지","전체 관람가","55분","","공연완료","http://www.kopis.or.kr/upload/pfmPoster/PF_PF296927_260724_150123.jpg","PF296927"
"제29회 서울프린지페스티벌, 착한 욕망 나쁜 욕망 따로 있나 욕망하기 나름이지","2026.08.14","2026.08.15","유영공간 (유영공간)","연극","","","전체 관람가","1시간","","공연완료","http://www.kopis.or.kr/upload/pfmPoster/PF_PF296925_260724_145514.jpg","PF296925"
"제29회 서울프린지페스티벌, 홀로 가득한 방: A (w) hole room","2026.08.21","2026.08.22","스튜디오 마스 MAS (스튜디오 마스 MAS )","연극","홍세인, 김다은","김다솜, 박서연, 이영은 등","만 12세 이상","1시간 5분","창작집단 앵무새 옮기기","공연완료","http://www.kopis.or.kr/upload/pfmPoster/PF_PF296924_260724_145514.jpg","PF296924"
"젤리피쉬 [부산]","2026.09.05","2026.09.06","(재) 영화의전당 (하늘연극장)","연극","정수영, 백지윤, 김바다, 이휘종, 김범진","민새롬, 김현지, 주연경 등","만 13세 이상","2시간 30분","(재)영화의전당, (재)한국장애인문화예술원, 크리에이티브테이블 석영","공연예정","http://www.kopis.or.kr/upload/pfmPoster/PF_PF296923_260724_145351.gif","PF296923"
"제29회 서울프린지페스티벌, 암만 봐도 모르겠어","2026.08.14","2026.08.16","유영공간 (유영공간)","연극","고유경, 곽윤진, 한현지","조철훈, 홍지영","만 15세 이상","1시간","","공연완료","http://www.kopis.or.kr/upload/pfmPoster/PF_PF296921_260724_144227.png","PF296921"
"제29회 서울프린지페스티벌, 아버지를 조작해봤습니다","2026.08.07","2026.08.08","미진플로어 (미진플로어)","연극","유진, 정혜윤, 박기찬, 김도훈","노다슬, 이하미, 박채영 등","만 12세 이상","1시간 10분","단가행","공연완료","http://www.kopis.or.kr/upload/pfmPoster/PF_PF296918_260724_143636.jpeg","PF296918"
"제29회 서울프린지페스티벌, 働く女: 일하는 여자프린지 코드","2026.08.08","2026.08.09","모두의놀이터 (지하다해 (B1))","연극","김채이, 박은솔, 박이정화","최은미, 정슬기, 우에무라 준코","만 13세 이상","1시간","","공연완료","http://www.kopis.or.kr/upload/pfmPoster/PF_PF296916_260724_142951.png","PF296916"
"제29회 서울프린지페스티벌, 산업안전보건기준에 관한 규칙 제80조에 의거한 서비스직 근로자의 안전 관리 매뉴얼 만들기","2026.08.15","2026.08.15","스튜디오 마스 MAS (스튜디오 마스 MAS )","연극","류소연","류소연","전체 관람가","1시간","","공연완료","http://www.kopis.or.kr/upload/pfmPoster/PF_PF296913_260724_142220.jpg","PF296913"
"제14회 서울단편극 페스티벌, 난상공론: 토스트구워주는 남자, 폴리웜","2026.07.25","2026.07.26","제이원 씨어터 (구. 서완소극장, 구. 씨어터고리) (제이원 씨어터 (구. 서완소극장, 구. 씨어터고리) )","연극","최지은, 박신운, 김승희, 김치성, 이승훈","임정혁, 노진우, 강성해 등","만 12세 이상","1시간 30분","(주)라인컴퍼니","공연완료","http://www.kopis.or.kr/upload/pfmPoster/PF_PF296910_260724_141243.jpg","PF296910"
"해를 낚은 할아버지 [함안]","2026.09.05","2026.09.05","함안문화예술회관 (대공연장)","연극","이병선, 고은경, 임보람, 신소영, 김성현, 이다정, 정성진 등","배근영, 황성하, 김정미 등","만 3세 이상","1시간","극단 로기나래","공연예정","http://www.kopis.or.kr/upload/pfmPoster/PF_PF296908_260724_140910.jpg","PF296908"
"킬러 조 [부산]","2026.08.27","2026.09.06","전포와일드클럽 (전포와일드클럽)","연극","김지훈, 이규성, 최다래, 김휘준, 김수정","","만 15세 이상","1시간 20분","극단이야기협동조합","공연예정","http://www.kopis.or.kr/upload/pfmPoster/PF_PF296893_260811_165223.jpg","PF296893"
"운빨로맨스 [전주]","2026.10.02","2026.11.08","한해랑아트홀 (한해랑아트홀)","연극","김준영, 서동현, 정승준, 민지율, 윤서우, 차은담, 이건희 등","","만 13세 이상","1시간 30분","한해랑아트홀(극단 한해랑), 한해랑아트홀(극단 한해랑)","공연예정","http://www.kopis.or.kr/upload/pfmPoster/PF_PF296889_260724_131629.jpg","PF296889"
"제9회 1번출구 연극제: 우간다의 봄, 위스키바 블러디메리, 기념비","2026.08.05","2026.08.30","대학로 자유극장 (자유문화발전소) (대학로 자유극장 (자유문화발전소) )","연극","이탁호, 심완준, 정경호, 차은진, 하성훈, 안성빈, 유동원 등","박혜선, 최덕문, 정경호 등","만 11세 이상","1시간 50분","(주)주다컬쳐","공연중","http://www.kopis.or.kr/upload/pfmPoster/PF_PF296885_260724_124926.gif","PF296885"
"뼈다귀 재판 [대학로]","2026.09.03","2026.09.06","미마지아트센터 (물빛극장)","연극","백준헌, 유성, 이수정","김한정, 김준영, 홍성락 등","만 14세 이상","1시간 5분","","공연예정","http://www.kopis.or.kr/upload/pfmPoster/PF_PF296883_260724_124628.gif","PF296883"
"봉천내 사람들: 만두 전성시대 [원주]","2026.08.07","2026.08.08","소금산그랜드밸리(간현관광지) (소금산그랜드밸리(간현관광지))","연극","","","전체 관람가","1시간 40분","씨어터컴퍼니 웃끼","공연완료","http://www.kopis.or.kr/upload/pfmPoster/PF_PF296866_260724_112143.gif","PF296866"
"서빛마루문예회관 명작콘서트, Drama On Stage: 오스카와 장미할머니 [광주] (8월)","2026.08.22","2026.08.22","서빛마루문화예술회관 (서빛마루문화예술회관)","연극","양선아, 윤미란, 김여름, 정일행, 조아라","김지훈, 원광연, 김상오 등","만 7세 이상","1시간 10분","광주광역시 서구청 (서빛마루문화예술회관), 광주시립극단","공연완료","http://www.kopis.or.kr/upload/pfmPoster/PF_PF296859_260724_110107.jpg","PF296859"
"베니스의 상인 [이천]","2026.09.11","2026.09.12","이천아트홀 (대공연장)","연극","박근형, 이승주, 최수영, 원진아, 이상윤, 김슬기, 김아영 등","오경택, 박연주, 신호 등","만 7세 이상","2시간 20분","(주)파크컴퍼니, 이천아트홀","공연예정","http://www.kopis.or.kr/upload/pfmPoster/PF_PF296856_260724_105131.gif","PF296856"
"서빛마루문예회관 공연나눔 기획공연, 무대공감 콘서트 #3. 세친구 기동타격대 [광주]","2026.08.08","2026.08.08","서빛마루문화예술회관 (서빛마루문화예술회관)","연극","김호준, 김정훈, 정병인, 김은숙","김호준, 정예진, 이단비 등","만 7세 이상","1시간 10분","광주광역시 서구청 (서빛마루문화예술회관), 극단 깍지","공연완료","http://www.kopis.or.kr/upload/pfmPoster/PF_PF296854_260724_104623.jpg","PF296854"
"제3회 심야N연극제, 이혼하고 싶은 남자 [대전]","2026.08.27","2026.08.30","아신극장 (1관 (3층) )","연극","허안나, 김민희, 강동수, 이진혁, 모채원, 이서영, 배준수 등","황승현, 이정현, 이승복 등","만 15세 이상","1시간 20분","(주)아신아트컴퍼니, 극단 피자","공연예정","http://www.kopis.or.kr/upload/pfmPoster/PF_PF296852_260724_104050.gif","PF296852"
"제29회 서울 프린지 페스티벌, 집들이: 방-람회","2026.08.18","2026.08.23","온수공간 (온수공간)","연극","김수완, 남궁은수, 이예린, 장재희","김수완, 남궁은수, 이예린 등","만 12세 이상","3시간","","공연완료","http://www.kopis.or.kr/upload/pfmPoster/PF_PF296837_260723_171047.jpeg","PF296837"
"제29회 서울 프린지 페스티벌, 엄마가 선을 넘었다","2026.08.14","2026.08.15","너울너울 (너울너울)","연극","김인아 등","","전체 관람가","35분","","공연완료","http://www.kopis.or.kr/upload/pfmPoster/PF_PF296836_260723_170244.png","PF296836"
"제29회 서울 프린지 페스티벌: 아무튼, 같이","2026.08.18","2026.08.23","모두의놀이터 (플랫폼 달 (2F))","연극","김윤경, 유나임, 황혜민","김윤경, 유나임, 황혜민","만 12세 이상","1시간","","공연완료","http://www.kopis.or.kr/upload/pfmPoster/PF_PF296835_260723_165619.png","PF296835"
"제29회 서울 프린지 페스티벌, 실수하기 전에 카운트인을 해야 해!","2026.08.14","2026.08.14","서보아트스페이스(서보미술문화공간)[서울] (SOUNDS)","연극","최혜경, 허지유, 김솔비","허지유, 강미지, 김남경 등","만 15세 이상","1시간 20분","비인칭네이션","공연완료","http://www.kopis.or.kr/upload/pfmPoster/PF_PF296833_260723_164919.jpeg","PF296833"
"제29회 서울 프린지 페스티벌, 백색왜성","2026.08.07","2026.08.09","모브닷.에이 (모브닷.에이)","연극","신미래","안수현, 박민희, 최유담 등","만 12세 이상","1시간 30분","","공연완료","http://www.kopis.or.kr/upload/pfmPoster/PF_PF296831_260723_163333.png","PF296831"
"제29회 서울프린지페스티벌, 이곳에서","2026.08.15","2026.08.16","너울너울 (너울너울)","연극","오승은","오승은, 신지예","전체 관람가","50분","","공연완료","http://www.kopis.or.kr/upload/pfmPoster/PF_PF296830_260723_162410.png","PF296830"
"제29회 서울 프린지 페스티벌, 밤숨 워크샵","2026.08.22","2026.08.23","온수공간 (온수공간)","연극","신예진, 추가연, 김가언","신예진, 추가연, 김가언","전체 관람가","1시간 40분","","공연완료","http://www.kopis.or.kr/upload/pfmPoster/PF_PF296829_260723_162301.jpg","PF296829"
"제29회 서울프린지페스티벌, 전치 8주 간의 협상","2026.08.14","2026.08.15","미진플로어 (미진플로어)","연극","정민석, 오주현, 최이레, 임수홍, 최서희","장정호, 최현서, 임수홍","만 12세 이상","1시간","이비상협동조합","공연완료","http://www.kopis.or.kr/upload/pfmPoster/PF_PF296828_260723_162054.png","PF296828"
"제29회 서울프린지페스티벌, 이 대본은 AI가 작성하지 않았습니다","2026.08.22","2026.08.22","스튜디오 마스 MAS (스튜디오 마스 MAS )","연극","장영근, 하태선, 김소호, 김솔인, 박지윤, 김은준","김명석","전체 관람가","45분","극단 by U","공연완료","http://www.kopis.or.kr/upload/pfmPoster/PF_PF296827_260723_161912.png","PF296827"
"제29회 서울 프린지 페스티벌, 모던 보이","2026.08.07","2026.08.23","스페이스 바이 파소(Space by Paso) (스페이스 바이 파소)","연극","강다윤, 박서연, 변예원, 선민규, 유태영, 정소해, 정휘욱 등","안기현, 이준영, 노윤지 등","만 15세 이상","1시간 20분","극단 KTA IN (Korea Theater Art IN)","공연완료","http://www.kopis.or.kr/upload/pfmPoster/PF_PF296826_260723_161640.png","PF296826"
"제29회 서울프린지페스티벌, 네 개의 팔, 하나의 심장","2026.08.22","2026.08.22","미진플로어 (미진플로어)","연극","전병성, 유성현, 강해향 등","황승현, 전병성, 김범태 등","만 12세 이상","35분","극단 씨어터 2순간(Theater 2순간)","공연완료","http://www.kopis.or.kr/upload/pfmPoster/PF_PF296825_260723_161532.jpg","PF296825"
"제29회 서울프린지페스티벌, 브랜디드","2026.08.07","2026.08.16","모두의놀이터 (플랫폼 달 (2F))","연극","윤나은, 주서정, 류희선","김연우, 김수진, 여다혜 등","만 15세 이상","50분","창작집단 반지름","공연완료","http://www.kopis.or.kr/upload/pfmPoster/PF_PF296824_260723_161149.png","PF296824"
"제29회 서울프린지페스티벌, 고고럭키피존 (GO GO LUCKY PIGEON)","2026.08.09","2026.08.11","미진플로어 (미진플로어)","연극","김민규, 표지인","유아림","전체 관람가","50분","어몸말","공연완료","http://www.kopis.or.kr/upload/pfmPoster/PF_PF296822_260723_160903.png","PF296822"
"제29회 서울프린지페스티벌, 후라후라 후라이 먹는 기분으로","2026.08.20","2026.08.23","카페 인디카 (카페 인디카)","연극","김근수, 우승우, 이지수, 김라연, 김지민, 이지수","이지수, 안정빈, 김수려 등","전체 관람가","1시간 30분","","공연완료","http://www.kopis.or.kr/upload/pfmPoster/PF_PF296821_260723_160518.png","PF296821"
"제29회 서울프린지페스티벌, 커피와 식물","2026.08.08","2026.08.09","너울너울 (너울너울)","연극","최영열","최영열","전체 관람가","1시간 10분","","공연완료","http://www.kopis.or.kr/upload/pfmPoster/PF_PF296820_260723_160316.jpeg","PF296820"
"제29회 서울프린지페스티벌, 삼국지: 난세에 할 일","2026.08.20","2026.08.20","온수공간 (온수공간)","연극","김보우, 김현승, 김휘람","김보우, 김상훈, 김현승 등","전체 관람가","1시간","","공연완료","http://www.kopis.or.kr/upload/pfmPoster/PF_PF296819_260723_160251.jpeg","PF296819"
"제29회 서울 프린지 페스티벌, 대기번호 패자부활전","2026.08.23","2026.08.23","미진플로어 (미진플로어)","연극","권정연, 김정연, 박초원, 정혜안, 한우림","황지연, 임하령, 임혜린 등","만 12세 이상","1시간 30분","프로젝트 망령","공연완료","http://www.kopis.or.kr/upload/pfmPoster/PF_PF296818_260723_160251.jpg","PF296818"
"제29회 서울프린지페스티벌, 인간 벗어나기 프로젝트","2026.08.15","2026.08.16","리리랜드 (리리랜드 (B1))","연극","부새연","이고은, 김기보, 고진영 등","만 13세 이상","50분","창작집단 여닫기","공연완료","http://www.kopis.or.kr/upload/pfmPoster/PF_PF296817_260723_155847.jpg","PF296817"
"제29회 서울프린지페스티벌: 사랑, 방, 엄마 그리고 손님","2026.08.07","2026.08.09","리리랜드 (리리랜드 (B1))","연극","김연재, 이준경, 최선은","김연재, 이준경, 최선은 등","만 13세 이상","1시간 30분","","공연완료","http://www.kopis.or.kr/upload/pfmPoster/PF_PF296816_260723_155640.jpeg","PF296816"
"제29회 서울프린지페스티벌, 화살은 진동하며 난다","2026.08.14","2026.08.15","유영공간 (유영공간)","연극","김이영, 여동윤","김시은, 황태희, 정혜련","전체 관람가","1시간","","공연완료","http://www.kopis.or.kr/upload/pfmPoster/PF_PF296815_260723_155640.png","PF296815"
"제29회 서울프린지페스티벌, 슬립 모어 (SLEEP MORE)","2026.08.22","2026.08.23","온수공간 (온수공간)","연극","구자윤, 김도윤, 김동민, 김동준, 김보우, 김상훈, 전강채 등","김상훈","전체 관람가","1시간 30분","음이온","공연완료","http://www.kopis.or.kr/upload/pfmPoster/PF_PF296814_260723_155307.png","PF296814"
"제29회 서울 프린지 페스티벌: 다만, 어디쯤 왔는지는","2026.08.13","2026.08.16","서보아트스페이스(서보미술문화공간)[서울] (보이드 홀)","연극","이민정, 홍정기","이민정, 홍정기","전체 관람가","40분","","공연완료","http://www.kopis.or.kr/upload/pfmPoster/PF_PF296813_260723_155132.png","PF296813"
"제29회 서울프린지페스티벌, 펭귄!","2026.08.09","2026.08.09","모두의놀이터 (플랫폼 달 (2F))","연극","김혜원, 신채원, 이윤재","신채원, 이윤재, 김혜원 등","만 12세 이상","1시간 20분","","공연완료","http://www.kopis.or.kr/upload/pfmPoster/PF_PF296812_260723_155000.png","PF296812"
"제29회 서울프린지페스티벌, 수상한 하루","2026.08.13","2026.08.15","유영공간 (유영공간)","연극","강민지, 노제현","신재욱, 임현진, 윤예은","만 5세 이상","1시간","아이모멘트","공연완료","http://www.kopis.or.kr/upload/pfmPoster/PF_PF296810_260723_154954.png","PF296810"
"제29회 서울프린지페스티벌, 귀여움 해방선언","2026.08.21","2026.08.22","너울너울 (너울너울)","연극","최영현","최영현","만 12세 이상","40분","","공연완료","http://www.kopis.or.kr/upload/pfmPoster/PF_PF296809_260723_154515.png","PF296809"
"제29회 서울 프린지 페스티벌, 고라니","2026.08.13","2026.08.14","모두의놀이터 (플랫폼 달 (2F))","연극","지다흰, 이리안, 김현지, 이해경","서승연, 주예령, 이주연 등","만 12세 이상","1시간","여성창작집단 하이카라","공연완료","http://www.kopis.or.kr/upload/pfmPoster/PF_PF296808_260723_154341.jpeg","PF296808"
"제29회 서울프린지페스티벌, 고트하르트 베이스 터널","2026.08.21","2026.08.22","온수공간 (온수공간)","연극","박정민, 박준환, 정다인","김인주, 이지민","만 15세 이상","40분","프로젝트팀 얼레벌레","공연완료","http://www.kopis.or.kr/upload/pfmPoster/PF_PF296806_260723_153939.png","PF296806"
"제29회 서울프린지페스티벌, 소풍","2026.08.11","2026.08.12","리리랜드 (리리랜드 (B1))","연극","이정연, 홍지혜, 김찬중","정진희, 이정연, 홍지혜 등","전체 관람가","1시간","크리스마스 컴퍼니, 크리스마스 컴퍼니","공연완료","http://www.kopis.or.kr/upload/pfmPoster/PF_PF296805_260723_153725.png","PF296805"
"제29회 서울 프린지 페스티벌, 걸밴드 음주가무의 교환일기","2026.08.11","2026.08.16","리리랜드 (리리랜드 (B1))","연극","김현영, 이수민, 이정연, 이정희","김현영, 이수민, 이정연 등","만 15세 이상","1시간","","공연완료","http://www.kopis.or.kr/upload/pfmPoster/PF_PF296804_260723_153609.jpeg","PF296804"
"제29회 서울프린지페스티벌, 뜬구름: 우리들의 실패한 사랑 정의집","2026.08.14","2026.08.15","온수공간 (온수공간)","연극","김유안, 문채윤, 임석현, 하승우","이재원","만 15세 이상","1시간","재재프로젝트","공연완료","http://www.kopis.or.kr/upload/pfmPoster/PF_PF296803_260723_153448.png","PF296803"
"제29회 서울프린지페스티벌 X 제8회 페미니즘 연극제, 인큐베이팅: 아귀","2026.08.07","2026.08.08","서보아트스페이스(서보미술문화공간)[서울] (SOUNDS)","연극","고연주, 장샘이, 한유진, 이보미","송보민, 이보미, 백범 등","만 15세 이상","45분","","공연완료","http://www.kopis.or.kr/upload/pfmPoster/PF_PF296802_260723_153336.jpeg","PF296802"
"제29회 서울프린지페스티벌, PC함에 대한 가장 단순한 대담","2026.08.13","2026.08.13","유영공간 (유영공간)","연극","최가경, 한다경, 최승주, 한채리","최가경, 성지윤, 박중현","만 12세 이상","1시간","콜렉티브 와유, 콜렉티브 와유","공연완료","http://www.kopis.or.kr/upload/pfmPoster/PF_PF296801_260723_152802.jpg","PF296801"
"제29회 서울 프린지 페스티벌, 드라이빙 미 크레이제: 괴짜와 미녀, 그리고 양아치","2026.08.20","2026.08.22","모두의놀이터 (플랫폼 달 (2F))","연극","백혜경, 경지은, 오승은, 양대은","고은별","만 15세 이상","1시간 15분","","공연완료","http://www.kopis.or.kr/upload/pfmPoster/PF_PF296800_260723_152721.png","PF296800"
"제29회 서울프린지페스티벌, 다 들어줄 게","2026.08.08","2026.08.09","서보미술문화공간 별관 [서울]  (서보미술문화공간 별관 [서울])","연극","김이솔, 백송시원, 양세미, 이미라","박예지, 김은빈, 양세미 등","만 7세 이상","1시간 20분","","공연완료","http://www.kopis.or.kr/upload/pfmPoster/PF_PF296799_260723_152721.jpeg","PF296799"
"제29회 서울프린지페스티벌, 불편한데 불편하다고 말하기도 불편해서 불편한 것들","2026.08.13","2026.08.14","미진플로어 (미진플로어)","연극","김소영","김소영, 진수아","만 13세 이상","1시간","","공연완료","http://www.kopis.or.kr/upload/pfmPoster/PF_PF296798_260723_152529.png","PF296798"
"제29회 서울프린지페스티벌, DOME","2026.08.20","2026.08.20","스튜디오 마스 MAS (스튜디오 마스 MAS )","연극","김현서, 정다연, 하이안","김도경, 서다은, 조서현","만 13세 이상","1시간","","공연완료","http://www.kopis.or.kr/upload/pfmPoster/PF_PF296797_260723_152417.jpeg","PF296797"
"제29회 서울 프린지 페스티벌, 잘 (못) 얘기를 좀 해 볼까요: 뭔가 실수한 사람들","2026.08.11","2026.08.12","팔걸이 연습실 (팔걸이 연습실)","연극","","한수현, 유리, 류종은 등","전체 관람가","1시간","","공연완료","http://www.kopis.or.kr/upload/pfmPoster/PF_PF296795_260723_151854.jpg","PF296795"
"제29회 서울프린지페스티벌, 트리거 해피","2026.08.11","2026.08.13","팔걸이 연습실 (팔걸이 연습실)","연극","문재호","문재호, 권나은, 남선미","만 12세 이상","1시간","","공연완료","http://www.kopis.or.kr/upload/pfmPoster/PF_PF296794_260723_151752.jpg","PF296794"
"제29회 서울프린지페스티벌, 공연장 생태보고서","2026.08.11","2026.08.11","서보아트스페이스(서보미술문화공간)[서울] (보이드 홀)","연극","최성우, 정우근, 김다영, 강희진, 최노아, 김성민","정태훈, 임성훈, 강다솜 등","전체 관람가","1시간","","공연완료","http://www.kopis.or.kr/upload/pfmPoster/PF_PF296793_260723_151557.png","PF296793"
"제29회 서울프린지페스티벌, 안티포나 포 터널링 (Antiphona for Tunneling)","2026.08.07","2026.08.09","TINC This is Not a Church(구. 명성교회) (TINC)","연극","김예은, 박예리","진윤선, 유태희, 김보영 등","만 12세 이상","1시간","네이키드블루스, 스칸도 프로젝트","공연완료","http://www.kopis.or.kr/upload/pfmPoster/PF_PF296791_260723_151010.png","PF296791"
"제29회 서울프린지페스티벌, 궁극의 바보를 향해서","2026.08.14","2026.08.16","팔걸이 연습실 (팔걸이 연습실)","연극","박세아, 엄혜빈","박세아, 엄혜빈, 손한영","전체 관람가","1시간","","공연완료","http://www.kopis.or.kr/upload/pfmPoster/PF_PF296788_260723_150149.png","PF296788"
"제29회 서울프린지페스티벌, 사라진 젤리","2026.08.18","2026.08.19","스튜디오 마스 MAS (스튜디오 마스 MAS )","연극","문지수, 박이슬, 송하늘","이수림, 김민수, 이선","만 12세 이상","1시간","","공연완료","http://www.kopis.or.kr/upload/pfmPoster/PF_PF296787_260723_150148.gif","PF296787"
"제29회 서울프린지페스티벌, 실오라기 수선실: 낡은 시간을 기우는 곳","2026.08.16","2026.08.16","서보아트스페이스(서보미술문화공간)[서울] (보이드 홀)","연극","차승현, 강채원, 차소현, 김태현, 정진형, 김강산, 신주현 등","강채원, 차소현, 최승회 등","전체 관람가","1시간 10분","실오라기 프로젝트(SilOragie)","공연완료","http://www.kopis.or.kr/upload/pfmPoster/PF_PF296786_260723_145900.jpg","PF296786"
"제29회 서울프린지페스티벌, 오픈리허설: 강산안드레아스교차로속그리니치와우주","2026.08.20","2026.08.20","너울너울 (너울너울)","연극","박은교, 김민서, 김자령, 이은영","이은영, 김자령","전체 관람가","1시간 30분","프로젝트 과자","공연완료","http://www.kopis.or.kr/upload/pfmPoster/PF_PF296785_260723_145527.png","PF296785"
"제29회 서울프린지페스티벌, 농담과 저주","2026.08.15","2026.08.16","서보아트스페이스(서보미술문화공간)[서울] (SOUNDS)","연극","정유경, 정해령, 조혜진","김소은, 김지원, 모영조 등","전체 관람가","1시간 40분","막과막사이","공연완료","http://www.kopis.or.kr/upload/pfmPoster/PF_PF296783_260723_145451.jpg","PF296783"
"제29회 서울프린지페스티벌, 경력이 단절된 적 없는 경단녀 보람씨","2026.08.08","2026.08.09","모두의놀이터 (플랫폼 달 (2F))","연극","강유진","강유진","만 12세 이상","1시간","As given 주어진대로","공연완료","http://www.kopis.or.kr/upload/pfmPoster/PF_PF296779_260723_143942.png","PF296779"
"제29회 서울프린지페스티벌, 뽀뽀킹러브","2026.08.13","2026.08.15","리리랜드 (리리랜드 (B1))","연극","권영아, 김시은, 김자령","권영아, 김시은, 김자령","전체 관람가","1시간 20분","아주작고사소한프로젝트","공연완료","http://www.kopis.or.kr/upload/pfmPoster/PF_PF296775_260723_143042.png","PF296775"
"제29회 서울프린지페스티벌, 같은 하루","2026.08.11","2026.08.12","모두의놀이터 (플랫폼 달 (2F))","연극","이장건, 이창주, 백란희, 장보인, 김송이, 강인대","박상준 등","만 19세 이상","1시간","백상 白象 Co.","공연완료","http://www.kopis.or.kr/upload/pfmPoster/PF_PF296772_260723_142352.png","PF296772"
"제29회 서울프린지페스티벌, 조용히 죽어가는 집","2026.08.16","2026.08.16","팔걸이 연습실 (팔걸이 연습실)","연극","홍영인","구와연, 연제은 등","만 15세 이상","1시간","","공연완료","http://www.kopis.or.kr/upload/pfmPoster/PF_PF296770_260723_141901.jpg","PF296770"
"제29회 서울프린지페스티벌, 글로브 극장","2026.08.07","2026.08.08","팔걸이 연습실 (팔걸이 연습실)","연극","박수빈, 성호석, 이혜진, 장정아","이혜진, 장정아, 엄현석 등","만 12세 이상","1시간","극단 장거리여행사","공연완료","http://www.kopis.or.kr/upload/pfmPoster/PF_PF296768_260723_141621.png","PF296768"
"제83회 부산시립극단 정기공연, 메데이아 [부산]","2026.09.11","2026.09.13","부산문화회관 (중극장)","연극","이현주, 이혁우, 황창기, 김은옥, 채민수, 이태성, 서보기 등","박용희, 박동재, 박소희 등","만 15세 이상","1시간 40분","부산시립극단","공연예정","http://www.kopis.or.kr/upload/pfmPoster/PF_PF296764_260723_135836.jpg","PF296764"
"바다의 윤슬 [대학로]","2026.10.07","2026.10.11","코델아트홀 (코델아트홀)","연극","이민재, 김정태, 이승엽, 신승희, 서나은","신승희, 김시율, 남승목 등","만 5세 이상","1시간 20분","창작집단 은결, 창작집단 은결","공연예정","http://www.kopis.or.kr/upload/pfmPoster/PF_PF296762_260723_134941.gif","PF296762"
"제29회 광주소극장축제, 양팔저울","2026.08.12","2026.08.13","공연일번지 (공연일번지)","연극","","","만 13세 이상","1시간","씨어터컴퍼니 웃끼","공연완료","http://www.kopis.or.kr/upload/pfmPoster/PF_PF296760_260723_134657.jpg","PF296760"
"체인지 데이즈 [부산]","2026.08.01","2026.09.05","가온아트홀 [부산] (1관)","연극","이원준, 이민경, 황재훈","","만 15세 이상","1시간 20분","극단이야기협동조합, 극단이야기협동조합","공연중","http://www.kopis.or.kr/upload/pfmPoster/PF_PF296750_260818_110143.gif","PF296750"
"제29회 광주소극장축제, 유미래 실종사건","2026.08.07","2026.08.08","예술극장 통 (예술극장 통)","연극","김진희, 채희영, 강현구, 전도연, 이유정, 류연수, 김가연","","만 16세 이상","1시간 15분","광주소극장협회, 극단 청춘","공연완료","http://www.kopis.or.kr/upload/pfmPoster/PF_PF296749_260723_132724.jpg","PF296749"
"연극 극단 [부산]","2026.08.07","2026.08.09","소극장 6번출구 (소극장 6번출구)","연극","안애린, 배유빈, 김승환, 김시아, 유지환, 전희태","김가영, 허석민, 신수진 등","만 15세 이상","1시간 20분","따뜻한사람","공연완료","http://www.kopis.or.kr/upload/pfmPoster/PF_PF296747_260723_132111.jpg","PF296747"
"제29회 광주 소극장 축제, 도대체 나보고 어쩌라고","2026.08.07","2026.08.09","지니아트홀 (지니아트홀)","연극","윤석","박명진, 이석진, 김예찬 등","전체 관람가","1시간","광주소극장협회, 극단 지니컬쳐","공연완료","http://www.kopis.or.kr/upload/pfmPoster/PF_PF296742_260723_131340.jpg","PF296742"
"유원 [인천]","2026.10.22","2026.10.24","부평아트센터 (해누리극장)","연극","","전윤환, 권근영, 송지인 등","만 11세 이상","1시간 45분","(재)인천광역시 부평구문화재단(부평아트센터), A.N.D Theatre(앤드씨어터)","공연예정","http://www.kopis.or.kr/upload/pfmPoster/PF_PF296741_260723_130501.gif","PF296741"
"리퍼블릭 세컨드 [대학로]","2026.08.20","2026.08.23","소극장 공유 (소극장 공유)","연극","전윤희, 최정은, 김시현, 박소라, 강리브가, 박지원, 방서인 등","천희진, 박신애, 이해수 등","만 13세 이상","1시간 25분","창작집단 반향","공연완료","http://www.kopis.or.kr/upload/pfmPoster/PF_PF296734_260723_124922.gif","PF296734"
"제29회 서울프린지페스티벌, 수치스러우면 쏘아봐","2026.08.11","2026.08.12","스튜디오 마스 MAS (스튜디오 마스 MAS )","연극","배민수, 이유진, 한송희","이유진, 한송희, 이유진 등","만 15세 이상","1시간 20분","","공연완료","http://www.kopis.or.kr/upload/pfmPoster/PF_PF296726_260723_122039.png","PF296726"
"미래에게","2026.08.22","2026.08.23","다케이씨어터 (구. 창조소극장)  (다케이씨어터 (구. 창조소극장) )","연극","김선주, 박정현","이민, 김혜서, 한세은 등","만 13세 이상","1시간 20분","극단 줄곧","공연완료","http://www.kopis.or.kr/upload/pfmPoster/PF_PF296715_260723_112102.jpg","PF296715"
"정류장: 두 개의 이야기","2026.07.30","2026.08.01","문학시어터 (문학시어터)","연극","양창완, 양은영, 유무선, 김지수, 시미즈 쿠미, 코모리 사토시, 이치노세 카나데","이재상, 이나구, 이강덕 등","만 12세 이상","1시간 30분","","공연완료","http://www.kopis.or.kr/upload/pfmPoster/PF_PF296709_260723_110256.jpg","PF296709"
"해를 낚은 할아버지 [함안] (단체)","2026.09.04","2026.09.04","함안문화예술회관 (대공연장)","연극","이병선, 고은경, 임보람, 신소영, 김성현, 이다정, 정성진 등","배근영, 황성하, 김정미 등","48개월 이상","1시간","","공연예정","http://www.kopis.or.kr/upload/pfmPoster/PF_PF296706_260723_105534.jpg","PF296706"
"수상한 룸메이트 (원작 비누향기)","2026.08.01","2026.09.30","서연아트홀 (구. 인아소극장) (서연아트홀 (구. 인아소극장) )","연극","박정윤, 이유리, 한도하, 홍대교, 장예슬, 이채원, 김미진 등","노푸름 등","만 12세 이상","1시간 50분","(주)파릇, (주)파릇","공연중","http://www.kopis.or.kr/upload/pfmPoster/PF_PF296698_260807_111221.gif","PF296698"
"JB와 함께하는 더 그린, 더 힐링: 파도와 소녀 [천안]","2026.08.09","2026.08.09","천안어린이꿈누리터 (구. 천안시 어린이 회관) (자유소극장)","연극","최은주, 김민지, 엄민지, 유다영, 반가영, 조은별","","48개월 이상","40분","","공연완료","http://www.kopis.or.kr/upload/pfmPoster/PF_PF296695_260723_103034.png","PF296695"
"제3회 대한민국 대학연극제, 피그말리온들","2026.07.22","2026.07.22","용인포은아트홀 (용인포은아트홀)","연극","이상원, 박정은, 한채연, 류서진, 이가은, 장문기, 한지윤","이승훈, 이가람, 이서진 등","만 14세 이상","1시간 15분","(재)용인문화재단, 청운대학교 연극예술학과","공연완료","http://www.kopis.or.kr/upload/pfmPoster/PF_PF296689_260722_152358.gif","PF296689"
"제3회 대한민국 대학연극제, Barbie: 서경대학교","2026.07.22","2026.07.22","용인시평생학습관 (여성회관) (큰어울마당)","연극","지시현, 신우창, 이건희, 신원재, 김서하, 오지후","서유선, 이태영, 한서현 등","만 14세 이상","1시간 20분","","공연완료","http://www.kopis.or.kr/upload/pfmPoster/PF_PF296683_260722_150814.gif","PF296683"
"파랑새 [수원]","2026.09.18","2026.09.19","정조테마공연장 (정조테마공연장)","연극","양조아, 양종욱","박지혜 등","만 12세 이상","1시간 30분","(재) 수원문화재단(수원SK아트리움), 양손프로젝트","공연예정","http://www.kopis.or.kr/upload/pfmPoster/PF_PF296677_260722_145701.gif","PF296677"
"어린이 아트스테이지, 꼬마장승 가출기 [김포]","2026.08.29","2026.08.30","통진두레문화센터 (두레홀)","연극","","","36개월 이상","50분","(재)김포문화재단, 극단 마루한, 통진두레문화센터","공연예정","http://www.kopis.or.kr/upload/pfmPoster/PF_PF296674_260722_145221.gif","PF296674"
"가족사진 [대학로]","2026.07.30","2026.08.02","더 씨어터 (더 씨어터)","연극","감상진, 김우성, 지치현, 김유신, 정채원, 조대상, 하정우 등","김성진, 지치현, 하정우 등","만 12세 이상","1시간 40분","세로등","공연완료","http://www.kopis.or.kr/upload/pfmPoster/PF_PF296673_260722_145015.gif","PF296673"
"민들레 바람되어 [대구]","2026.08.14","2026.08.15","대구문화예술회관 (비슬홀)","연극","김정연, 황승일, 김재권, 강석호, 김경선","성석배, 박춘근, 이완기","만 13세 이상","1시간 30분","대구문화예술회관","공연완료","http://www.kopis.or.kr/upload/pfmPoster/PF_PF296653_260722_141924.gif","PF296653"
"제11회 여성연극제 연출가전, 사천의 착한 여자","2026.08.12","2026.08.16","드림시어터 [대학로] (소극장)","연극","박재이, 서도하, 이정후, 김보미, 김태훈, 이해원, 김욱래 등","최서은, 정태민, 전재현 등","만 12세 이상","1시간 40분","극단 스튜디오말리, 한국여성연극협회","공연완료","http://www.kopis.or.kr/upload/pfmPoster/PF_PF296635_260722_134628.gif","PF296635"
"돗가비 [대구]","2026.08.29","2026.08.29","봉산문화회관 (가온홀)","연극","조용채, 남우희, 조성아, 이중원, 신규섭, 박송이, 서진교 등","유슬아, 신규섭, 서진교 등","만 4세 이상","1시간 5분","별들의도시 은하, 별들의도시 은하","공연예정","http://www.kopis.or.kr/upload/pfmPoster/PF_PF296630_260722_133523.jpg","PF296630"
"국내 도서관 사용자 이용통계 시스템","2026.08.20","2026.08.29","신촌문화발전소 (소극장)","연극","김슬기, 김현, 성지원, 이유라, 이창현","조서연, 서가영, 홍석영 등","만 14세 이상","1시간 30분","극단 상상만발극장, 상상만발극장 2","공연중","http://www.kopis.or.kr/upload/pfmPoster/PF_PF296624_260722_132501.gif","PF296624"
"제3회 심야N연극제, 결혼식 2시간 전 [대전]","2026.08.05","2026.08.09","아신극장 (1관 (3층) )","연극","차미연, 김혜진, 김아름, 정이수, 조선우, 양해광","한윤서, 곽영신, 김영확 등","만 15세 이상","1시간 10분","(주)아신아트컴퍼니, 프로젝트 한","공연완료","http://www.kopis.or.kr/upload/pfmPoster/PF_PF296620_260722_131845.jpg","PF296620"
"꽃, 별이 지나 [당진]","2026.09.04","2026.09.05","당진문예의전당 (대공연장)","연극","고보결, 진선규, 배소미, 김대현, 홍지윤","민준호, 안혁원, 김설진 등","만 13세 이상","1시간 40분","(재)당진문화재단","공연예정","http://www.kopis.or.kr/upload/pfmPoster/PF_PF296612_260724_125517.gif","PF296612"
"Leany Market (리니 마켓)","2026.08.07","2026.08.08","신촌문화발전소 (소극장)","연극","유수아, 이진석","김연주, 유수아, 조수정 등","만 7세 이상","1시간 30분","","공연완료","http://www.kopis.or.kr/upload/pfmPoster/PF_PF296611_260722_130040.png","PF296611"
"늙지 않는 마음 [대학로]","2026.09.04","2026.09.13","아르코예술극장 (소극장)","연극","경지은, 권지숙, 김하람, 남명렬","서동민, 박혜선, 김정란 등","만 13세 이상","1시간 40분","극단 사개탐사, 극단 사개탐사","공연예정","http://www.kopis.or.kr/upload/pfmPoster/PF_PF296598_260722_114231.gif","PF296598"
"체인지 로그인 [수원]","2026.09.04","2026.10.18","KBS 수원아트홀 (KBS 수원아트홀)","연극","전청일, 전이수, 오수빈, 신은아, 김윤수, 윤풀호, 한재우 등","","만 14세 이상","1시간 30분","아폴론art컴퍼니","공연예정","http://www.kopis.or.kr/upload/pfmPoster/PF_PF296597_260722_114111.gif","PF296597"
"허공에 기대기","2026.08.22","2026.08.23","연극실험실 혜화동1번지 (연극실험실 혜화동1번지)","연극","김도원, 김태우, 안병찬, 윤데보라, 이진경","김수희, 박그림, 이한밀 등","전체 관람가","","코르코르디움","공연완료","http://www.kopis.or.kr/upload/pfmPoster/PF_PF296584_260722_105947.jpg","PF296584"
"도넛 [대학로]","2026.08.14","2026.08.23","예술공간 혜화 (예술공간 혜화)","연극","이서도, 신지원, 라소영","이예본, 김태령, 강윤지 등","만 16세 이상","1시간 20분","","공연완료","http://www.kopis.or.kr/upload/pfmPoster/PF_PF296579_260722_105108.gif","PF296579"
"고스트 스트리머 [대학로]","2026.08.08","2026.08.09","R&J씨어터(구. 연진아트홀) (R&J씨어터(구. 연진아트홀))","연극","이성원, 김민규, 강지연, 이태민, 신혜수, 김다안, 김종윤 등","송희근, 김동훈, 김충겸 등","만 13세 이상","1시간 20분","(주)예술숲","공연완료","http://www.kopis.or.kr/upload/pfmPoster/PF_PF296575_260722_104232.png","PF296575"
"박소영의 경계넘기: 신진순박 소영박뽀또 Part.2","2026.08.19","2026.08.22","세운홀 (세운홀)","연극","류원준, 양주현, 정은순, 한지구","박소영, 유태희, 김수민 등","전체 관람가","1시간","스튜디오42","공연완료","http://www.kopis.or.kr/upload/pfmPoster/PF_PF296573_260722_103508.png","PF296573"
"친구만들기 대작전","2026.07.21","2026.08.28","윤당아트홀 (1관)","연극","","","30개월 이상","40분","","공연중","http://www.kopis.or.kr/upload/pfmPoster/PF_PF296555_260721_144200.png","PF296555"
"제9회 1번출구 연극제, 벚꽃졸업식, 청춘 라디오","2026.07.22","2026.08.02","대학로 자유극장 (자유문화발전소) (대학로 자유극장 (자유문화발전소) )","연극","홍미금, 이서준, 박준형, 조한비, 김건호, 홍서준, 서진원 등","박혜선, 최덕문, 김지은 등","만 13세 이상","1시간 35분","(주)주다컬쳐","공연완료","http://www.kopis.or.kr/upload/pfmPoster/PF_PF296550_260721_140852.gif","PF296550"
"여름의 난항 [대학로]","2026.08.12","2026.08.16","소극장 플랫폼74 (소극장 플랫폼74)","연극","이예빈, 정나래, 김규진, 이아진","김혜지, 배윤진, 박서진 등","만 7세 이상","1시간 20분","실연극단, 실연극단","공연완료","http://www.kopis.or.kr/upload/pfmPoster/PF_PF296543_260721_133218.gif","PF296543"
"태양 관측 [대학로]","2026.08.06","2026.08.16","연극실험실 혜화동1번지 (연극실험실 혜화동1번지)","연극","김지원, 문승배, 이인석, 박진호 등","여온, 배선애, 홍순철 등","만 13세 이상","1시간 20분","공상집단 뚱딴지, 공상집단 뚱딴지","공연완료","http://www.kopis.or.kr/upload/pfmPoster/PF_PF296542_260721_132204.gif","PF296542"
"(빌린) 결혼 2.0","2026.08.21","2026.08.30","연희예술극장 (연희예술극장)","연극","윤승우, 임진구, 김하리","김의연, 조성연, 류연웅 등","만 14세 이상","1시간 10분","극공작소 마방진, 이방인(2roomperson)","공연중","http://www.kopis.or.kr/upload/pfmPoster/PF_PF296538_260721_130838.gif","PF296538"
"나와 할아버지 [태백]","2026.08.04","2026.08.04","태백문화예술회관 (대공연장)","연극","","민준호 등","만 10세 이상","1시간 40분","공연배달서비스간다, 태백문화예술회관","공연완료","http://www.kopis.or.kr/upload/pfmPoster/PF_PF296521_260721_111650.gif","PF296521"
"관객모독 [춘천]","2026.08.07","2026.08.08","축제극장몸짓 (축제극장몸짓)","연극","김사율, 김규리, 장현규, 노언희 등","김석주, 엄태호, 김미아 등","만 13세 이상","1시간 10분","","공연완료","http://www.kopis.or.kr/upload/pfmPoster/PF_PF296514_260721_110627.jpg","PF296514"
"갈갈등등","2026.08.12","2026.08.16","제이원 씨어터 (구. 서완소극장, 구. 씨어터고리) (제이원 씨어터 (구. 서완소극장, 구. 씨어터고리) )","연극","김가나, 김경수, 김해주, 백종민, 사진호, 이선유, 이후범 등","권승구, 이선유, 김경수 등","만 13세 이상","1시간","극단 혈우","공연완료","http://www.kopis.or.kr/upload/pfmPoster/PF_PF296507_260721_105006.jpg","PF296507"
"우석훈 코미디 단편선 [인천]","2026.08.11","2026.08.16","작은극장 돌체 (작은극장 돌체)","연극","우석훈","우석훈, 마용환, 김수영 등","만 7세 이상","1시간 20분","극단 무언가, 극단 무언가","공연완료","http://www.kopis.or.kr/upload/pfmPoster/PF_PF296504_260721_104506.gif","PF296504"
"제3회 대한민국 대학연극제, 영점","2026.07.21","2026.07.21","용인문화예술원 (마루홀)","연극","","","만 14세 이상","1시간 10분","(재)용인문화재단, 극단 조우하다","공연완료","http://www.kopis.or.kr/upload/pfmPoster/PF_PF296487_260720_183323.gif","PF296487"
"제38회 춘천인형극제, 어느 북소년의 여행","2026.09.12","2026.09.13","축제극장몸짓 (축제극장몸짓)","연극","","","만 13세 이상","50분","인형극연구소 인스","공연예정","http://www.kopis.or.kr/upload/pfmPoster/PF_PF296485_260720_181858.jpg","PF296485"
"제38회 춘천인형극제, 별이 빛나는 밤에","2026.09.16","2026.09.16","춘천인형극장 (코코극장)","연극","","","전체 관람가","40분","","공연예정","http://www.kopis.or.kr/upload/pfmPoster/PF_PF296484_260720_181609.png","PF296484"
"제38회 춘천인형극제, 요상한 친구야~","2026.09.11","2026.09.11","춘천인형극장 (코코극장)","연극","","","만 3세 이상","42분","극단 마루한","공연예정","http://www.kopis.or.kr/upload/pfmPoster/PF_PF296483_260724_100051.jpg","PF296483"
"제38회 춘천인형극제, 렘바","2026.09.12","2026.09.13","춘천인형극장 (코코극장)","연극","","","만 6세 이상","55분","","공연예정","http://www.kopis.or.kr/upload/pfmPoster/PF_PF296482_260720_181007.png","PF296482"
"제3회 대한민국 대학 연극제, 푸르른 날에","2026.07.18","2026.07.18","용인문화예술원 (마루홀)","연극","","","만 14세 이상","1시간 30분","(재)용인문화재단, 호원대학교 공연미디어학부","공연완료","http://www.kopis.or.kr/upload/pfmPoster/PF_PF296481_260720_180752.gif","PF296481"
"제38회 춘천인형극제, 걸리버 여행기: 줌 인 아웃","2026.09.15","2026.09.16","춘천인형극장 (대극장)","연극","","","만 4세 이상","1시간","극단 하땅세(하땅세 극장)","공연예정","http://www.kopis.or.kr/upload/pfmPoster/PF_PF296480_260720_180401.png","PF296480"
"제38회 춘천인형극제, 득충: 시간여행자","2026.09.11","2026.09.11","춘천인형극장 (춘천인형극박물관)","연극","","","만 4세 이상","50분","춘천시립인형극단","공연예정","http://www.kopis.or.kr/upload/pfmPoster/PF_PF296477_260720_175220.png","PF296477"
"제38회 춘천인형극제, 앙티 샹브르 (AnteChamber)","2026.09.11","2026.09.12","춘천인형극장 (대극장)","연극","로맹 베르몽, 장바티스트 마이예","로맹 베르몽, 장바티스트 마이예","만 6세 이상","50분","스테레옵틱(STEREOPTIK) [프랑스]","공연예정","http://www.kopis.or.kr/upload/pfmPoster/PF_PF296467_260720_171440.jpg","PF296467"
"제38회 춘천인형극제, 더 워커 (The Walker)","2026.09.14","2026.09.15","축제극장몸짓 (축제극장몸짓)","연극","데이비드 주아졸라","데이비드 주아졸라","만 12세 이상","1시간","","공연예정","http://www.kopis.or.kr/upload/pfmPoster/PF_PF296465_260720_171008.jpg","PF296465"
"노인의 꿈 [익산]","2026.08.29","2026.08.29","익산예술의전당 (대공연장)","연극","김용림, 이일화, 김승욱, 강성진, 최서윤, 손지유","성조오안, 민찬홍, 박수이 등","만 7세 이상","1시간 45분","수컴퍼니 (su company), 수컴퍼니 (su company)","공연예정","http://www.kopis.or.kr/upload/pfmPoster/PF_PF296462_260720_165829.jpg","PF296462"
"제38회 춘천인형극제, 얼론 (ALONE)","2026.09.12","2026.09.12","춘천인형극장 (바우극장)","연극","","","만 6세 이상","40분","버블드래곤","공연예정","http://www.kopis.or.kr/upload/pfmPoster/PF_PF296461_260720_165829.png","PF296461"
"제38회 춘천인형극제, 에디트 앤 미","2026.09.13","2026.09.14","춘천시청 (대회의실)","연극","야엘 라솔리","야엘 라솔리","만 15세 이상","1시간","","공연예정","http://www.kopis.or.kr/upload/pfmPoster/PF_PF296453_260720_164757.jpg","PF296453"
"제3회 대한민국 대학연극제, 한여름 밤의 꿈","2026.07.19","2026.07.19","용인시평생학습관 (여성회관) (큰어울마당)","연극","임민석, 김나은, 김은정, 오택은, 이가연, 김동준, 박신 등","김은정, 김규빈, 정지예 등","만 14세 이상","1시간 30분","(재)용인문화재단, 인천대학교 공연예술학과","공연완료","http://www.kopis.or.kr/upload/pfmPoster/PF_PF296450_260720_162615.gif","PF296450"
"제38회 춘천인형극제, 물 긷는 아이","2026.09.14","2026.09.15","춘천인형극장 (바우극장)","연극","","","48개월 이상","35분","개구쟁이 인형극단","공연예정","http://www.kopis.or.kr/upload/pfmPoster/PF_PF296449_260720_164628.jpg","PF296449"
"제38회 춘천인형극제, 옛날 어느 섬에서","2026.09.13","2026.09.13","춘천인형극장 (바우극장)","연극","","","만 6세 이상","40분","스튜디오 햇","공연예정","http://www.kopis.or.kr/upload/pfmPoster/PF_PF296444_260720_164358.jpg","PF296444"
"제3회 대한민국 대학연극제, 마라/사드","2026.07.18","2026.07.18","용인시문화예술회관 (처인홀)","연극","이건, 송찬휘, 권승아, 임채정, 박소정, 이현주, 최민하 등","김익태, 박성원, 김보미 등","만 14세 이상","1시간 30분","(재)용인문화재단, 경기대학교 연기학과","공연완료","http://www.kopis.or.kr/upload/pfmPoster/PF_PF296443_260720_161500.gif","PF296443"
"제38회 춘천인형극제, 부릉부릉 방어모드!","2026.09.11","2026.09.11","춘천인형극장 (바우극장)","연극","","","48개월 이상","40분","극단 물꼬","공연예정","http://www.kopis.or.kr/upload/pfmPoster/PF_PF296439_260720_164510.jpg","PF296439"
"제38회 춘천인형극제, 피노끼오","2026.09.10","2026.09.10","춘천인형극장 (대극장)","연극","","","48개월 이상","1시간 5분","극단 로기나래","공연예정","http://www.kopis.or.kr/upload/pfmPoster/PF_PF296434_260720_164243.jpg","PF296434"
"제38회 춘천인형극제, 마트레스: 세 명의 어머니","2026.09.13","2026.09.14","춘천인형극장 (대극장)","연극","","","만 6세 이상","1시간 5분","","공연예정","http://www.kopis.or.kr/upload/pfmPoster/PF_PF296430_260720_164120.jpg","PF296430"
"해와 달이 된 오누이 [군포]","2026.08.19","2026.08.22","군포시평생학습원 (상상극장)","연극","김정희, 김재웅, 김성수","김성수, 백금록","24개월 이상","50분","(재) 군포문화재단, 인형극단 친구들","공연완료","http://www.kopis.or.kr/upload/pfmPoster/PF_PF296416_260720_152146.gif","PF296416"
"제10회 미스터리 스릴러전, 탐정 정약용: 안조이 살인사건","2026.08.05","2026.08.09","소극장 혜화당 (구. 까망소극장) (소극장 혜화당 (구. 까망소극장) )","연극","김동훈, 이인희, 권다림, 김민석, 조성준, 배상민, 정두원","김지효, 정두원, 윤덕완 등","만 11세 이상","1시간","소극장 혜화당, 시의적절 프로젝트","공연완료","http://www.kopis.or.kr/upload/pfmPoster/PF_PF296405_260720_150147.gif","PF296405"
"제3회 대한민국 대학연극제, 볼드페이트의 일곱열쇠: 성결대학교","2026.07.19","2026.07.19","용인포은아트홀 (용인포은아트홀)","연극","이이안, 박세빈, 김다인, 최정윤, 이동원, 최시우, 임석현 등","유도경, 정우현, 도의주 등","만 14세 이상","1시간 30분","","공연완료","http://www.kopis.or.kr/upload/pfmPoster/PF_PF296389_260720_143227.gif","PF296389"
"봄 작가, 겨울 무대 낭독공연","2026.08.12","2026.08.16","대학로예술극장 (소극장)","연극","강연화, 김현정, 문다원, 손성호, 홍철희, 김정호, 권미나 등","하수민, 부새롬, 이수림 등","만 13세 이상","1시간 40분","","공연완료","http://www.kopis.or.kr/upload/pfmPoster/PF_PF296379_260720_141203.jpg","PF296379"
"청년말컴은 이렇게 말했다","2026.08.04","2026.08.09","지포캣(G4CAT) (지포캣(G4CAT)(2F))","연극","최지욱, 김호수, 이석구, 김서현, 조새연","김명섭, 김철리, 지대현 등","만 13세 이상","1시간 30분","프로젝트 SOL (프로젝트솔)","공연완료","http://www.kopis.or.kr/upload/pfmPoster/PF_PF296378_260720_141203.jpg","PF296378"
"강아지똥 [서울 강북]","2026.08.29","2026.08.29","강북문화예술회관 (강북소나무홀 (구.대공연장) )","연극","정래석, 이희연, 안중현, 고예본, 오명준, 류제원, 남희진","김정숙 등","36개월 이상","50분","(재)강북문화재단","공연예정","http://www.kopis.or.kr/upload/pfmPoster/PF_PF296364_260720_134033.gif","PF296364"
"붉은 낙엽 [인천]","2026.08.06","2026.08.08","문학시어터 (문학시어터)","연극","장성균, 권도은, 이수호, 최경민, 이준혁, 최은혜, 서지예 등","오서진, 김나율, 김세은 등","만 15세 이상","1시간 50분","(주)바오밥플래닝","공연완료","http://www.kopis.or.kr/upload/pfmPoster/PF_PF296359_260720_132624.gif","PF296359"
"제3회 심야 연극제, 결혼식 2시간 전","2026.08.18","2026.08.23","나인진홀 (구.청년극장) (나인진홀 1관)","연극","차미연, 김혜진, 김아름, 정이수, 이윤성, 조선우, 양해광 등","한윤서, 곽영신, 김영확 등","만 14세 이상","1시간 20분","(주) 나인진엔터테인먼트, 프로젝트 한","공연완료","http://www.kopis.or.kr/upload/pfmPoster/PF_PF296351_260720_131649.jpg","PF296351"
"제1회 N뮤즈 페스티벌, #8 겟팅 아웃","2026.08.08","2026.08.09","나인진홀 (구.청년극장) (나인진홀 3관(5F))","연극","","남혁준, 전서현, 양혜영","만 11세 이상","1시간 40분","(주) 나인진엔터테인먼트, 아리컴퍼니","공연완료","http://www.kopis.or.kr/upload/pfmPoster/PF_PF296348_260720_130914.jpg","PF296348"
"시인의 사랑","2026.08.13","2026.08.14","오류아트홀 (오류아트홀)","연극","김다은, 백지운, 황수지, 김훈오, 이유청, 김동일","김문, 박철중, 전병곤 등","만 7세 이상","1시간 40분","(재)구로문화재단","공연완료","http://www.kopis.or.kr/upload/pfmPoster/PF_PF296346_260720_130435.gif","PF296346"
"갱생 트로이카: 햇볕은 선악을 가리지 않는다 [대학로]","2026.08.05","2026.08.09","안똔체홉극장 (안똔체홉극장)","연극","한창훈, 박재영, 이강원, 정연우","박장용","만 12세 이상","1시간 15분","안똔체홉학회(극단 애플씨어터), 안똔체홉학회(극단 애플씨어터)","공연완료","http://www.kopis.or.kr/upload/pfmPoster/PF_PF296344_260720_130021.gif","PF296344"
"안내놔? 못내놔! [부산]","2026.07.30","2026.08.02","일터 소극장 (일터 소극장)","연극","김학준, 길수경, 송준승, 박정언, 김명수","김학중, 권철, 조예슬 등","만 7세 이상","1시간 30분","","공연완료","http://www.kopis.or.kr/upload/pfmPoster/PF_PF296332_260720_123307.jpg","PF296332"
"밑바닥에서 [대학로]","2026.08.08","2026.08.09","피카소소극장 (1관)","연극","김세헌, 김예빈, 김채윤, 박해인, 신선영, 안재형, 우소원 등","서이준, 한세빈, 장상우","만 12세 이상","2시간 20분","더블유이엔터테인먼트, 프로덕션 언화, 프로덕션 언화","공연완료","http://www.kopis.or.kr/upload/pfmPoster/PF_PF296331_260720_122506.gif","PF296331"
"나와 할아버지 [파주]","2026.08.14","2026.08.15","파주운정행복센터 (공연장)","연극","양경원, 표지훈, 서예화, 김종현","민준호, 안혁원, 조승현 등","만 7세 이상","1시간 40분","(주)창작하는 공간, (주)창작하는 공간, 공연배달서비스간다, 공연배달서비스간다","공연완료","http://www.kopis.or.kr/upload/pfmPoster/PF_PF296329_260720_121450.jpg","PF296329"
"순남이와 순이 [안동]","2026.09.03","2026.09.04","안동문화예술의전당 (백조홀)","연극","이지영, 김정현, 석민호, 김민선, 강영은, 백광현, 유지원 등","정철원, 유지원, 정창윤 등","만 4세 이상","1시간 30분","안동문화예술의전당, 안동문화예술의전당","공연예정","http://www.kopis.or.kr/upload/pfmPoster/PF_PF296325_260720_114807.jpg","PF296325"
"DNA [대학로]","2026.08.04","2026.08.09","나온씨어터 (나온씨어터)","연극","선예인, 오송규, 추예진, 오은진, 홍석주, 곽한나, 배세은 등","신현우, 박경서, 박하영 등","만 15세 이상","1시간 25분","스테이지 커넥트, 토비바","공연완료","http://www.kopis.or.kr/upload/pfmPoster/PF_PF296323_260720_113843.gif","PF296323"
"경기 공연예술 페스티벌 (G-ARTS FESTIVAL) , Dragon [용인]","2026.07.24","2026.07.25","경기아트센터 경기국악원 (국악당)","연극","","","48개월 이상","45분","","공연완료","http://www.kopis.or.kr/upload/pfmPoster/PF_PF296314_260720_111937.jpg","PF296314"
"국어의시간 [보성]","2026.08.01","2026.08.01","보성군문화예술회관 (보성군문화예술회관)","연극","이하늘, 이산호, 권다솔, 홍상용, 홍민국, 박제훈, 송유준 등","하동기 등","만 7세 이상","2시간 40분","극단 백수광부","공연완료","http://www.kopis.or.kr/upload/pfmPoster/PF_PF296311_260720_110957.jpg","PF296311"
"죽음의 집 [대학로]","2026.07.30","2026.08.02","극장 동국 (극장 동국)","연극","선우권, 나진성, 최민국, 김민주","조강연, 한대우, 김은 등","만 12세 이상","1시간 20분","극단 나아, 극단 나아","공연완료","http://www.kopis.or.kr/upload/pfmPoster/PF_PF296309_260720_110647.gif","PF296309"
"제1회 N뮤즈페스티벌, 선셋리미티드","2026.08.05","2026.08.06","나인진홀 (구.청년극장) (나인진홀 3관(5F))","연극","최성원, 박규민","남혁준, 전서현, 양혜영 등","만 11세 이상","1시간 40분","(주) 나인진엔터테인먼트, 아리컴퍼니","공연완료","http://www.kopis.or.kr/upload/pfmPoster/PF_PF296303_260720_105109.gif","PF296303"
"닥터 루멘: 터널 속의 빛","2026.07.29","2026.08.02","열린극장 (열린극장)","연극","신황철, 전은주, 정윤수, 최지원, 현세담, 진주호, 유태한 등","김현호, 최영환, 권지혜 등","만 9세 이상","1시간 50분","예술공동체 길, 예술공동체 길","공연완료","http://www.kopis.or.kr/upload/pfmPoster/PF_PF296299_260720_103835.gif","PF296299"
"내가 멜론을 얼마나 좋아하는데: 살고지고 [천안]","2026.08.07","2026.08.09","JB소극장 (JB소극장)","연극","조양미, 김지원","손종화, 성시찬미, 추효진 등","만 13세 이상","1시간 10분","","공연완료","http://www.kopis.or.kr/upload/pfmPoster/PF_PF296297_260720_103340.png","PF296297"
"마피아게임 [대구]","2026.09.04","2026.10.25","여우별아트홀 (여우별아트홀)","연극","채이원, 김민서, 신민진, 최통령, 신용빈, 이용탁, 정영성 등","","만 13세 이상","1시간 30분","여우별아트홀 (극단여우별)","공연예정","http://www.kopis.or.kr/upload/pfmPoster/PF_PF296293_260716_154546.png","PF296293"
"어린이를 위한 문화공연지원: 여름방학 문화여행을 떠나자! [양구]","2026.07.24","2026.08.14","버드나무 예술창고 (공연장)","연극","","","전체 관람가","1시간","","공연완료","http://www.kopis.or.kr/upload/pfmPoster/PF_PF296292_260716_154301.jpg","PF296292"
"제3회 심야연극제, 사라세니아","2026.08.04","2026.08.16","나인진홀 (구.청년극장) (나인진홀 1관)","연극","오협, 서호철, 박결이, 최승규, 최민석, 김고은, 김민지","강재림, 최병훈, 박성민 등","만 14세 이상","1시간 10분","극단 줌","공연완료","http://www.kopis.or.kr/upload/pfmPoster/PF_PF296290_260716_153106.gif","PF296290"
"STAGE 100: 연극제, 외투","2026.08.28","2026.08.29","NC문화재단 홀 (NC문화재단 홀)","연극","이민기, 서민준, 장창완, 전원재, 정희경, 김재현, 임지형","유운, 지서훤, 백지원 등","만 7세 이상","1시간 20분","극단 뜬, 구름, 인더케이브 (INTHECAVE)","공연예정","http://www.kopis.or.kr/upload/pfmPoster/PF_PF296288_260716_151939.gif","PF296288"
"STAGE 100: 연극제, 바쁜 사람들","2026.09.11","2026.09.12","NC문화재단 홀 (NC문화재단 홀)","연극","권혁재, 김조이혜수, 배진주, 백석, 신재욱","윤예은, 김영준","만 8세 이상","1시간","걸작들, 인더케이브 (INTHECAVE)","공연예정","http://www.kopis.or.kr/upload/pfmPoster/PF_PF296287_260716_151802.gif","PF296287"
"STAGE 100: 연극제, 동물농장","2026.09.04","2026.09.05","NC문화재단 홀 (NC문화재단 홀)","연극","이도훈, 고경태, 이단우, 엄태호, 천유진, 원빈, 조은영 등","곽태인, 김정현, 박차리 등","만 15세 이상","1시간 15분","극단 mate, 인더케이브 (INTHECAVE)","공연예정","http://www.kopis.or.kr/upload/pfmPoster/PF_PF296283_260716_150820.gif","PF296283"
"STAGE 100: 연극제, 모딧세이","2026.09.18","2026.09.19","NC문화재단 홀 (NC문화재단 홀)","연극","김민주, 박서린, 박창모, 서창호, 신윤철, 이강민, 이은조 등","류지원, 이형우, 장영 등","만 13세 이상","1시간 15분","인더케이브 (INTHECAVE)","공연예정","http://www.kopis.or.kr/upload/pfmPoster/PF_PF296281_260716_145615.gif","PF296281"
"장군슈퍼","2026.08.26","2026.09.13","선돌극장 (선돌극장)","연극","이승연, 권아름, 이동규, 정현규, 이세형, 장우정, 박서은 등","손건우, 이호선, 이동규 등","만 13세 이상","1시간 40분","극단 가족의탄생(극단 가탄)","공연예정","http://www.kopis.or.kr/upload/pfmPoster/PF_PF296274_260716_143153.gif","PF296274"
"불편한 편의점2 [부산]","2026.09.03","2026.10.31","KNN시어터 (KNN시어터)","연극","","","만 7세 이상","1시간 30분","","공연예정","http://www.kopis.or.kr/upload/pfmPoster/PF_PF296263_260721_170810.gif","PF296263"
"다 내 아이들 [대학로]","2026.08.21","2026.08.30","아르코예술극장 (소극장)","연극","길해연, 박완규, 김민선, 이산호, 송유준, 박희정, 권다솔 등","이성열, 조만수, 이송이 등","만 12세 이상","2시간 10분","주식회사 코스타","공연중","http://www.kopis.or.kr/upload/pfmPoster/PF_PF296256_260716_133752.gif","PF296256"
"봉천내 사람들: 만두 전성시대 [인제]","2026.08.15","2026.08.15","인제하늘내린센터 (대공연장)","연극","김미진, 윤상돈, 이송이, 김수영, 정수석, 장현구, 박하늘 등","이석표, 최규창, 박승원 등","전체 관람가","1시간 40분","씨어터컴퍼니 웃끼","공연완료","http://www.kopis.or.kr/upload/pfmPoster/PF_PF296253_260716_133004.gif","PF296253"
"보물찾기 [전주]","2026.11.13","2026.12.27","한해랑아트홀 (한해랑아트홀)","연극","강이성, 신한솔, 이준혁, 문민경, 서태인, 엄선영, 김남호 등","","만 7세 이상","1시간 30분","한해랑아트홀(극단 한해랑)","공연예정","http://www.kopis.or.kr/upload/pfmPoster/PF_PF296245_260716_131928.gif","PF296245"
"남사친 여사친 [금산]","2026.08.04","2026.08.04","금산다락원 생명의집 (소공연장)","연극","","","만 12세 이상","1시간 40분","","공연완료","http://www.kopis.or.kr/upload/pfmPoster/PF_PF296233_260716_124309.jpg","PF296233"
"세마녀: 세마녀의 맥베스 이야기 [제주]","2026.08.05","2026.08.27","세이레아트센터 (세이레아트센터)","연극","이지선, 박은주, 김시혁","홍창수, 정민자, 강상훈 등","전체 관람가","1시간 15분","세이레아트센터","공연중","http://www.kopis.or.kr/upload/pfmPoster/PF_PF296220_260716_112924.gif","PF296220"
"둥둥주의보: 어둡기 전에 돌아오렴 [고성 (앵콜) ]","2026.08.07","2026.08.08","고성군문화복지센터 (대공연장)","연극","김도란, 이태훈, 박소원","윤소정, 황석용, 박선주 등","48개월 이상","1시간","","공연완료","http://www.kopis.or.kr/upload/pfmPoster/PF_PF296219_260716_112520.png","PF296219"
"그 여자 이야기","2026.08.07","2026.08.16","연우소극장 (연우소극장)","연극","김수아, 남수현, 윤동원","이인수, 김소희, 조은희 등","만 18세 이상","1시간 40분","글과 무대","공연완료","http://www.kopis.or.kr/upload/pfmPoster/PF_PF296218_260716_112331.gif","PF296218"
"여름 낭독 3부작: 3 한여름, 명명","2026.07.30","2026.08.02","단막극장(구.대학로단막극장) (단막극장(구.대학로단막극장))","연극","강유희, 이해경, 권민, 이다은, 김서진, 박지수","김소이, 윤예준, 박재윤 등","만 13세 이상","1시간 10분","여류","공연완료","http://www.kopis.or.kr/upload/pfmPoster/PF_PF296215_260716_111509.gif","PF296215"
"AnYmall","2026.07.28","2026.08.02","동숭무대소극장 (동숭무대소극장)","연극","이현학, 이원영, 이관민, 임규민, 윤민상, 심지예, 김종서 등","서지원, 김동규, 이호웅 등","만 13세 이상","1시간 10분","오브텐션(Of tension)","공연완료","http://www.kopis.or.kr/upload/pfmPoster/PF_PF296207_260716_104428.jpeg","PF296207"
"수성르네상스 창작연극팩토리, 햄릿 [대구]","2026.09.10","2026.09.12","수성아트피아 (대극장 (대공연장) )","연극","박지훈, 임도연, 김정건, 석한솔, 박정민, 이정민","이하미, 류수진, 이세기 등","만 11세 이상","1시간 30분","(재)수성문화재단 수성아트피아","공연예정","http://www.kopis.or.kr/upload/pfmPoster/PF_PF296195_260715_160348.jpg","PF296195"
"십이야 [대구]","2026.09.03","2026.09.05","수성아트피아 (소극장 (소공연장) )","연극","홍바다, 김준성, 전소영, 서영언, 김주은, 박설하","정창윤, 송호걸, 이지은 등","만 7세 이상","1시간 30분","(재)수성문화재단 수성아트피아, 열혈단","공연예정","http://www.kopis.or.kr/upload/pfmPoster/PF_PF296189_260715_152047.jpg","PF296189"
"서울문화재단 8.15 광복절 특별기획 프로그램: 극장은 달린다 [대학로]","2026.08.13","2026.08.14","서울문화재단 대학로극장 쿼드 (예술청) (대학로극장 쿼드 (예술청) )","연극","김성언, 김기분, 심우성, 신태희, 유일한, 김수진, 최경식 등","송형종, 오세혁, 변영진 등","만 7세 이상","1시간 40분","(재)서울문화재단, 라피크컴퍼니","공연완료","http://www.kopis.or.kr/upload/pfmPoster/PF_PF296171_260715_142523.gif","PF296171"
"제11회 여성연극제, 이민선","2026.08.06","2026.08.09","서울연극창작센터 (서울씨어터 202 (5F) )","연극","마흥식, 윤관용, 강희영, 변은영, 강선숙, 이윤상, 황정원 등","류근혜, 전성희, 김민섭 등","만 13세 이상","1시간 40분","극단 캔버스, 한국여성연극협회","공연완료","http://www.kopis.or.kr/upload/pfmPoster/PF_PF296166_260715_141528.gif","PF296166"
"SPAF, 문라이트 오키나와","2026.10.23","2026.10.25","국립극장 (하늘극장)","연극","윤현길, 김정, 이지혜, 김정화, 강혜련, 이유주, 권주영 등","윤혜숙, 장영, 여신동 등","만 11세 이상","2시간 15분","(재)예술경영지원센터, 국립아시아문화전당, 국립아시아문화전당","공연예정","http://www.kopis.or.kr/upload/pfmPoster/PF_PF296163_260818_152713.gif","PF296163"
"봉산공연창작소 Ⅰ. 반월당 안내원 [대구]","2026.08.14","2026.08.15","봉산문화회관 (스페이스라온)","연극","이종현, 김민솔, 정유라, 조성민, 김정호, 황현아","","전체 관람가","50분","(재)대구광역시 중구 도심재생문화재단, 도레스","공연완료","http://www.kopis.or.kr/upload/pfmPoster/PF_PF296160_260715_135738.jpg","PF296160"
"베니스의 상인 [울산]","2026.09.04","2026.09.05","울산문화예술회관 (대공연장)","연극","박근형, 이승주, 원진아, 이상윤, 김슬기, 김아영, 최정헌 등","오경택, 박연주, 홍유선 등","만 7세 이상","2시간 20분","(주)파크컴퍼니, 울산문화예술회관","공연예정","http://www.kopis.or.kr/upload/pfmPoster/PF_PF296153_260715_133945.jpg","PF296153"
"프랑스희곡 낭독공연, 다리우스 (Darius)","2026.08.21","2026.08.21","국립극단 [명동] (명동예술극장)","연극","김대진, 정지은","까띠 라뺑, 임혜경, 장-클로드 라뺑 등","만 12세 이상","1시간 40분","(재) 국립극단, 극단 프랑코포니","공연완료","http://www.kopis.or.kr/upload/pfmPoster/PF_PF296150_260715_133342.jpg","PF296150"
"퀘벡희곡 낭독공연, 비앙베이앙스 Bienveillance","2026.08.22","2026.08.22","국립극단 [명동] (명동예술극장)","연극","김다흰, 김어진, 김현회, 임휘진, 취주현","최정우, 이은진, 심재욱 등","만 15세 이상","1시간 25분","","공연완료","http://www.kopis.or.kr/upload/pfmPoster/PF_PF296146_260715_132345.jpg","PF296146"
"봉천내 사람들: 만두 전성시대 [평창]","2026.07.24","2026.07.24","평창문화예술회관 (대공연장)","연극","김미진, 윤상돈, 이송이, 김수영, 정수석, 장현구, 박하늘 등","이석표, 최규창, 박승원 등","전체 관람가","1시간 40분","씨어터컴퍼니 웃끼","공연완료","http://www.kopis.or.kr/upload/pfmPoster/PF_PF296145_260715_131820.gif","PF296145"
"윌리 [인천]","2026.08.01","2026.08.02","인천아트플랫폼 (공연장 (C동) )","연극","김혜령, 권영민, 남기찬, 남궁은수, 김준희, 권영민, 김준희 등","이예린, 엄혜린, 김은성 등","만 11세 이상","2시간 45분","토마토 터트리기, 토마토 터트리기","공연완료","http://www.kopis.or.kr/upload/pfmPoster/PF_PF296130_260715_114427.gif","PF296130"
"기로 [아산]","2026.07.17","2026.07.18","삼동소극장 (삼동소극장)","연극","김보영, 박정민, 지윤진","천아란, 고건우, 우사랑 등","만 12세 이상","50분","CS뮤지컬컴퍼니","공연완료","http://www.kopis.or.kr/upload/pfmPoster/PF_PF296115_260715_110907.jpg","PF296115"
"그녀와의 투쟁 [논산]","2026.07.24","2026.07.24","논산아트센터(구. 논산문화예술회관) (소공연장)","연극","김성경, 이선영, 전범준, 장용석, 임도윤, 문한결","장용석, 심현이, 김민수 등","만 7세 이상","1시간 20분","극단 처용, 논산문화관광재단","공연완료","http://www.kopis.or.kr/upload/pfmPoster/PF_PF296113_260715_110447.png","PF296113"
"양은 양순하다","2026.07.29","2026.08.02","선돌극장 (선돌극장)","연극","김예림, 이수연, 오혜진, 박소현, 문연지, 최상현, 하은성 등","오태영, 김다혜, 민병구 등","만 13세 이상","1시간 20분","극단 대학로극장, 극단 대학로극장","공연완료","http://www.kopis.or.kr/upload/pfmPoster/PF_PF296112_260715_110431.gif","PF296112"
"춘천공연예술제, 양떼목장의 대혈투","2026.08.14","2026.08.15","봄내극장 (봄내극장)","연극","권효은, 김원태, 김효영, 박수빈, 박정근, 이승훈, 이주형 등","주은길 등","만 7세 이상","2시간","그린피그, 사단법인 텐스푼","공연완료","http://www.kopis.or.kr/upload/pfmPoster/PF_PF296109_260715_105848.gif","PF296109"
"쉿! 수상한 장난감 가게 [단체]","2026.09.03","2026.09.20","천안어린이꿈누리터 (구. 천안시 어린이 회관) (꿈누리대공연장)","연극","강지수, 양채원, 윤현준, 이지윤, 정복영","서효정, 김이경","24개월 이상","50분","극단 너울","공연예정","http://www.kopis.or.kr/upload/pfmPoster/PF_PF296105_260715_105100.png","PF296105"
"그녀를 믿지마세요 [대구]","2026.09.04","2026.10.18","아트플러스씨어터 (2관)","연극","","","만 13세 이상","1시간 30분","(주)아트플러스씨어터","공연예정","http://www.kopis.or.kr/upload/pfmPoster/PF_PF296088_260714_144127.gif","PF296088"
"제9회 중국 희곡 낭독 공연, 73집 반 세입자의 마카오 기담","2026.08.14","2026.08.15","국립극단 [명동] (명동예술극장)","연극","황정민, 류주연, 최무인, 남동진, 장지아, 정선미, 임경훈 등","서지혜","만 11세 이상","1시간 50분","","공연완료","http://www.kopis.or.kr/upload/pfmPoster/PF_PF296087_260714_143809.png","PF296087"
"제13회 현대일본희곡 낭독공연, 도도가 낙하한다","2026.08.08","2026.08.09","국립극단 [명동] (명동예술극장)","연극","강해리, 김세환, 장요훈, 정환, 탁민지","김연민, 박승훤, 김성구 등","만 12세 이상","1시간 50분","","공연완료","http://www.kopis.or.kr/upload/pfmPoster/PF_PF296086_260714_142955.jpg","PF296086"
"제9회 중국희곡 낭독공연, 파도가 밀려올 때","2026.08.15","2026.08.16","국립극단 [명동] (명동예술극장)","연극","이진경, 정제이","박주영, 오승희, 임정은 등","만 14세 이상","1시간 5분","","공연완료","http://www.kopis.or.kr/upload/pfmPoster/PF_PF296074_260714_135230.png","PF296074"
"제9회 중국희곡 낭독공연, 역전된 미래","2026.08.12","2026.08.13","국립극단 [명동] (명동예술극장)","연극","이주순, 황규찬, 오현서, 장태민, 김보정, 유희제, 윤상호 등","변영진, 이승희, 공한식 등","만 11세 이상","1시간 20분","","공연완료","http://www.kopis.or.kr/upload/pfmPoster/PF_PF296070_260714_134616.png","PF296070"
"공연봄날 공모선정작, 피노키오 트라이얼 (PINOCCHIO TRIAL)","2026.07.15","2026.07.17","꿈의숲아트센터 (퍼포먼스홀)","연극","","","전체 관람가","1시간 20분","극단 올리브와 찐콩","공연완료","http://www.kopis.or.kr/upload/pfmPoster/PF_PF296068_260714_133848.png","PF296068"
"제13회 현대일본희곡 낭독공연, 바쿠스의 신녀 - 홀스타인 암소","2026.08.07","2026.08.08","국립극단 [명동] (명동예술극장)","연극","김민정, 김보경, 윤현길, 장우영, 최범","김수정, 박승훤, 김성구 등","만 15세 이상","2시간","(재) 국립극단, 한일연극교류협의회","공연완료","http://www.kopis.or.kr/upload/pfmPoster/PF_PF296064_260714_133133.jpg","PF296064"
"사인용 식탁","2026.08.06","2026.08.16","뜻밖의 극장(구. 해우소소극장) (뜻밖의 극장(구. 해우소소극장))","연극","최민영, 전혜린, 이시윤, 이윤서, 박지원, 이륜경, 주하린 등","최민영, 김홍기","만 15세 이상","1시간 30분","민영사단","공연완료","http://www.kopis.or.kr/upload/pfmPoster/PF_PF296054_260714_130527.jpg","PF296054"
"영국왕 심벌린","2026.07.29","2026.08.09","소극장 공유 (소극장 공유)","연극","이용민, 남유미, 이그루, 김미남, 허원길, 김만희, 남관욱 등","남육현","전체 관람가","1시간 50분","","공연완료","http://www.kopis.or.kr/upload/pfmPoster/PF_PF296049_260714_124438.gif","PF296049"
"수무바다 흰고무래 [사천]","2026.08.13","2026.08.13","사천문화예술회관 (대공연장)","연극","김영균, 김헌근, 최동석, 황윤희, 김주열, 오세아, 이재선 등","정대균, 박범주, 고능석 등","만 7세 이상","1시간 5분","","공연완료","http://www.kopis.or.kr/upload/pfmPoster/PF_PF296035_260714_111003.png","PF296035"
"제3회 심야N연극제: 럭키! 전당포 [대전]","2026.08.12","2026.08.15","아신극장 (1관 (3층) )","연극","고해이, 김다은, 김수민, 김재아, 류지환, 백승준, 서시원 등","김시연, 박경서, 김화영 등","만 12세 이상","1시간 20분","(주)아신아트컴퍼니","공연완료","http://www.kopis.or.kr/upload/pfmPoster/PF_PF296034_260714_110709.gif","PF296034"
"죽여주는 이야기 [사천]","2026.07.30","2026.07.30","사천문화예술회관 (대공연장)","연극","류종현, 신시온, 이훈진","","만 7세 이상","1시간 40분","","공연완료","http://www.kopis.or.kr/upload/pfmPoster/PF_PF296031_260714_110332.jpg","PF296031"
"오백에 삼십 [계룡]","2026.07.25","2026.07.25","계룡문화예술의전당 (소공연장(다목적홀))","연극","","","만 13세 이상","1시간 20분","계룡문화예술의전당(계룡공공시설사업소)","공연완료","http://www.kopis.or.kr/upload/pfmPoster/PF_PF296016_260714_103024.gif","PF296016"
"개굴이, 빗속에서 춤추다","2026.07.15","2026.07.15","보광극장 (보광극장)","연극","김준성, 오창현, 박상욱","박정환 등","만 13세 이상","40분","라온디어","공연완료","http://www.kopis.or.kr/upload/pfmPoster/PF_PF296011_260714_102044.jpg","PF296011"
"노인의 꿈 [동해]","2026.09.05","2026.09.05","동해문화예술회관 (대공연장)","연극","김용림, 이일화, 남경읍, 이필모, 최서윤, 손지유","","만 7세 이상","1시간 45분","동해시청","공연예정","http://www.kopis.or.kr/upload/pfmPoster/PF_PF296002_260714_095847.jpg","PF296002"
"BLACK MUSE 블랙뮤즈","2026.07.14","2026.07.17","BLACK MUSE (BLACK MUSE)","연극","","","만 15세 이상","1시간 25분","","공연완료","http://www.kopis.or.kr/upload/pfmPoster/PF_PF296000_260713_174225.png","PF296000"
"NT Live, 서쪽 나라의 멋쟁이 (영상화)","2026.09.25","2026.09.25","국립극장 (해오름극장)","연극","","카트리오나 맥러플린","만 13세 이상","2시간 40분","국립극장, 영국 국립극장","공연예정","http://www.kopis.or.kr/upload/pfmPoster/PF_PF295994_260713_172643.gif","PF295994"
"광주시립극단, 출장연극시리즈: 오스카와 장미할머니 [광주]","2026.08.08","2026.08.08","북구문화센터  (공연장)","연극","양선아, 윤미란, 김여름, 정일행, 조아라","김지훈, 임주신, 오윤지 등","만 4세 이상","1시간","광주북구문화센터(광주북구시설관리공단), 광주시립극단","공연완료","http://www.kopis.or.kr/upload/pfmPoster/PF_PF295993_260713_171911.png","PF295993"
"서울의 별 [대학로]","2026.07.31","2026.10.18","대학로 스타릿홀 (공연장)","연극","정은표, 김명수, 김학도, 전호준, 동현배, 박준석, 이하린 등","손남목, 강신혜, 구찬영 등","만 12세 이상","1시간 40분","(주)위아더컬쳐, (주)위아더컬쳐, (주)조이컬쳐스, 극단 두레, 안녕컴퍼니","공연중","http://www.kopis.or.kr/upload/pfmPoster/PF_PF295991_260713_171114.gif","PF295991"
"국립극장, 옹옹옹","2026.09.03","2026.09.06","국립극장 (달오름극장)","연극","","서동민, 강훈구","만 7세 이상","1시간 40분","국립극장","공연예정","http://www.kopis.or.kr/upload/pfmPoster/PF_PF295984_260713_164159.gif","PF295984"
"떨지 마, 죽어. vol.3 [안산]","2026.07.25","2026.07.26","안산문화예술의전당 (별무리극장)","연극","배정민, 이강준","서다영, 유보민, 류종원","만 12세 이상","1시간 10분","아트시나브로","공연완료","http://www.kopis.or.kr/upload/pfmPoster/PF_PF295982_260713_163340.png","PF295982"
"NT Live, 모두가 나의 아들 (영상화)","2026.09.26","2026.09.26","국립극장 (해오름극장)","연극","브라이언 크랜스톤, 마리안 장 밥티스트, 파아파 에시에두, 톰 글린 카니, 헤일리 스콰이어스, 리처드 한셀, 알리야 오도핀 등","이보 반 호프, 얀 페르스베이벨트, 안 드휘스 등","만 13세 이상","2시간 30분","국립극장","공연예정","http://www.kopis.or.kr/upload/pfmPoster/PF_PF295965_260713_155722.jpg","PF295965"
"NT Live, 더 피프스 스텝 (영상화)","2026.09.27","2026.09.27","국립극장 (해오름극장)","연극","잭 로든, 틴 프리먼","데이비드 아일랜드, 핀 덴 헤르토흐, 밀라 클라크 등","만 13세 이상","1시간 30분","","공연예정","http://www.kopis.or.kr/upload/pfmPoster/PF_PF295956_260713_154210.jpg","PF295956"
"국립극장, 다정히 세상을 누리면","2026.12.17","2026.12.20","국립극장 (달오름극장)","연극","","민준호 등","만 7세 이상","1시간 40분","국립극장","공연예정","http://www.kopis.or.kr/upload/pfmPoster/PF_PF295951_260713_153016.jpg","PF295951"
"꽃, 별이 지나 [안성]","2026.09.18","2026.09.19","안성맞춤아트홀 (대공연장)","연극","박소진, 진선규, 김정연, 차용학, 정예인","민준호, 안혁원, 최민성 등","만 13세 이상","1시간 40분","안성맞춤아트홀(안성시)","공연예정","http://www.kopis.or.kr/upload/pfmPoster/PF_PF295941_260713_151341.gif","PF295941"
"낮에 본 갈림길","2026.08.07","2026.08.09","선돌극장 (선돌극장)","연극","신윤지, 박경주, 류이재, 장석환, 염진혁, 박현숙, 문다현","정예진, 이동원, 김지우 등","만 12세 이상","1시간 40분","극단 배다, 극단 배다","공연완료","http://www.kopis.or.kr/upload/pfmPoster/PF_PF295922_260713_143448.gif","PF295922"
"산사람 [춘천]","2026.07.20","2026.07.21","춘천인형극장 (대극장)","연극","김지희, 김도란","황석용, 선욱현, 이성순 등","만 7세 이상","1시간 20분","","공연완료","http://www.kopis.or.kr/upload/pfmPoster/PF_PF295885_260713_130904.png","PF295885"
"윌리!","2026.08.07","2026.08.09","아르코 꿈밭극장 (아르코꿈밭극장)","연극","권영민, 김승빈, 김유영, 김준희, 김혜령, 남기찬, 남궁은수 등","이예린, 엄혜린, 김은성 등","만 12세 이상","2시간 45분","토마토 터트리기, 토마토 터트리기","공연완료","http://www.kopis.or.kr/upload/pfmPoster/PF_PF295881_260713_125854.png","PF295881"
"제1회 N뮤즈페스티벌, #7. 잊혀질 권리","2026.07.30","2026.08.02","나인진홀 (구.청년극장) (나인진홀 3관(5F))","연극","강채영, 서유진, 곽지우, 박지우","조서우, 이정빈, 김세희 등","만 11세 이상","1시간 20분","창작극단 파란","공연완료","http://www.kopis.or.kr/upload/pfmPoster/PF_PF295878_260713_124926.jpg","PF295878"
"안녕! B612: 어린왕자 [강진]","2026.08.08","2026.08.08","강진아트홀 (대공연장)","연극","","","만 4세 이상","1시간 20분","","공연완료","http://www.kopis.or.kr/upload/pfmPoster/PF_PF295875_260713_124035.png","PF295875"
"나와 할아버지 [정선]","2026.07.30","2026.07.30","정선아리랑센터 (아리랑홀)","연극","양경원, 표지훈, 박보경, 김종현","","만 4세 이상","1시간 40분","공연배달서비스간다","공연완료","http://www.kopis.or.kr/upload/pfmPoster/PF_PF295868_260713_113444.png","PF295868"
"더 드레서 [진주]","2026.11.20","2026.11.21","경상남도문화예술회관 (대공연장)","연극","정동환, 오만석, 송옥숙, 송영재, 이주원, 한기장, 고명진 등","장유정, 박제영, 고명진 등","만 12세 이상","1시간 40분","(주)나인스토리, 경상남도문화예술회관","공연예정","http://www.kopis.or.kr/upload/pfmPoster/PF_PF295832_260710_152942.jpg","PF295832"
"갈매기 날다","2026.08.15","2026.08.18","국립극장 (달오름극장)","연극","정아미, 박형준, 최재호, 하민우, 배형빈, 이율빈, 손승우 등","황미숙, 조준희, 주영석 등","만 13세 이상","1시간 20분","퍼포먼스그룹153, 퍼포먼스그룹153","공연완료","http://www.kopis.or.kr/upload/pfmPoster/PF_PF295831_260710_152129.gif","PF295831"
"김성녀의 마당놀이: 심청이와 춘향이가 온다 [함안]","2026.08.29","2026.08.29","함안문화예술회관 (대공연장)","연극","김성녀, 김성예, 백나현, 전애현, 정준태, 송나영, 김보경 등","","만 7세 이상","1시간 50분","","공연예정","http://www.kopis.or.kr/upload/pfmPoster/PF_PF295794_260710_132739.jpg","PF295794"
"꿀잼연극 시리즈 3, 우리 가족이 변했어요 [청주]","2026.08.03","2026.08.21","정심아트홀 (정심아트홀)","연극","성진, 배진주, 이창구, 김예림, 정다운","","전체 관람가","1시간 50분","","공연완료","http://www.kopis.or.kr/upload/pfmPoster/PF_PF295792_260710_132216.png","PF295792"
"플레이위드 햄릿","2026.08.06","2026.08.23","산울림소극장 (산울림소극장)","연극","박동욱, 김성훈, 김영욱, 김록현, 임승범, 차예준, 최기욱 등","박선희, 신지환, 최보연 등","만 13세 이상","1시간 50분","소극장 산울림(극단 산울림), 플레이위드","공연완료","http://www.kopis.or.kr/upload/pfmPoster/PF_PF295761_260710_104830.gif","PF295761"
"꿈틀꿈틀 움직이는 애벌레 [춘천]","2026.08.22","2026.08.30","소극장 여우 (소극장 여우)","연극","정재원, 신정아, 홍은우","신영우, 박성호, 박형준 등","36개월 이상","40분","여우컴퍼니, 여우컴퍼니","공연중","http://www.kopis.or.kr/upload/pfmPoster/PF_PF295745_260709_140216.gif","PF295745"
"[부산문화패스 패키지] 제44회 대한민국연극제 부산 10만원권 패키지","2026.07.15","2026.07.26","부산시민회관 (소극장)","연극","","","","","","공연완료","http://www.kopis.or.kr/upload/pfmPoster/PF_PF295741_260709_135007.png","PF295741"
"버닝: 타오르는 삶 [수원]","2026.09.18","2026.09.20","경기아트센터(구. 경기도문화의전당) (소극장)","연극","임미정, 장정선, 육세진, 김지희, 윤성봉, 이애린, 노민혁 등","박혜선, 김정란, 김민재 등","만 13세 이상","1시간 35분","경기도극단, 경기도극단","공연예정","http://www.kopis.or.kr/upload/pfmPoster/PF_PF295733_260709_133119.gif","PF295733"
"이상한 나의 A-list","2026.07.23","2026.07.26","연극실험실 혜화동1번지 (연극실험실 혜화동1번지)","연극","곽초원, 김광호, 김준섭, 박한샘, 안시연, 안정민, 이라결 등","현철","만 14세 이상","1시간 30분","C9 THEATER","공연완료","http://www.kopis.or.kr/upload/pfmPoster/PF_PF295732_260709_132405.png","PF295732"
"봉천내 사람들: 만두 전성시대 [영월]","2026.08.22","2026.08.22","영월군문화예술회관 (영월군문화예술회관)","연극","김미진, 윤상돈, 이송이, 김수영, 정수석, 장현구, 박하늘 등","이석표, 최규창, 박승원 등","전체 관람가","1시간 40분","씨어터컴퍼니 웃끼","공연완료","http://www.kopis.or.kr/upload/pfmPoster/PF_PF295724_260709_125038.gif","PF295724"
"베니스의 상인 [대구]","2026.08.28","2026.08.29","계명아트센터 (계명아트센터)","연극","박근형, 이승주, 원진아, 이상윤, 김슬기, 김아영, 최정헌 등","오경택, 박연주, 신호 등","만 7세 이상","2시간 20분","(주)파크컴퍼니, 파워엔터테인먼트(주)","공연예정","http://www.kopis.or.kr/upload/pfmPoster/PF_PF295708_260709_112104.gif","PF295708"
"버스정류장 [대학로]","2026.08.13","2026.08.15","브이씨어터 (브이씨어터)","연극","이보람, 박은정, 박윤정, 최지애, 김유나, 권기현, 박지호 등","예슬비","만 11세 이상","1시간 20분","아크엔터테인먼트(ARK ENTERTAINMENT)","공연완료","http://www.kopis.or.kr/upload/pfmPoster/PF_PF295696_260709_105342.gif","PF295696"
"Re: cycle","2026.07.15","2026.07.19","단막극장(구.대학로단막극장) (단막극장(구.대학로단막극장))","연극","강소현, 김연주, 모효원, 박수정, 정누리","주찬규, 김연주, 염준현 등","만 8세 이상","1시간 10분","프로젝트 무체순, 프로젝트 무체순","공연완료","http://www.kopis.or.kr/upload/pfmPoster/PF_PF295692_260709_104700.gif","PF295692"
"하녀들","2026.07.23","2026.07.26","극장 동국 (극장 동국)","연극","윤슬, 박진희, 김다윗","임신형, 김온, 김가영 등","만 14세 이상","1시간 40분","팀 고전, 팀 고전","공연완료","http://www.kopis.or.kr/upload/pfmPoster/PF_PF295677_260709_100945.gif","PF295677"
"아롤을 깨물었을 때 [춘천]","2026.08.01","2026.08.01","춘천인형극장 (대극장)","연극","최유리, 김혜정, 이승택 등","","만 3세 이상","50분","프로젝트 연","공연완료","http://www.kopis.or.kr/upload/pfmPoster/PF_PF295675_260709_100632.png","PF295675"
"김사장 살리기","2026.07.15","2026.07.26","미마지아트센터 (물빛극장)","연극","김진태, 김현숙, 국호, 김대환, 양대국","송훈상, 정욱, 김영무 등","만 13세 이상","1시간 15분","","공연완료","http://www.kopis.or.kr/upload/pfmPoster/PF_PF295671_260709_095550.jpg","PF295671"
"준생: 영웅으로 살다 [횡성]","2026.08.07","2026.08.07","횡성문화예술회관 (대공연장)","연극","공정환, 홍경인, 정선주, 김현진, 나영아, 윤민주, 남궁민정 등","","만 7세 이상","1시간 30분","극단 화살표, 횡성문화관광재단","공연완료","http://www.kopis.or.kr/upload/pfmPoster/PF_PF295669_260708_161233.gif","PF295669"
"스프레이 [고흥]","2026.07.23","2026.07.23","고흥문화회관 (김연수실)","연극","이상희, 김정아, 김민규, 김영건, 김민정, 박현숙, 유수진 등","박정의, 전혜윤, 김효상 등","만 10세 이상","1시간 20분","극단 초인","공연완료","http://www.kopis.or.kr/upload/pfmPoster/PF_PF295652_260708_150907.gif","PF295652"
"소낙비 [춘천]","2026.08.07","2026.08.08","아트팩토리 봄 (아트팩토리 봄)","연극","","","만 18세 이상","1시간 15분","(사)문화프로덕션 도모","공연완료","http://www.kopis.or.kr/upload/pfmPoster/PF_PF295631_260708_141038.png","PF295631"
"취한 배를 탄 눈물인형 [대학로]","2026.07.17","2026.07.18","북극곰소극장 (북극곰소극장)","연극","하래연","하래연, 강효근, 김영현 등","만 10세 이상","1시간 10분","북극곰 예술여행","공연완료","http://www.kopis.or.kr/upload/pfmPoster/PF_PF295619_260708_134949.jpg","PF295619"
"성호가든 [대전]","2026.07.09","2026.07.15","소극장 고도 (소극장 고도)","연극","강지구, 최승완, 곽유평, 김선옥, 김나미, 김민성","정선호, 임수정, 이정수 등","만 15세 이상","1시간 30분","극단 라일락, 극단 라일락","공연완료","http://www.kopis.or.kr/upload/pfmPoster/PF_PF295582_260708_114337.gif","PF295582"
"김시라의 품바: Original [인천 제물포]","2026.08.07","2026.08.07","제물포구문화체육센터(구. 동구문화체육센터) (공연장)","연극","오종석, 이시찬","최민선, 최성봉, 박황빈 등","만 7세 이상","1시간 40분","(주)좋은콘서트, 굿초이스","공연완료","http://www.kopis.or.kr/upload/pfmPoster/PF_PF295575_260708_112230.gif","PF295575"
"네 번째 사람 [부산]","2026.07.21","2026.07.21","창조문화활력센터 소극장 624 (창조문화활력센터 소극장 624)","연극","아카마쓰 레오, 기토 노리코, 이시이 히데아키, 고이즈미 마사오미, 니시야마 기오아키","이보람, 이쿠타 미유키, 이지숙 등","만 13세 이상","1시간 10분","나토리 사무소(THEATRE OFFICE NATORI) [일본], 보편적 극단","공연완료","http://www.kopis.or.kr/upload/pfmPoster/PF_PF295561_260708_105602.jpg","PF295561"
"운빨로맨스 [양구]","2026.07.17","2026.07.18","양구문화복지센터 (양구문화복지센터)","연극","박효진 등","","만 11세 이상","1시간 30분","","공연완료","http://www.kopis.or.kr/upload/pfmPoster/PF_PF295541_260708_101009.png","PF295541"
"춘천 연극제, 일어나라 팔복아","2026.07.28","2026.07.28","봄내극장 (봄내극장)","연극","조춘호, 서주현, 한훈, 김진아, 김영규, 주하영","","만 15세 이상","1시간 30분","극단 길손","공연완료","http://www.kopis.or.kr/upload/pfmPoster/PF_PF295537_260707_145825.png","PF295537"
"춘천 연극제, 스카프","2026.07.22","2026.07.22","봄내극장 (봄내극장)","연극","전세기, 변나라, 류승주","","만 13세 이상","1시간 30분","극단 화담","공연완료","http://www.kopis.or.kr/upload/pfmPoster/PF_PF295536_260707_144957.jpg","PF295536"
"춘천연극제, 휴먼코메디 [춘천]","2026.07.24","2026.07.24","봄내극장 (봄내극장)","연극","김현민, 양주현, 이승우, 최이영, 이상민, 전박이진","","만 7세 이상","2시간","","공연완료","http://www.kopis.or.kr/upload/pfmPoster/PF_PF295533_260707_143022.png","PF295533"
"제14회 서울 단편극 페스티벌, 테스트 중입니다 & 전하지 못한 진심","2026.07.21","2026.07.23","제이원 씨어터 (구. 서완소극장, 구. 씨어터고리) (제이원 씨어터 (구. 서완소극장, 구. 씨어터고리) )","연극","권재인, 김보경, 노진원, 목정윤, 온서온","임정혁, 노진우, 강지수 등","만 11세 이상","1시간 30분","(주)라인컴퍼니, 겨루 (연극)","공연완료","http://www.kopis.or.kr/upload/pfmPoster/PF_PF295532_260707_143021.gif","PF295532"
"춘천연극제, 당신이 좋아","2026.07.30","2026.07.30","봄내극장 (봄내극장)","연극","이정유, 박준성, 김인하, 박준수, 이경민","","만 8세 이상","1시간 40분","극단 이루마","공연완료","http://www.kopis.or.kr/upload/pfmPoster/PF_PF295521_260707_134811.jpg","PF295521"
"손 없는 색시 [서울]","2026.08.08","2026.08.09","나루아트센터 (대공연장)","연극","김다영, 박선민, 박형채, 설재영, 김모은, 한승효, 김하영","경민선, 조현산, 류지연 등","만 7세 이상","1시간 15분","(재)광진문화재단, 예술무대산","공연완료","http://www.kopis.or.kr/upload/pfmPoster/PF_PF295519_260707_134234.gif","PF295519"
"춘천연극제, 굿모닝 시티 라이브","2026.07.20","2026.07.20","봄내극장 (봄내극장)","연극","이안재, 송아현, 황인범, 최재혁, 임병화, 조선영, 오태민 등","박선혜","만 12세 이상","1시간 40분","극단 무아(Mwa)","공연완료","http://www.kopis.or.kr/upload/pfmPoster/PF_PF295518_260707_134002.jpg","PF295518"
"미스앤줄리 (Miss&Julie)","2026.07.24","2026.07.26","성균소극장 (성균소극장)","연극","김보은, 진가람, 임차희","김서윤, 임차희, 장민주 등","만 15세 이상","1시간 30분","극단 미정","공연완료","http://www.kopis.or.kr/upload/pfmPoster/PF_PF295516_260707_133536.gif","PF295516"
"붉고, 깊은 파랑: 머구리 [고성]","2026.07.25","2026.07.25","고성군문화복지센터 (대공연장)","연극","최경원, 이정진, 박정순, 임지성, 원인진, 유은지, 류진 등","최치언","만 10세 이상","1시간 40분","강원도 고성군, 창작집단 상상두목","공연완료","http://www.kopis.or.kr/upload/pfmPoster/PF_PF295509_260707_131930.gif","PF295509"
"춘천연극제, 덕질의 이해","2026.08.01","2026.08.01","봄내극장 (봄내극장)","연극","김동순","배새암, 변유정, 남궁진 등","만 7세 이상","1시간 10분","(주)극단 아리랑","공연완료","http://www.kopis.or.kr/upload/pfmPoster/PF_PF295502_260707_130041.jpg","PF295502"
"제14회 서울단편극 페스티벌, 수국 / 갑순이","2026.07.21","2026.07.23","동숭무대소극장 (동숭무대소극장)","연극","","","만 11세 이상","1시간 30분","공연집단 강철무지개, 극단 D7, 극단 동숭무대","공연완료","http://www.kopis.or.kr/upload/pfmPoster/PF_PF295495_260707_112739.gif","PF295495"
"뱅크 뱅 레슨","2026.07.22","2026.07.26","다케이씨어터 (구. 창조소극장)  (다케이씨어터 (구. 창조소극장) )","연극","김성곤, 김수현, 윤종호, 윤태하, 이은빈, 진하준, 최성호 등","안준기, 김현주, 윤대원 등","만 13세 이상","1시간 20분","B works","공연완료","http://www.kopis.or.kr/upload/pfmPoster/PF_PF295494_260707_112738.jpg","PF295494"
"바람이 머무는 곳","2026.07.15","2026.07.17","청년예술청 SAPY (그레이룸)","연극","유재하, 정현규, 윤봄, 김유빈, 임동건, 이리안","김병준, 김현민, 김환희 등","전체 관람가","1시간 15분","창직집단 사람이 자라는 나무","공연완료","http://www.kopis.or.kr/upload/pfmPoster/PF_PF295483_260707_110539.gif","PF295483"
"단피몽두전: 유외부오의 변 [보성]","2026.07.24","2026.07.25","보성군문화예술회관 (보성군문화예술회관)","연극","이재룡, 김도현, 김현경, 전근호, 주현지, 고찬유","송한울, 이단비, 조수현 등","만 13세 이상","1시간 40분","스웜프 컴퍼니, 스웜프 컴퍼니","공연완료","http://www.kopis.or.kr/upload/pfmPoster/PF_PF295471_260707_103936.gif","PF295471"
"XXL 레오타드 안나수이 손거울 [영월]","2026.08.05","2026.08.05","영월군문화예술회관 (영월군문화예술회관)","연극","류세일, 이도경, 김대운, 김경환, 박영광, 임예린","박찬규, 권오현, 김희진 등","만 7세 이상","1시간 20분","(재)영월문화관광재단, 극단 치악무대","공연완료","http://www.kopis.or.kr/upload/pfmPoster/PF_PF295468_260707_103105.gif","PF295468"
"단층선","2026.07.24","2026.08.02","여행자극장 (여행자극장)","연극","김마로, 김한봄, 박하진, 이현규, 주연경","민새롬, 정지수","만 16세 이상","2시간 10분","극단 청년단","공연완료","http://www.kopis.or.kr/upload/pfmPoster/PF_PF295450_260706_164946.png","PF295450"
"오늘부터 1일 [거창]","2026.07.18","2026.07.18","거창문화센터 (공연장)","연극","송병갑, 김혜경, 김상문, 하은희, 안정호, 김안순, 조익준 등","김상문, 진은주, 김세림 등","만 4세 이상","1시간","극단 큰들","공연완료","http://www.kopis.or.kr/upload/pfmPoster/PF_PF295438_260706_154056.jpg","PF295438"
"제36회 거창 국제 연극제, 없는 잘못 (07.29)","2026.07.29","2026.07.29","거창연극고등학교 (가온극장)","연극","서혜주, 장명훈, 문선아, 권혜빈, 정선경 등","장진웅, 이준수, 오의재 등","만 11세 이상","1시간 20분","창작집단 양산박","공연완료","http://www.kopis.or.kr/upload/pfmPoster/PF_PF295431_260706_152153.jpg","PF295431"
"해부학자","2026.08.06","2026.08.09","서울연극창작센터 (서울씨어터 101 (1F) )","연극","김양균, 한창현, 유지안, 이지윤, 양정인, 박진영, 채지성 등","이형우, 임주현, 신호정 등","만 12세 이상","1시간 30분","하이웨이브, 하이웨이브","공연완료","http://www.kopis.or.kr/upload/pfmPoster/PF_PF295429_260706_151812.gif","PF295429"
"그때도 오늘 [제주 서귀포]","2026.07.24","2026.07.25","서귀포예술의전당 (대극장)","연극","양경원, 최영준","민준호, 오인하, 남경식 등","만 13세 이상","1시간 30분","","공연완료","http://www.kopis.or.kr/upload/pfmPoster/PF_PF295417_260706_144907.png","PF295417"
"대화의 습도","2026.08.05","2026.08.16","씨어터 쿰 (씨어터 쿰)","연극","선욱현, 박성민, 오현근, 김서준","김성진, 오정단, 김광훈 등","만 11세 이상","1시간 40분","(주)피에이치아이피랩(PH IPLAB Inc.), 극단 몽중자각, 극단 몽중자각, 극발전소301","공연완료","http://www.kopis.or.kr/upload/pfmPoster/PF_PF295405_260706_142139.gif","PF295405"
"EXIT; 출구는 저쪽입니다 뛰세요!","2026.08.06","2026.08.16","여행자극장 (여행자극장)","연극","황의정, 강재윤, 김혜림, 신보경, 박지희, 조성덕, 최하나 등","조지원, 박소희, 배선애 등","만 12세 이상","1시간 40분","극단 문지방, 극단 문지방","공연완료","http://www.kopis.or.kr/upload/pfmPoster/PF_PF295403_260706_141520.gif","PF295403"
"소녀소년들 (Girls and Boys)","2026.07.31","2026.08.09","더 줌 아트센터 (더 줌 아트센터)","연극","윤소희","박종현, 정다영, 서영진 등","만 13세 이상","1시간 50분","극단 아몬드, 극단 아몬드, 더줌아트센터, 품씨어트리컬스 유한책임회사","공연완료","http://www.kopis.or.kr/upload/pfmPoster/PF_PF295397_260706_140200.gif","PF295397"
"아도가 남쪽으로 온 까닭은 [구미]","2026.08.27","2026.08.27","강동문화복지회관 (천생아트홀 (대공연장) )","연극","김영균, 김헌근, 이규용, 오세아, 김주열, 이재선, 윤이솜 등","고능석, 황윤동, 김용원 등","전체 관람가","1시간","(사)문화창작집단 공터다","공연예정","http://www.kopis.or.kr/upload/pfmPoster/PF_PF295396_260706_140040.png","PF295396"
"가을 반딧불이","2026.08.05","2026.08.09","포스트극장 (포스트극장)","연극","윤경호, 조건희, 최민혁, 한민지, 김영택, 이동언","정의신, 최준호, 백요셉 등","만 12세 이상","1시간 40분","극단 라이카 (LAIKA), 극단 라이카 (LAIKA)","공연완료","http://www.kopis.or.kr/upload/pfmPoster/PF_PF295395_260706_135630.gif","PF295395"
"제36회 거창국제연극제, 기형의 즐거움 (07.28)","2026.07.28","2026.07.28","거창연극고등학교 (가온극장)","연극","이다운, 고현지, 조영길, 김정현, 전민규, 한경수","이예찬, 김현진, 이승원 등","만 14세 이상","1시간 40분","극단 풍덩","공연완료","http://www.kopis.or.kr/upload/pfmPoster/PF_PF295374_260706_130131.jpg","PF295374"
"그 여자의 소설","2026.07.07","2026.07.12","미마지아트센터 (물빛극장)","연극","김재건, 김화영, 김늘메, 윤설아, 추헌엽, 최현주, 이섬 등","서현석, 이상근, 유희정 등","만 16세 이상","1시간 15분","극단 시와별","공연완료","http://www.kopis.or.kr/upload/pfmPoster/PF_PF295372_260706_124804.gif","PF295372"
"인간혐오자 [대구]","2026.07.18","2026.07.18","달서아트센터 (구. 웃는얼굴아트센터) (와룡홀)","연극","","","만 7세 이상","1시간 10분","극단 폼","공연완료","http://www.kopis.or.kr/upload/pfmPoster/PF_PF295371_260706_124732.jpg","PF295371"
"적벽대전 [대전 서구]","2026.07.24","2026.07.25","대전서구문화원 (공연장(아트홀))","연극","이주행, 김황식, 성장순, 이신애, 임창숙, 이광백, 김시현 등","류기형, 박지헌, 김시현 등","만 7세 이상","1시간 20분","(사)마당극패 우금치","공연완료","http://www.kopis.or.kr/upload/pfmPoster/PF_PF295359_260716_161747.png","PF295359"
"불편한 편의점 [울산]","2026.07.15","2026.07.15","울산광역시학생교육문화회관 (대공연장(소원홀))","연극","","","전체 관람가","1시간 40분","울산광역시학생교육문화회관","공연완료","http://www.kopis.or.kr/upload/pfmPoster/PF_PF295343_260706_103726.jpg","PF295343"
"미세스 마캠 [보성]","2026.07.16","2026.07.16","보성군문화예술회관 (보성군문화예술회관)","연극","육소영, 이순원, 유건우, 장희정, 최기원, 이민아, 이윤경 등","","만 13세 이상","2시간","보성군문화예술회관","공연완료","http://www.kopis.or.kr/upload/pfmPoster/PF_PF295336_260706_102129.jpg","PF295336"
"INSANE (인세인)","2026.07.10","2026.07.16","로드 유미플레이 1 (로드 유미플레이 1)","연극","임여름, 김범석, 최영탁, 문서윤, 박진한, 유수아, 안효원 등","손현규, 정승혁, 유주영 등","만 19세 이상","1시간 15분","(주)로드","공연완료","http://www.kopis.or.kr/upload/pfmPoster/PF_PF295306_260703_140933.gif","PF295306"
"제36회 거창 국제 연극제, 오셀로 (08.02)","2026.08.02","2026.08.02","거창 수승대 (축제극장)","연극","아베 카즈노리, 오우치 요네지, 카토 유키오, 다이도무몬 유야, 나가이 사야코, 혼다 마키, 요시우에 소이치로","미야기 사토시, 오가와 테츠로, 하라이카와 유키오 등","만 11세 이상","1시간 15분","시즈오카 공연예술센터(Shizuoka Performing Arts Center (SPAC)) [일본]","공연완료","http://www.kopis.or.kr/upload/pfmPoster/PF_PF295294_260703_134822.jpg","PF295294"
"현대인 잔혹사 [안양]","2026.07.18","2026.07.19","안양아트센터 (수리홀)","연극","최성대, 조아진, 심영준, 나승현, 이재석, 정하","이목련, 천현수, 손예인 등","만 10세 이상","1시간 20분","극단 미스터리, 미스터리컴퍼니","공연완료","http://www.kopis.or.kr/upload/pfmPoster/PF_PF295284_260703_133143.gif","PF295284"
"타인은 지옥이다 [부산]","2026.07.23","2026.07.26","가온아트홀 [부산] (2관)","연극","김지훈, 김수정, 김휘준, 최다래","","만 15세 이상","1시간 20분","극단 해프닝, 극단 해프닝","공연완료","http://www.kopis.or.kr/upload/pfmPoster/PF_PF295277_260703_131641.gif","PF295277"
"꼬마오즈 [부평]","2026.07.10","2026.07.10","부평문화사랑방 (부평문화사랑방)","연극","권영솔, 한유리, 홍금택, 김홍섭, 김도한","김태용, 강유희, 박윤수 등","전체 관람가","1시간","(재)인천광역시 부평구문화재단(부평아트센터)","공연완료","http://www.kopis.or.kr/upload/pfmPoster/PF_PF295257_260703_112621.gif","PF295257"
"풍류 [정읍]","2026.07.01","2026.07.17","풍류극장 (공연장 )","연극","박재석","박재석","만 12세 이상","1시간 20분","","공연완료","http://www.kopis.or.kr/upload/pfmPoster/PF_PF295236_260703_104015.png","PF295236"
"제36회 거창 국제 연극제, 그 그림은 뉘 그림인고 (07.30)","2026.07.30","2026.07.30","거창연극고등학교 (가온극장)","연극","박병호, 박해린, 김서진, 김한빈, 박민지, 이강민, 서예본 등","이상일, 양세현, 이상근 등","만 11세 이상","1시간 30분","사다리움직임연구소","공연완료","http://www.kopis.or.kr/upload/pfmPoster/PF_PF295235_260703_103818.jpg","PF295235"
"제36회 거창국제연극제, 이카이노 바이크 (08.03)","2026.08.03","2026.08.03","거창 수승대 (대나무극장)","연극","정명군, 유희제, 오현서, 도예준, 박지예, 최경식, 장태민 등","변영진 등","만 11세 이상","1시간 35분","극단 불의전차","공연완료","http://www.kopis.or.kr/upload/pfmPoster/PF_PF295234_260703_103411.jpg","PF295234"
"제5회 보편적이지만은 않은 극적무대, 낙원탈출","2026.07.09","2026.07.12","극장 봄 (봄소극장) (극장 봄)","연극","나하린, 이윤지, 박경미, 이채원","최한결, 양희정, 임형준 등","만 16세 이상","1시간 20분","창작집단 특이점","공연완료","http://www.kopis.or.kr/upload/pfmPoster/PF_PF295233_260703_103818.png","PF295233"
"제36회 거창국제연극제, 춘섬이의 거짓말 (08.04)","2026.08.04","2026.08.04","거창 수승대 (구연극장 (구 거북극장) )","연극","김현, 임정은, 김명애, 정래석, 정연심, 이희연, 채연정 등","김정숙, 김기정, 정수미 등","만 12세 이상","1시간 30분","","공연완료","http://www.kopis.or.kr/upload/pfmPoster/PF_PF295219_260703_095941.jpg","PF295219"
"제26회 밀양 공연 예술 축제, 어느 골목 모퉁이의 단단씨","2026.07.31","2026.07.31","밀양아리나 (구, 밀양연극촌) (꿈꾸는극장)","연극","손경원, 이석호, 조해민, 윤미애, 정세리, 연세호","김윤주, 서경오, 유승희 등","전체 관람가","1시간","(사)한국연극협회","공연완료","http://www.kopis.or.kr/upload/pfmPoster/PF_PF295215_260702_165712.jpg","PF295215"
"제26회 밀양 공연 예술 축제, 룸메이트: 페널티킥","2026.07.21","2026.07.21","밀양아리랑아트센터 (소공연장)","연극","백규진, 장시현, 김경훈","백규진, 양승민","만 11세 이상","1시간 20분","아이컨택 ICONTACT","공연완료","http://www.kopis.or.kr/upload/pfmPoster/PF_PF295213_260702_165107.jpg","PF295213"
"제26회 밀양공연예술축제, 웃으면 장수하리","2026.07.27","2026.07.27","밀양아리나 (구, 밀양연극촌) (꿈꾸는극장)","연극","김위곤, 이현주, 박기량, 한유진","김현희, 김은민, 최은진 등","만 12세 이상","1시간 10분","극단 메들리","공연완료","http://www.kopis.or.kr/upload/pfmPoster/PF_PF295210_260702_164257.jpg","PF295210"
"제26회 밀양공연예술축제, 슬픈 연극","2026.07.23","2026.07.23","밀양아리나 (구, 밀양연극촌) (꿈꾸는극장)","연극","황창기, 김은희","민복기, 박현배, 김순자 등","만 12세 이상","1시간 10분","극단 마루","공연완료","http://www.kopis.or.kr/upload/pfmPoster/PF_PF295209_260702_163908.jpg","PF295209"
"제26회 밀양공연예술축제, 미세스 마캠","2026.07.26","2026.07.26","밀양아리랑아트센터 (소공연장)","연극","유선, 정지호, 유건우, 장희정, 곽태영, 김지선, 강수현 등","박중근, 민연홍, 문민화 등","만 16세 이상","2시간","(주) 올빛컴퍼니","공연완료","http://www.kopis.or.kr/upload/pfmPoster/PF_PF295206_260702_163529.jpg","PF295206"
"십이야 [안성] (영상화)","2026.08.19","2026.08.19","안성맞춤아트홀 (문화살롱)","연극","","","만 13세 이상","2시간 10분","(재) 국립극단, 안성시 문화예술사업소","공연완료","http://www.kopis.or.kr/upload/pfmPoster/PF_PF295205_260702_163311.jpg","PF295205"
"제26회 밀양공연예술축제, 사랑해 엄마","2026.07.23","2026.07.24","밀양아리랑아트센터 (소공연장)","연극","조혜련, 이경실, 정지환, 조지환, 정주희, 손수아, 유민정 등","윤진하, 조혜련, 현유진 등","만 6세 이상","1시간 50분","(주)위아더컬쳐, (주)조이컬쳐스, 안녕컴퍼니","공연완료","http://www.kopis.or.kr/upload/pfmPoster/PF_PF295202_260702_162358.jpg","PF295202"
"제36회 거창국제연극제, 십이야 (08.06)","2026.08.06","2026.08.06","거창 수승대 (구연극장 (구 거북극장) )","연극","사윤일, 조영래, 이지호, 최주찬, 김태균, 박민지, 엄혜린 등","백남영, 이수은, 김민경 등","만 9세 이상","1시간 30분","창작집단 거기가면","공연완료","http://www.kopis.or.kr/upload/pfmPoster/PF_PF295198_260702_161222.jpg","PF295198"
"제5회 연극 페스티벌, 오늘도 연극: 오함마백씨행장 완판본 [경기 광주]","2026.06.24","2026.06.24","광주시문화예술의전당 (구. 남한산성아트홀) (맹사성홀)","연극","오치운","이용훈, 차보경, 오치운 등","만 11세 이상","1시간 30분","","공연완료","http://www.kopis.or.kr/upload/pfmPoster/PF_PF295197_260702_160914.gif","PF295197"
"제36회 거창국제연극제, 딱정벌레 이야기 (08.05)","2026.08.05","2026.08.05","거창 수승대 (대나무극장)","연극","마리아 트리 술리스티야니, 루낭 프라무세사, 팜보 프리요자티, 하르디안샤 요가, 베니 산자야","안톤 파즈리, 안토니우스 페브리나완 프레스티안토, 이완 에펜디 등","만 4세 이상","55분","페이퍼문 퍼펫 씨어터(Papermoon Puppet Theatre) [인도네시아]","공연완료","http://www.kopis.or.kr/upload/pfmPoster/PF_PF295192_260702_155755.jpg","PF295192"
"아롤을 깨물었을 때 [안동]","2026.09.18","2026.09.19","안동문화예술의전당 (백조홀)","연극","","","36개월 이상","1시간","(재)춘천인형극제, 국립아시아문화전당재단, 몽골 국립인형극장, 안동문화예술의전당","공연예정","http://www.kopis.or.kr/upload/pfmPoster/PF_PF295191_260702_155755.jpg","PF295191"
"제36회 거창국제연극제, 오셀로 (08.01)","2026.08.01","2026.08.01","거창 수승대 (축제극장)","연극","아베 카즈노리, 이케다 마키코, 오우치 요네지, 카스가이 잇페이, 카토 유키오, 키우치 코토코, 사쿠라우치 유 등","미야기 사토시, 오가와 테츠로, 하라이카와 유키오 등","만 11세 이상","1시간 15분","시즈오카 공연예술센터(Shizuoka Performing Arts Center (SPAC)) [일본]","공연완료","http://www.kopis.or.kr/upload/pfmPoster/PF_PF295189_260702_154922.jpg","PF295189"
"제36회 거창국제연극제, 오래된 포도 (08.03)","2026.08.03","2026.08.03","거창연극고등학교 (가온극장)","연극","구본형, 박승규, 박진우","구본형, 박승규, 박진우 등","만 14세 이상","1시간","파빌리온","공연완료","http://www.kopis.or.kr/upload/pfmPoster/PF_PF295187_260702_154556.jpg","PF295187"
"제36회 거창국제연극제, 수집광 팩랫 (08.04)","2026.08.04","2026.08.04","거창 수승대 (축제극장)","연극","카를로 아디놀피, 제이 한, 정명필, 신은경, 이혜진, 임원","르네 필리피, 카를로 아디놀피, 루이스 플린 등","전체 관람가","1시간","Concrete Temple Theatre, 솜.사탕컴퍼니","공연완료","http://www.kopis.or.kr/upload/pfmPoster/PF_PF295185_260702_154036.jpg","PF295185"
"제36회 거창국제연극제, 내 이름은 박철수입니다. (08.01)","2026.08.01","2026.08.01","거창연극고등학교 (가온극장)","연극","박성근, 한상구, 이홍재, 권재인, 선욱현, 김대진","김유정, 최병로, 김진기 등","만 11세 이상","1시간 30분","겨루 (연극)","공연완료","http://www.kopis.or.kr/upload/pfmPoster/PF_PF295183_260702_153349.jpg","PF295183"
"제36회 거창 국제 연극제, 찔레꽃 (08.02)","2026.08.02","2026.08.02","거창 수승대 (구연극장 (구 거북극장) )","연극","하은희, 윤민서, 이인근, 홍수완, 김정경, 김가람, 김안순 등","안정호, 전민규, 진은주 등","만 4세 이상","1시간","극단 큰들","공연완료","http://www.kopis.or.kr/upload/pfmPoster/PF_PF295182_260702_153048.jpg","PF295182"
"제36회 거창 국제 연극제, 찔레꽃 (08.01)","2026.08.01","2026.08.01","거창 수승대 (구연극장 (구 거북극장) )","연극","하은희, 윤민서, 이인근, 홍수완, 김정경, 김가람, 김안순 등","안정호, 전민규, 진은주 등","만 4세 이상","1시간","극단 큰들","공연완료","http://www.kopis.or.kr/upload/pfmPoster/PF_PF295181_260702_152426.jpg","PF295181"
"제36회 거창국제연극제, 나의 말금씨 (08.03)","2026.08.03","2026.08.03","거창 수승대 (구연극장 (구 거북극장) )","연극","김수현, 문지완, 최윤정, 이광현, 조민령","손민규, 김정숙, 김연희 등","만 7세 이상","1시간 30분","극단 아시랑","공연완료","http://www.kopis.or.kr/upload/pfmPoster/PF_PF295180_260702_152124.jpg","PF295180"
"레인보우 프로젝트 시즌 2: 그린, 빨간머리 앤","2026.06.27","2026.06.28","홍해성 소극장 (소극장)","연극","김다혜, 김연수, 김은진, 박정원, 송도윤, 장수정, 장윤정 등","한윤서 등","만 7세 이상","1시간 20분","프로젝트 한, 프로젝트 한","공연완료","http://www.kopis.or.kr/upload/pfmPoster/PF_PF295175_260702_150442.gif","PF295175"
"제26회 밀양공연예술축제, STAY ALIVE IN","2026.07.24","2026.07.31","밀양소통협력공간 (밀양소통협력공간)","연극","한진우, 곽태관, 신도연, 로지영, 전세정, 조근우, 최민기 등","손수민, 박광훈, 홍관우 등","만 16세 이상","1시간 30분","","공연완료","http://www.kopis.or.kr/upload/pfmPoster/PF_PF295171_260706_150158.png","PF295171"
"강아지똥 [증평]","2026.06.24","2026.06.24","증평문화회관 (대강당)","연극","정래석, 이희연, 허정진, 안중현, 오명준, 류제원, 남희진 등","김정숙","36개월 이상","50분","극단 모시는사람들","공연완료","http://www.kopis.or.kr/upload/pfmPoster/PF_PF295169_260702_144624.gif","PF295169"
"울어라 바다야! [제주]","2026.07.17","2026.07.18","제주문예회관 (대극장)","연극","고가영, 김정희, 이승준, 김경만, 경솔현, 이창익, 설승혜 등","이상용, 정현주, 김상철 등","만 10세 이상","2시간","극단 가람 [제주]","공연완료","http://www.kopis.or.kr/upload/pfmPoster/PF_PF295165_260702_143727.png","PF295165"
"안성맞춤아트홀 문화가 있는 날: 아트-데이, 영지 (영상화)","2026.08.12","2026.08.12","안성맞춤아트홀 (문화살롱)","연극","","","만 13세 이상","1시간","(재) 국립극단, 안성맞춤아트홀(안성시)","공연완료","http://www.kopis.or.kr/upload/pfmPoster/PF_PF295164_260702_143727.jpg","PF295164"
"제26회 밀양공연예술축제, 수무바다 흰고무래","2026.07.29","2026.07.29","밀양아리랑아트센터 (대공연장)","연극","김영균, 김헌근, 최동석, 황윤희, 김주열, 오세아, 이재선 등","정대균, 김인경, 고능석 등","전체 관람가","1시간 5분","","공연완료","http://www.kopis.or.kr/upload/pfmPoster/PF_PF295162_260702_164520.jpg","PF295162"
"제26회 밀양공연예술축제, 분홍립스틱","2026.07.31","2026.08.01","밀양아리랑아트센터 (대공연장)","연극","정혜선, 박정수, 김예령, 이태란, 박형준, 정찬, 김수연 등","문승용, 유승봉, 김명훈 등","만 12세 이상","1시간 40분","","공연완료","http://www.kopis.or.kr/upload/pfmPoster/PF_PF295158_260702_164452.jpg","PF295158"
"제26회 밀양공연예술축제, 태극기가 바람에 [밀양]","2026.07.25","2026.07.25","밀양아리나 (구, 밀양연극촌) (꿈꾸는극장)","연극","박승규, 윤정화, 박진수, 진애숙, 이규성","장창석, 신성우, 제상아 등","만 18세 이상","1시간 40분","극단 벅수골","공연완료","http://www.kopis.or.kr/upload/pfmPoster/PF_PF295157_260702_142845.jpg","PF295157"
"안성맞춤아트홀 문화가 있는 날: 아트-데이: 조씨고아, 복수의 씨앗 (영상화)","2026.08.26","2026.08.26","안성맞춤아트홀 (문화살롱)","연극","","","만 13세 이상","2시간 26분","(재) 국립극단","공연예정","http://www.kopis.or.kr/upload/pfmPoster/PF_PF295156_260702_142237.jpg","PF295156"
"제36회 거창 국제 연극제, 외투 (08.05)","2026.08.05","2026.08.05","거창연극고등학교 (가온극장)","연극","이민기, 서민준, 장창완, 전원재, 정희경, 김재현, 임지형","이민기, 이혜정, 채춘연 등","만 7세 이상","1시간 20분","극단 뜬, 구름","공연완료","http://www.kopis.or.kr/upload/pfmPoster/PF_PF295155_260702_142224.jpg","PF295155"
"제26회 밀양공연예술축제, 히든퍼즐 [밀양]","2026.07.30","2026.07.31","밀양아리랑아트센터 (소공연장)","연극","허원도, 박정윤, 서예덕, 석민주, 윤석준","신광희, 임성은, 김지석 등","만 13세 이상","1시간 20분","유머러스(유머러's), 유머러스(유머러's)","공연완료","http://www.kopis.or.kr/upload/pfmPoster/PF_PF295154_260702_142224.png","PF295154"
"핸드쉐도우 판타지 ANIMARE [안동]","2026.11.05","2026.11.07","안동문화예술의전당 (백조홀)","연극","이이다 슈이치, 키쿠모토 카요, 요시무라 류이치, 사쿠라모토 나츠미","고토 케이, 스기무라 코요, 김동훈 등","36개월 이상","1시간","안동문화예술의전당, 카카시 쉐도우 프로젝트(Kakashi Shadow Project) [일본], 플랜비","공연예정","http://www.kopis.or.kr/upload/pfmPoster/PF_PF295153_260702_141847.jpg","PF295153"
"THE PRAYING MANTIS: 모든 진실은 문 뒤에 있다 [대전]","2026.07.01","2026.07.05","드림아트홀 [대전] (드림아트홀 [대전] )","연극","신선희, 이성희, 김도윤, 오해영 등","정준영, 오은영, 김소중 등","만 12세 이상","1시간 10분","극단 호감, 극단 호감","공연완료","http://www.kopis.or.kr/upload/pfmPoster/PF_PF295150_260702_141145.gif","PF295150"
"진노 (震怒)","2026.07.25","2026.08.02","예술공간 혜화 (예술공간 혜화)","연극","고경철, 권효은, 김원태, 김효영, 박수빈, 박은혜, 박정근 등","윤한솔, 전성현, 조웅철 등","만 11세 이상","1시간 20분","그린피그, 그린피그","공연완료","http://www.kopis.or.kr/upload/pfmPoster/PF_PF295139_260702_135247.gif","PF295139"
"소가된 게으름뱅이 [울산]","2026.07.04","2026.07.18","토마토소극장 (토마토소극장)","연극","","","전체 관람가","40분","극단 토마토","공연완료","http://www.kopis.or.kr/upload/pfmPoster/PF_PF295132_260702_134032.png","PF295132"
"경산시립극단, 햄버거 먹다가 생각날 이야기 [경산]","2026.07.10","2026.07.11","경산시민회관 (대강당)","연극","남가설, 신동우, 정성태, 박준용, 최영주, 박설하, 김정현","정철원, 김도영, 장한새 등","만 13세 이상","1시간 40분","경산시립극단","공연완료","http://www.kopis.or.kr/upload/pfmPoster/PF_PF295127_260702_132816.jpg","PF295127"
"제36회 거창국제연극제, 걸리버 여행기: 줌 인 아웃 (08.08)","2026.08.08","2026.08.08","거창 수승대 (구연극장 (구 거북극장) )","연극","김예린, 김채연, 박혜민, 김승태, 조인서, 유성곤","윤시중, 정승진, 조태준 등","만 5세 이상","1시간","","공연완료","http://www.kopis.or.kr/upload/pfmPoster/PF_PF295126_260702_132616.jpg","PF295126"
"제36회 거창국제연극제, 걸리버 여행기: 줌 인 아웃 (08.07)","2026.08.07","2026.08.07","거창 수승대 (구연극장 (구 거북극장) )","연극","김예린, 김채연, 박혜민, 김승태, 조인서, 유성곤","윤시중, 정승진, 조태준 등","만 5세 이상","1시간","","공연완료","http://www.kopis.or.kr/upload/pfmPoster/PF_PF295121_260702_132104.jpg","PF295121"
"방의 끝에서 [대학로]","2026.09.19","2026.09.20","제이원 씨어터 (구. 서완소극장, 구. 씨어터고리) (제이원 씨어터 (구. 서완소극장, 구. 씨어터고리) )","연극","서동욱, 서지훈, 홍승진, 이하늘, 김기선, 설은석, 정산 등","형수경, 이주환, 김성국 등","만 12세 이상","1시간","직장인극단 좋은사람들","공연예정","http://www.kopis.or.kr/upload/pfmPoster/PF_PF295118_260702_131407.png","PF295118"
"갈라테이아의 파도","2026.07.09","2026.07.12","어피스어피스 (어피스어피스)","연극","김고윤, 조우성, 차시아","김고윤, 최준혁","만 16세 이상","25분","달사람맨션","공연완료","http://www.kopis.or.kr/upload/pfmPoster/PF_PF295115_260702_130915.png","PF295115"
"멜로에 차질 [대학로]","2026.08.07","2026.09.30","나인진홀 (구.청년극장) (나인진홀 2관)","연극","김동현, 김지석, 서동은, 정승진, 고명진, 김유림, 김혜라 등","신광희, 임성은, 김지석 등","만 13세 이상","1시간 20분","유머러스(유머러's), 유머러스(유머러's)","공연중","http://www.kopis.or.kr/upload/pfmPoster/PF_PF295113_260702_130609.gif","PF295113"
"제36회 거창국제연극제: 코아, 사라진 것들","2026.07.31","2026.07.31","거창연극고등학교 (가온극장)","연극","김지훈, 장필상, 강우람, 장영주, 조현철, 이요한, 손지원 등","양형규, 조수현, 김한신 등","만 11세 이상","1시간 30분","공연창작소 공간","공연완료","http://www.kopis.or.kr/upload/pfmPoster/PF_PF295112_260702_130423.png","PF295112"
"나잇나잇 (NIGHT NIGHT) [대학로]","2026.07.22","2026.07.26","소극장 플랫폼74 (소극장 플랫폼74)","연극","김다다, 김세영, 김철영, 백윤서, 서완실, 이동훈, 조윤이 등","이신혜, 우여진, 김윤규 등","만 13세 이상","1시간 50분","극단 휴즈, 극단 휴즈","공연완료","http://www.kopis.or.kr/upload/pfmPoster/PF_PF295095_260702_112400.gif","PF295095"
"제36회 거창 국제 연극제, 사천의 착한 여자 (08.06)","2026.08.06","2026.08.06","거창연극고등학교 (가온극장)","연극","","","만 11세 이상","1시간 40분","극단 스튜디오말리","공연완료","http://www.kopis.or.kr/upload/pfmPoster/PF_PF295092_260702_112105.jpg","PF295092"
"리허설: 세 개의 이야기","2026.07.11","2026.07.12","평화문화진지 (벙커시어터)","연극","홍성호, 차은희, 고지혁, 이현균, 신승우, 김다은, 허가연 등","홍관흥, 홍수빈 등","만 7세 이상","1시간","일인 창작실","공연완료","http://www.kopis.or.kr/upload/pfmPoster/PF_PF295088_260702_111004.png","PF295088"
"사랑방 금요일 상상극장, 일장일딴 컬렉션: 줄로 하는 공연 & 돌연한 출발 [인천]","2026.07.16","2026.07.16","부평문화사랑방 (부평문화사랑방)","연극","이대열","이대열","전체 관람가","1시간","(재)인천광역시 부평구문화재단(부평아트센터), 일장일딴컴퍼니","공연완료","http://www.kopis.or.kr/upload/pfmPoster/PF_PF295087_260702_110807.gif","PF295087"
"일호터널","2026.07.24","2026.08.30","극장 PLOT (극장 PLOT)","연극","김리현, 김기택, 임진섭, 남연우, 민진웅, 장인섭, 허지원 등","강기둥, 남연우, 장인섭 등","만 11세 이상","1시간 40분","(주) 스토리라, (주) 스토리라, 두둥프로젝트, 두둥프로젝트","공연중","http://www.kopis.or.kr/upload/pfmPoster/PF_PF295086_260702_110130.png","PF295086"
"제36회 거창국제연극제, 어느 골목 모퉁이의 단단씨 (08.02)","2026.08.02","2026.08.02","거창연극고등학교 (가온극장)","연극","손경원, 이석호, 윤미애, 연세호, 조해민, 정세리","김윤주, 나보광, 박희진 등","만 6세 이상","1시간 10분","","공연완료","http://www.kopis.or.kr/upload/pfmPoster/PF_PF295082_260702_105401.jpg","PF295082"
"빨간 우울 [대학로]","2026.07.15","2026.07.19","소극장 혜화당 (구. 까망소극장) (소극장 혜화당 (구. 까망소극장) )","연극","신정연, 양믿음, 이수영, 조형락","이수영, 장우재, 이유정 등","만 14세 이상","1시간 10분","극단 이와삼, 극단 이와삼","공연완료","http://www.kopis.or.kr/upload/pfmPoster/PF_PF295081_260702_105139.gif","PF295081"
"나의 네버랜드를 위하여 [진주]","2026.08.02","2026.08.02","현장아트홀 (현장아트홀)","연극","최형서, 배서영, 홍도연, 채민경, 임경원, 박소연, 현명정 등","하효정, 현명정, 박규민 등","만 11세 이상","1시간 20분","","공연완료","http://www.kopis.or.kr/upload/pfmPoster/PF_PF295077_260702_103535.jpg","PF295077"
"내 마음의 안나푸르나 [울산]","2026.07.10","2026.07.12","아트홀 마당 (아트홀 마당)","연극","황인준, 구경영, 김호성, 조아라, 김다원, 노태준","박춘근, 김정민, 김유진 등","만 13세 이상","1시간 10분","극단 울산","공연완료","http://www.kopis.or.kr/upload/pfmPoster/PF_PF295076_260702_103238.png","PF295076"
"제36회 거창국제연극제, 수상한 제삿날 (08.04)","2026.08.04","2026.08.04","거창연극고등학교 (가온극장)","연극","민대식, 최정아, 정가람, 오현범, 김신아, 최자인, 김선표 등","정가람, 이훈호, 김소정 등","만 4세 이상","1시간 30분","","공연완료","http://www.kopis.or.kr/upload/pfmPoster/PF_PF295074_260702_102552.jpg","PF295074"
"머메이드 점핑 피날레","2026.07.05","2026.07.05","서강대 메리홀 (소극장)","연극","김단우, 김휘훈, 박지연, 배소현, 이수연, 유하영, 차유빈 등","양정인, 손원정, 신지수 등","만 7세 이상","45분","","공연완료","http://www.kopis.or.kr/upload/pfmPoster/PF_PF295073_260702_102551.png","PF295073"
"꿀잼연극 시리즈 4. 님은 먼곳에 [청주]","2026.09.11","2026.09.12","청주예술의전당 (대공연장)","연극","최주봉, 이은희","","만 8세 이상","1시간 40분","","공연예정","http://www.kopis.or.kr/upload/pfmPoster/PF_PF295070_260702_102015.png","PF295070"
"엄마, 소풍가자 [울산 북구]","2026.04.30","2026.04.30","울산북구문화예술회관 (공연장)","연극","","","전체 관람가","1시간 10분","극단 물의진화","공연완료","http://www.kopis.or.kr/upload/pfmPoster/PF_PF295064_260701_151346.png","PF295064"
"분장실 [전주]","2026.07.18","2026.07.18","전주한벽문화관 (한벽공연장)","연극","송옥숙, 이일화, 서영희, 박정원","윤서현, 복영한, 박병건 등","만 14세 이상","1시간 10분","(주)T2N미디어 (티투엔미디어), 라이노컴퍼니(구. 극단 셰익스피어), 피에이치이엔엠(PH E&M)","공연완료","http://www.kopis.or.kr/upload/pfmPoster/PF_PF295060_260701_145406.jpg","PF295060"
"제10회 미스터리 스릴러전, 셜록 홈즈","2026.07.22","2026.07.26","소극장 혜화당 (구. 까망소극장) (소극장 혜화당 (구. 까망소극장) )","연극","이은정, 김혜진, 임수만, 윤해수, 하연주, 김근하, 이수연 등","한윤서, 정이수, 곽영신 등","만 11세 이상","1시간 20분","소극장 혜화당, 프로젝트 한","공연완료","http://www.kopis.or.kr/upload/pfmPoster/PF_PF295056_260701_143418.gif","PF295056"
"경기 영유아 공연 페스티벌, 엄마랑 아기랑: Picnic, 무수비좌 [수원]","2026.07.14","2026.07.15","경기아트센터(구. 경기도문화의전당) (컨벤션홀)","연극","","","전체 관람가","45분","(재)경기아트센터","공연완료","http://www.kopis.or.kr/upload/pfmPoster/PF_PF295049_260701_141148.gif","PF295049"
"손 없는 색시 [완주]","2026.07.18","2026.07.18","완주향토예술문화회관 (공연장)","연극","김다영, 박선민, 박형채, 설재영, 김모은, 한승효, 김하영","조현산, 류지연, 정재환 등","만 7세 이상","1시간 15분","예술무대산","공연완료","http://www.kopis.or.kr/upload/pfmPoster/PF_PF295043_260701_134839.jpg","PF295043"
"사실은","2026.07.14","2026.07.19","다케이씨어터 (구. 창조소극장)  (다케이씨어터 (구. 창조소극장) )","연극","강채린, 최재영, 서진리, 편해준, 구도형, 김성식, 한현주 등","","만 12세 이상","1시간 30분","컴퍼니 우(company woo), 컴퍼니 우(company woo)","공연완료","http://www.kopis.or.kr/upload/pfmPoster/PF_PF295036_260701_133438.gif","PF295036"
"제10회 미스터리 스릴러전, 헨젤과 그레텔","2026.07.29","2026.08.02","소극장 혜화당 (구. 까망소극장) (소극장 혜화당 (구. 까망소극장) )","연극","정태구, 김도하, 전영준, 조연선, 최희정","강세영, 전영준, 방준식 등","만 14세 이상","1시간 10분","소극장 혜화당, 예술단체 화로","공연완료","http://www.kopis.or.kr/upload/pfmPoster/PF_PF295034_260701_133020.gif","PF295034"
"버지니아 사건파일 [하남]","2026.07.25","2026.07.26","하남문화예술회관 (아랑홀(소극장))","연극","윤상영, 서예준, 박성재, 정다은, 송아란, 강민서, 임재원","왕은비, 강미래, 김재준 등","만 13세 이상","1시간 10분","극단 아름","공연완료","http://www.kopis.or.kr/upload/pfmPoster/PF_PF295033_260701_132351.jpg","PF295033"
"경기 영유아 공연 페스티벌 (G-ARTS FESTIVAL) : 엄마랑 아기랑, DAMUZA: Me, You and That [수원]","2026.07.23","2026.07.24","경기아트센터(구. 경기도문화의전당) (컨벤션홀)","연극","","","전체 관람가","35분","(재)경기아트센터, DAMÚZA(DAMUZA) [체코]","공연완료","http://www.kopis.or.kr/upload/pfmPoster/PF_PF295032_260701_132121.gif","PF295032"
"국립청년극단, 헤파이스토스 로미오와 줄리엣 [정선]","2026.07.31","2026.08.01","정선문화예술회관 (정선문화예술회관)","연극","김빛나, 김윤서, 박상윤, 심효민, 윤방, 이서한, 이현우 등","신진호, 최태용, 김성구 등","만 7세 이상","1시간 30분","(재) 국립극단, (주)원앤원엔터테인먼트","공연완료","http://www.kopis.or.kr/upload/pfmPoster/PF_PF295020_260701_130140.jpg","PF295020"
"치킨 리틀 신드롬 [파주]","2026.07.29","2026.07.29","파주시민회관 (소공연장)","연극","이종열, 남규태, 문정웅","정세영, 이재민","만 14세 이상","1시간","","공연완료","http://www.kopis.or.kr/upload/pfmPoster/PF_PF295019_260701_125819.jpg","PF295019"
"푸른점의 진주","2026.09.12","2026.09.19","서강대 메리홀 (대극장)","연극","김지은, 정성호, 이재희, 전현아, 김진영, 윤종훈, 송현섭 등","이가을, 박장렬, 배선애 등","만 15세 이상","2시간 15분","연극집단 반, 주식회사 코스타","공연예정","http://www.kopis.or.kr/upload/pfmPoster/PF_PF295017_260724_131339.png","PF295017"
"피그말리온들 [세종]","2026.07.27","2026.07.27","비오케이아트센터(BOK아트센터) (다목적공연장)","연극","박정은, 이상원, 한채연, 류서진, 이가은 ,장문기, 한지윤","이승훈, 이서진, 이가람 등","만 15세 이상","1시간 15분","","공연완료","http://www.kopis.or.kr/upload/pfmPoster/PF_PF295001_260701_110916.png","PF295001"
"제8회 페미니즘 연극제, 안녕의 주기","2026.07.04","2026.07.04","대학로예술극장 (씨어터광장)","연극","정대진","나희경, 이연주, 이도원 등","만 7세 이상","4시간","","공연완료","http://www.kopis.or.kr/upload/pfmPoster/PF_PF294997_260701_105737.jpg","PF294997"
"ACC X 몽골 국립아동청소년극장, 일곱 개의 태양","2026.07.25","2026.07.26","국립아시아문화전당 (어린이극장)","연극","하삭후 아쯔보양, 뭉흐밭 자르갈랑, 김지윤","김민정, 해미 클레멘새비츠, 두게르자브 엇게를 등","48개월 이상","50분","국립아시아문화전당, 몽골 국립어린이청소년극장","공연완료","http://www.kopis.or.kr/upload/pfmPoster/PF_PF294994_260701_104553.jpg","PF294994"
"코다 [서울 성북]","2026.07.22","2026.07.26","소극장 성북오름 (소극장 성북오름)","연극","나종건, 신제아, 박유진, 양지혜, 이주원, 이찬민, 조하영 등","장지은, 장지영, 이찬민 등","만 8세 이상","1시간 20분","극단 청사진","공연완료","http://www.kopis.or.kr/upload/pfmPoster/PF_PF294985_260701_102757.jpg","PF294985"
"사형수 김대중 [부천]","2026.07.03","2026.07.03","오정아트홀 (오정아트홀)","연극","오성완, 양상아, 박상규, 오일룡, 이봉하, 조하석, 김보겸 등","","만 12세 이상","1시간 40분","(재)경기아트센터, 푸른연극마을","공연완료","http://www.kopis.or.kr/upload/pfmPoster/PF_PF294983_260701_102320.gif","PF294983"
"마산시절 [창원]","2026.07.11","2026.07.12","마산문화예술센터 시민극장 (마산문화예술센터 시민극장)","연극","김유경, 김정인, 김정환, 김종찬, 류호영, 박주영, 빈상욱 등","차현석, 이혜지, 김칠현 등","만 10세 이상","1시간 30분","","공연완료","http://www.kopis.or.kr/upload/pfmPoster/PF_PF294980_260701_101824.jpg","PF294980"
"되살아난 시체의 존엄성에 대한 소고 [대학로]","2026.07.10","2026.07.17","로비 바이 컨템포러리 테일즈 (로비 바이 컨템포러리 테일즈(B1))","연극","이수진, 김평조, 이도영, 장원혁, 민현기, 박하정, 이수경 등","표상아, 한혜신, 임건우 등","만 16세 이상","1시간 25분","극단 이면:지","공연완료","http://www.kopis.or.kr/upload/pfmPoster/PF_PF294954_260630_132610.jpg","PF294954"
"쇄골에 천사가 잠들고 있다 [대학로]","2026.07.30","2026.09.27","예그린씨어터 (예그린씨어터)","연극","유희제, 김동준, 허영손, 도예준, 윤지현, 김서환, 임찬민 등","변영진, 고가윤미, 유희제 등","만 15세 이상","1시간 50분","극단 불의전차, 불의전차","공연중","http://www.kopis.or.kr/upload/pfmPoster/PF_PF294932_260630_110953.jpg","PF294932"
"공부의 신 [대학로]","2026.08.07","2026.08.30","업스테이지 (UP Stage) (업스테이지 (UP Stage) )","연극","우두연, 호천, 김권, 류한선, 김윤미, 김리나, 이윤미 등","진종현, 박종훈, 박상철 등","만 7세 이상","1시간 10분","위로컴퍼니, 위로컴퍼니, 위로팩토리","공연중","http://www.kopis.or.kr/upload/pfmPoster/PF_PF294927_260630_105831.gif","PF294927"
"크리미널 시즌4 [영주]","2026.07.11","2026.07.11","영주문화예술회관 (까치홀)","연극","이원혁, 김현진, 김현아, 허유나, 박세은, 차민수, 류시우 등","","만 13세 이상","1시간 40분","극단 쉼터, 영주문화예술회관","공연완료","http://www.kopis.or.kr/upload/pfmPoster/PF_PF294914_260630_102532.jpg","PF294914"
"광주시립극단 출장연극시리즈, 오스카와 장미할머니 [광주 광산]","2026.07.29","2026.07.29","광산문화예술회관 (공연장)","연극","양선아, 윤미란, 김여름, 정일행, 조아라","김지훈, 김명대, 신지호 등","만 4세 이상","1시간","광산구청, 광주시립극단","공연완료","http://www.kopis.or.kr/upload/pfmPoster/PF_PF294907_260630_100538.jpg","PF294907"
"송화가루","2026.07.26","2026.08.02","대학로예술극장 (소극장)","연극","이유진, 김예진, 박지영, 하예은, 윤수인, 이수진, 공아름 등","최재영, 홍혜련, 전준구 등","만 13세 이상","2시간","극단 춤추어라 빨간구두야, 극단 춤추어라 빨간구두야","공연완료","http://www.kopis.or.kr/upload/pfmPoster/PF_PF294868_260629_155950.gif","PF294868"
"인사이드 더 플레이: 데스게임 [서울 중구]","2026.07.17","2026.11.01","롯데시네마 에비뉴엘 [서울 중구] (롯데시네마 에비뉴엘)","연극","고준혁, 이도경, 조성석, 맹시현, 주해연, 하새연, 고윤정 등","안리준, 김결, 맹수진 등","만 14세 이상","1시간 30분","롯데컬처웍스, 리미널 그리드(LIMINAL GRID), 리미널 그리드(LIMINAL GRID)","공연중","http://www.kopis.or.kr/upload/pfmPoster/PF_PF294866_260629_155229.jpg","PF294866"
"스캐터코퍼 시즌13","2026.08.05","2026.08.09","대학로 이음센터(한국장애인문화예술원) (이음홀)","연극","이태경, 조하연, 양진우, 안희정, 최하영, 김민지","김은균, 임밀, 선명주 등","만 12세 이상","1시간","고온문화예술, 극단 삼사오, 함께걷는사람들","공연완료","http://www.kopis.or.kr/upload/pfmPoster/PF_PF294862_260629_154058.gif","PF294862"
"아우라지 동백 [대학로]","2026.06.27","2026.06.27","서울문화재단 대학로극장 쿼드 (예술청) (프로젝트룸 (5층) )","연극","최솔, 박지윤, 정슬아, 이판도, 이예림, 황동빈","","전체 관람가","1시간 30분","탄성연기스튜디오","공연완료","http://www.kopis.or.kr/upload/pfmPoster/PF_PF294860_260629_153939.gif","PF294860"
"답장 좀 해 [인천]","2026.07.24","2026.07.26","신포아트홀 (신포아트홀)","연극","김규리, 김민혜, 남재국, 백소정, 최진희","조냇물, 이단비, 유예찬 등","만 13세 이상","1시간 20분","","공연완료","http://www.kopis.or.kr/upload/pfmPoster/PF_PF294844_260629_150435.png","PF294844"
"그때, 변홍례 [서울 성북]","2026.07.24","2026.10.31","하땅세극장 (하땅세극장1 (지하))","연극","고은별, 황호찬, 이종헌, 최수라, 김예진","어단비, 윤시중, 이윤진 등","만 14세 이상","1시간","극단 하땅세(하땅세 극장), 극단 하땅세(하땅세 극장)","공연중","http://www.kopis.or.kr/upload/pfmPoster/PF_PF294822_260821_101955.gif","PF294822"
"어린이 참여공연, 아빠와 난 초등1학년 [서울 노원]","2026.08.29","2026.08.29","노원구민의전당(구. 노원구민회관) (공연장)","연극","","","36개월 이상","1시간 10분","피비컴퍼니","공연예정","http://www.kopis.or.kr/upload/pfmPoster/PF_PF294807_260629_135417.gif","PF294807"
"없는 잘못","2026.07.17","2026.07.26","미아리고개예술극장(구. 미아리예술극장) (미아리고개예술극장(구. 미아리예술극장))","연극","서혜주, 장명훈, 이음, 정수연, 문선아, 권혜빈, 조병국 등","윤주호, 장진웅, 오판진 등","만 12세 이상","1시간 20분","창작집단 양산박, 창작집단 양산박","공연완료","http://www.kopis.or.kr/upload/pfmPoster/PF_PF294800_260702_141701.gif","PF294800"
"제1회 N뮤즈 페스티벌, 더 호스트","2026.07.08","2026.07.12","나인진홀 (구.청년극장) (나인진홀 3관(5F))","연극","최성빈, 최정필, 이동현, 임유주, 이정윤, 박하은, 박민서","김문, 전병곤, 김민재 등","만 7세 이상","1시간 20분","(주) 나인진엔터테인먼트, 스튜디오 디오이오, 스튜디오 디오이오","공연완료","http://www.kopis.or.kr/upload/pfmPoster/PF_PF294788_260629_131205.jpg","PF294788"
"제6회 대한민국치유예술제, 고래와 불가사리","2026.07.03","2026.07.03","삼일로창고극장 (삼일로창고극장)","연극","김민희, 이서영","노은미, 모채원, 이영주 등","전체 관람가","1시간 10분","대한민국치유예술제 조직위원회","공연완료","http://www.kopis.or.kr/upload/pfmPoster/PF_PF294785_260629_130426.jpg","PF294785"
"고도를 기다리며 [서울 송파]","2026.07.11","2026.07.12","한바탕 소극장 (한바탕 소극장)","연극","한다람, 김에스더, 오찬영","송상익","전체 관람가","","","공연완료","http://www.kopis.or.kr/upload/pfmPoster/PF_PF294782_260629_124928.jpg","PF294782"
"버니의 세포들","2026.07.24","2026.08.09","극장 봄 (봄소극장) (극장 봄)","연극","이은경, 민라헬, 최혜진, 이인화","차지성, 이보람, 조남길 등","만 15세 이상","1시간 10분","극단 피이삼, 극단 피이삼, 프로젝트 패밀리","공연완료","http://www.kopis.or.kr/upload/pfmPoster/PF_PF294774_260812_095813.jpg","PF294774"
"한 가족 이야기","2026.07.09","2026.07.19","씨어터 쿰 (씨어터 쿰)","연극","이승현, 전다운, 김기준, 정의순, 정세라, 박현주, 강진선 등","손상호, 최용훈, 나한수 등","만 13세 이상","1시간 50분","극단 작은신화, 주식회사 코스타","공연완료","http://www.kopis.or.kr/upload/pfmPoster/PF_PF294772_260629_120058.gif","PF294772"
"세상의 종말이 아닌 [인천]","2026.07.31","2026.08.01","없는극장 (없는극장)","연극","강윤민지, 박혜영 등","","만 13세 이상","1시간 40분","A.N.D Theatre(앤드씨어터)","공연완료","http://www.kopis.or.kr/upload/pfmPoster/PF_PF294771_260629_115159.jpeg","PF294771"
"말린 고추와 복숭아향 립스틱 [부산]","2026.08.15","2026.08.16","(재) 영화의전당 (하늘연극장)","연극","김솔지, 남재국, 류세일, 박은경","강훈구, 전준구, 서동민 등","만 13세 이상","1시간 50분","(재)영화의전당, 공놀이클럽","공연완료","http://www.kopis.or.kr/upload/pfmPoster/PF_PF294768_260629_113539.gif","PF294768"
"개들이 짖게 내버려 둬라","2026.08.04","2026.08.12","창작플랫폼 경험과 상상 (창작플랫폼 경험과 상상)","연극","류성, 오정민, 이정아, 유정숙, 백지은, 김지선","류성, 최권준, 김지선 등","만 13세 이상","1시간 40분","경험과상상문화예술협동조합, 경험과상상문화예술협동조합","공연완료","http://www.kopis.or.kr/upload/pfmPoster/PF_PF294763_260629_112638.gif","PF294763"
"여우야 여우야 뭐하니? [인천]","2026.07.04","2026.07.12","아띠홀 (아띠홀)","연극","","","전체 관람가","50분","","공연완료","http://www.kopis.or.kr/upload/pfmPoster/PF_PF294756_260629_111055.jpg","PF294756"
"세상의 종말이 아닌 [서울 서대문]","2026.08.06","2026.08.09","연희예술극장 (연희예술극장)","연극","강윤민지, 박혜영 등","전윤환, 박지선, 권근영 등","만 13세 이상","1시간 40분","","공연완료","http://www.kopis.or.kr/upload/pfmPoster/PF_PF294748_260629_105700.jpeg","PF294748"
"마피아게임 [광주]","2026.07.30","2026.08.30","기분좋은극장 [상무지구] (기분좋은극장 [상무지구] )","연극","","","만 13세 이상","1시간 40분","(주)컬쳐해머, (주)컬쳐해머, (주)팀플레이예술기획","공연중","http://www.kopis.or.kr/upload/pfmPoster/PF_PF294742_260629_104239.gif","PF294742"
"제5회 금천연극페스티벌 (낭독극제) , 30일간의 야유회","2026.06.27","2026.06.27","금천뮤지컬센터 (금천예술극장)","연극","전정옥, 전형재, 정필순, 장현석, 이기준, 이재철, 김윤희 등","이근삼, 전형재, 송미숙","만 13세 이상","1시간 20분","극단 풍등","공연완료","http://www.kopis.or.kr/upload/pfmPoster/PF_PF294731_260629_101520.jpeg","PF294731"
"제44회 대한민국 연극제 부산, 모스크바의 바다","2026.07.19","2026.07.19","(재) 영화의전당 (하늘연극장)","연극","최대운, 이병철, 정아름, 윤수지, 김지현, 권태혁 등","송갑석, 안진상, 천은영 등","만 11세 이상","1시간 25분","극단 늘품","공연완료","http://www.kopis.or.kr/upload/pfmPoster/PF_PF294726_260626_150019.png","PF294726"
"제24회 김천국제가족연극제, 미스테리산장","2026.07.29","2026.07.29","김천시립문화회관 (김천시립문화회관)","연극","","","만 12세 이상","1시간 10분","김천국제가족연극제 추진위원회","공연완료","http://www.kopis.or.kr/upload/pfmPoster/PF_PF294725_260626_145843.jpg","PF294725"
"제24회 김천 국제 가족 연극제, 빨래터에 봄이 오면","2026.07.26","2026.07.26","김천시문화예술회관 (소공연장)","연극","","","만 7세 이상","1시간","김천국제가족연극제 추진위원회","공연완료","http://www.kopis.or.kr/upload/pfmPoster/PF_PF294724_260626_145410.jpg","PF294724"
"제24회 김천 국제 가족 연극제, 봄날은 간다","2026.07.31","2026.07.31","김천시립문화회관 (김천시립문화회관)","연극","","","전체 관람가","1시간","김천국제가족연극제 추진위원회","공연완료","http://www.kopis.or.kr/upload/pfmPoster/PF_PF294723_260626_144909.jpg","PF294723"
"리프나 [대학로]","2026.07.31","2026.08.09","다케이씨어터 (구. 창조소극장)  (다케이씨어터 (구. 창조소극장) )","연극","권예정, 신정원, 이소혜, 한도경, 오주영, 조혜진","이유나, 이남희, 최아람 등","만 13세 이상","1시간 30분","창작집단 윤슬, 창작집단 윤슬","공연완료","http://www.kopis.or.kr/upload/pfmPoster/PF_PF294717_260626_142717.jpg","PF294717"
"어린이 놀이터: 극장 [파주]","2026.07.22","2026.07.22","파주시민회관 (소공연장)","연극","김승희, 최예윤, 남지우","노심동, 김영준, 조영윤 등","전체 관람가","1시간","문화발전소 깃듦","공연완료","http://www.kopis.or.kr/upload/pfmPoster/PF_PF294715_260626_141310.png","PF294715"
"안녕, 잠!","2026.07.25","2026.07.25","북아현아트홀 (북아현아트홀)","연극","이정은, 한유진","김지수, 서상재, 윤민혁 등","36개월 이상","1시간","포밍부스(FORMING BOOTH)","공연완료","http://www.kopis.or.kr/upload/pfmPoster/PF_PF294712_260626_140225.png","PF294712"
"제24회 김천국제가족연극제, 종소리사이에","2026.07.28","2026.07.28","김천시립율곡도서관 (율곡홀 (다목적강당))","연극","","","전체 관람가","30분","김천국제가족연극제 추진위원회","공연완료","http://www.kopis.or.kr/upload/pfmPoster/PF_PF294701_260626_133423.jpg","PF294701"
"제24회 김천국제가족연극제, 별주부전","2026.07.28","2026.07.28","김천시립율곡도서관 (율곡홀 (다목적강당))","연극","","","전체 관람가","50분","김천국제가족연극제 추진위원회","공연완료","http://www.kopis.or.kr/upload/pfmPoster/PF_PF294700_260626_132947.jpg","PF294700"
"제24회 김천국제가족연극제, 나의 히어로","2026.07.29","2026.07.29","김천시문화예술회관 (소공연장)","연극","","","전체 관람가","1시간","김천국제가족연극제 추진위원회","공연완료","http://www.kopis.or.kr/upload/pfmPoster/PF_PF294697_260626_132043.jpg","PF294697"
"완벽한 타인","2026.07.04","2026.07.05","창작플랫폼 경험과 상상 (창작플랫폼 경험과 상상)","연극","권현진, 김미령, 배소영, 배유진, 안은정, 이건욱, 이상형 등","구본혁, 김성현, 김해리 등","전체 관람가","1시간 5분","극단 인연(이년), 극단 인연(이년)","공연완료","http://www.kopis.or.kr/upload/pfmPoster/PF_PF294689_260626_120603.jpg","PF294689"
"불굴의 니나","2026.07.15","2026.07.19","동숭무대소극장 (동숭무대소극장)","연극","임소영, 한형민, 김혁종, 나수아, 한지훈","채승훈, 조유민, 표종현 등","만 12세 이상","1시간 20분","극단 창파","공연완료","http://www.kopis.or.kr/upload/pfmPoster/PF_PF294682_260626_112607.png","PF294682"
"목요예술무대 II. 우리동네 명작극장, 록산느를 위한 발라드 (영상화)","2026.08.27","2026.08.27","강동아트센터 (소극장 드림)","연극","","","만 7세 이상","1시간 48분","","공연예정","http://www.kopis.or.kr/upload/pfmPoster/PF_PF294676_260626_111435.jpg","PF294676"
"구연희곡 프로젝트 정주행: 청혼, 그리고 곰","2026.07.15","2026.07.31","렌더 성수희망플랫폼 (렌더 성수희망플랫폼)","연극","박은진, 임모윤, 김효민, 권도균, 권윤영","박강원","만 13세 이상","1시간","정주행 프로젝트","공연완료","http://www.kopis.or.kr/upload/pfmPoster/PF_PF294667_260626_104524.jpg","PF294667"
"어린이 참여공연, 아빠와 난 초등1학년 [전주]","2026.08.08","2026.08.09","덕진예술회관 (덕진예술회관)","연극","","","36개월 이상","1시간 10분","피비컴퍼니, 피비컴퍼니","공연완료","http://www.kopis.or.kr/upload/pfmPoster/PF_PF294665_260626_104013.jpg","PF294665"
"0.80 청년시대 [김해]","2026.07.18","2026.07.18","김해문화의전당 (누리홀)","연극","변상윤, 김한나, 이삼우, 전자연, 김인하, 박준수, 김재인","이상우, 심봉석, 이삼우 등","만 9세 이상","1시간 30분","(재)김해문화재단 김해문화의전당","공연완료","http://www.kopis.or.kr/upload/pfmPoster/PF_PF294654_260626_095831.jpg","PF294654"
"양구문화재단 기획공연, 달소년 [양구] (7월)","2026.07.03","2026.07.04","버드나무 예술창고 (공연장)","연극","","","전체 관람가","1시간","","공연완료","http://www.kopis.or.kr/upload/pfmPoster/PF_PF294650_260625_151954.png","PF294650"
"운수대통 [하동]","2026.07.14","2026.07.15","하동문화예술회관 (대공연장)","연극","","김종필, 이훈호, 김광탁","만 13세 이상","1시간 35분","","공연완료","http://www.kopis.or.kr/upload/pfmPoster/PF_PF294608_260625_122106.jpg","PF294608"
"오해","2026.07.23","2026.07.25","예술극장 통 (예술극장 통)","연극","최현정, 진소연, 정경아, 문진희, 김장준, 이솔, 이소연","이솔, 최재성, 조진호 등","만 13세 이상","1시간 40분","","공연완료","http://www.kopis.or.kr/upload/pfmPoster/PF_PF294607_260625_120519.jpg","PF294607"
"SHOOK (슉) [대학로]","2026.07.11","2026.08.02","업스테이지 (UP Stage) (업스테이지 (UP Stage) )","연극","이정호, 김무정, 서승우, 한종훈, 이주원, 김영준, 김도윤 등","남혁준, 곽민서, 전서현 등","만 11세 이상","1시간 30분","극단 아리, 더울림포스","공연완료","http://www.kopis.or.kr/upload/pfmPoster/PF_PF294599_260625_165338.png","PF294599"
"국립청년극단, 헤파이스토스 로미오와 줄리엣 [춘천]","2026.07.24","2026.07.26","축제극장몸짓 (축제극장몸짓)","연극","김빛나, 김윤서, 박상윤, 심효민, 윤방, 이서한, 이현우 등","신진호, 최태용, 김성구 등","만 7세 이상","1시간 30분","(재) 국립극단, (주)원앤원엔터테인먼트","공연완료","http://www.kopis.or.kr/upload/pfmPoster/PF_PF294589_260625_104550.jpg","PF294589"
"다시, 별주부전 바다를 부탁해","2026.07.11","2026.07.11","학산소극장 (학산소극장)","연극","김미선, 최린, 하희준, 심영국","조민영, 서민준, 심영국 등","36개월 이상","1시간","극단 우주선","공연완료","http://www.kopis.or.kr/upload/pfmPoster/PF_PF294587_260625_104138.jpg","PF294587"
"이유를 찾아서 [대학로]","2026.07.08","2026.07.12","소극장 혜화당 (구. 까망소극장) (소극장 혜화당 (구. 까망소극장) )","연극","정우진, 이유진, 곽태정, 이승원, 이환희","이유진, 한종엽, 정우진 등","만 12세 이상","1시간 25분","극단 이유 [서울 광진], 극단 이유 [서울 광진]","공연완료","http://www.kopis.or.kr/upload/pfmPoster/PF_PF294566_260624_143944.gif","PF294566"
"비밀통로: INTERVAL [대구]","2026.08.22","2026.08.22","봉산문화회관 (가온홀)","연극","김성규, 이시형","민새롬","만 10세 이상","1시간 30분","(주) 콘텐츠 합, 봉산문화회관","공연완료","http://www.kopis.or.kr/upload/pfmPoster/PF_PF294564_260624_143228.png","PF294564"
"어린이 아트스테이지, 일장일딴 컬렉션 [김포]","2026.07.25","2026.07.26","통진두레문화센터 (두레홀)","연극","","","48개월 이상","55분","(재)김포문화재단, 일장일딴컴퍼니","공연완료","http://www.kopis.or.kr/upload/pfmPoster/PF_PF294561_260624_141844.gif","PF294561"
"햄릿의 변호사 [대학로]","2026.07.03","2026.07.05","나인진홀 (구.청년극장) (나인진홀 2관)","연극","김혜주, 김수호, 이여진","정구진, 강지원, 김종욱 등","만 11세 이상","1시간 20분","(주) 나인진엔터테인먼트, (주) 나인진엔터테인먼트","공연완료","http://www.kopis.or.kr/upload/pfmPoster/PF_PF294530_260624_131804.gif","PF294530"
"제13회 대한민국 신진 연출가전, 김민영: 피오니아","2026.07.22","2026.07.23","삼일로창고극장 (삼일로창고극장)","연극","김수빈, 심창훈, 이정엽, 서수빈","김민영, 김광훈, 이세광 등","만 13세 이상","1시간 10분","창작소 첨벙","공연완료","http://www.kopis.or.kr/upload/pfmPoster/PF_PF294527_260624_131431.jpeg","PF294527"
"춘섬이의 거짓말 [강릉]","2026.08.01","2026.08.01","강릉아트센터 (구. 강릉문화예술관) (소공연장)","연극","김현, 박옥출, 김명애, 김의연, 정래석, 이희연, 채연정 등","김정숙, 김기정, 정수미 등","만 13세 이상","1시간 30분","극단 모시는사람들, 이야기기획단 시작과 끝","공연완료","http://www.kopis.or.kr/upload/pfmPoster/PF_PF294504_260624_111903.jpg","PF294504"
"다정한 괴물 [천안]","2026.08.07","2026.08.30","천안어린이꿈누리터 (구. 천안시 어린이 회관) (꿈누리대공연장)","연극","송승규, 김원식, 신근호, 유인희","권지애, 박근화, 김한신 등","36개월 이상","50분","예술공동체 단디","공연중","http://www.kopis.or.kr/upload/pfmPoster/PF_PF294494_260624_105741.jpg","PF294494"
"사명","2026.07.14","2026.07.19","열린극장 (열린극장)","연극","김평화, 남궁하린, 류제원, 서준호, 양권석, 원인재, 유지훈 등","최현섭, 이송이, 이재민 등","전체 관람가","1시간 25분","프로젝트38","공연완료","http://www.kopis.or.kr/upload/pfmPoster/PF_PF294491_260624_104944.gif","PF294491"
"제13회 대한민국신진연출가전, 이주영: No Witness","2026.07.16","2026.07.19","서울연극창작센터 (서울씨어터 101 (1F) )","연극","황기석, 류석호, 박민정, 박민석, 유은주","이주영, 조성현","만 12세 이상","1시간 20분","극단 재준이","공연완료","http://www.kopis.or.kr/upload/pfmPoster/PF_PF294484_260624_103446.jpeg","PF294484"
"제13회 대한민국 신진연출가전, 권오윤: 6-1칸에서","2026.07.23","2026.07.26","서울연극창작센터 (서울씨어터 101 (1F) )","연극","강기혁, 김도이, 홍산하, 오수진, 곽민서, 이나현","권오윤, 김장현, 유보민 등","만 13세 이상","1시간 40분","극단 괴우, 스튜디오212","공연완료","http://www.kopis.or.kr/upload/pfmPoster/PF_PF294483_260624_103356.jpeg","PF294483"
"아버지와 나와 홍매와 [강릉]","2026.08.07","2026.08.07","강릉아트센터 (구. 강릉문화예술관) (소공연장)","연극","신현주, 정아름, 이병철, 최대운, 윤수지","김광탁, 안정훈, 천은영 등","만 13세 이상","1시간 30분","","공연완료","http://www.kopis.or.kr/upload/pfmPoster/PF_PF294481_260624_102852.jpg","PF294481"
"제13회 대한민국신진연출가전, 이윤성: 진짜 사나이는 다 엎드려 뻗쳐","2026.07.15","2026.07.16","삼일로창고극장 (삼일로창고극장)","연극","김수인, 송선재, 조수재, 정교림, 차선민","김요섭, 이윤성, 김영환 등","만 15세 이상","1시간 40분","일공시","공연완료","http://www.kopis.or.kr/upload/pfmPoster/PF_PF294479_260624_102832.png","PF294479"
"제13회 대한민국 신진 연출가전, 백지은: 기억의 불씨","2026.07.25","2026.07.26","삼일로창고극장 (삼일로창고극장)","연극","조성환, 김강호, 임건우, 전현지","백지은, 이은결, 이윤화 등","만 7세 이상","1시간 30분","프로젝트 모락","공연완료","http://www.kopis.or.kr/upload/pfmPoster/PF_PF294475_260624_101616.jpeg","PF294475"
"[패키지] 제24회 김천국제가족연극제, 어린이 패키지 (5개공연)","2026.07.26","2026.08.01","김천시립문화회관 (김천시립문화회관)","연극","","","만 7세 이상","","김천국제가족연극제 추진위원회","공연완료","http://www.kopis.or.kr/upload/pfmPoster/PF_PF294461_260623_151051.jpg","PF294461"
"론더풀 투나잇 [부산]","2026.09.11","2026.09.20","어댑터씨어터 2관 (어댑터씨어터 2관)","연극","지대한, 서보기, 김세진, 이혁우, 이영준, 나건필, 권정욱 등","차승호, 김영민, 최유경 등","만 8세 이상","1시간 30분","문화기획단 무대공감","공연예정","http://www.kopis.or.kr/upload/pfmPoster/PF_PF294459_260819_154634.gif","PF294459"
"[부산문화패스 2차 패키지] 조은극장 1, 2관 패키지 (신바람삼대 / 할래말래)","2026.07.06","2026.07.19","BNK부산은행 조은극장 (1관)","연극","","","전체 관람가","","(주)조은아트플러스","공연완료","http://www.kopis.or.kr/upload/pfmPoster/PF_PF294457_260623_143236.png","PF294457"
"제24회 김천국제가족연극제, 걸리버 여행기: 줌 인 아웃","2026.07.26","2026.07.26","김천시립율곡도서관 (율곡홀 (다목적강당))","연극","","","전체 관람가","50분","극단 하땅세(하땅세 극장), 김천국제가족연극제 추진위원회","공연완료","http://www.kopis.or.kr/upload/pfmPoster/PF_PF294444_260623_134711.jpg","PF294444"
"제24회 김천국제가족연극제, 꽃밭","2026.07.31","2026.07.31","김천시문화예술회관 (소공연장)","연극","","","만 4세 이상","1시간","극단 풍령 [중국], 김천국제가족연극제 추진위원회","공연완료","http://www.kopis.or.kr/upload/pfmPoster/PF_PF294443_260623_134523.jpg","PF294443"
"제24회 김천국제가족연극제, 삐노키오","2026.07.27","2026.07.27","김천시립문화회관 (김천시립문화회관)","연극","","","48개월 이상","1시간 5분","극단 로.기.나래, 김천국제가족연극제 추진위원회","공연완료","http://www.kopis.or.kr/upload/pfmPoster/PF_PF294440_260623_133946.jpg","PF294440"
"등 좀 밀어줘 Pushing My Back","2026.07.24","2026.08.02","연희예술극장 (연희예술극장)","연극","이래인, 정대진, 한혜진","허선혜, 박세련, 김은정 등","만 15세 이상","1시간 10분","이방인(2roomperson), 창작집단 여기에 있다","공연완료","http://www.kopis.or.kr/upload/pfmPoster/PF_PF294431_260623_131922.gif","PF294431"
"절대 반복하게 두지 않는다","2026.06.26","2026.06.28","북극곰소극장 (북극곰소극장)","연극","김준성, 박상욱, 오창현","박정환, 박지호, 장준혁 등","만 13세 이상","1시간 30분","라온디어","공연완료","http://www.kopis.or.kr/upload/pfmPoster/PF_PF294427_260623_131134.jpg","PF294427"
"김성연의 월간 마임, THIS IS THE MIME vol.9","2026.06.27","2026.06.27","극단 빈공간 (빈-공간 THEATRE) (극단 빈공간)","연극","임재헌, 이경식, 김성연","윤성환, 장유상","만 7세 이상","1시간 20분","극단 빈-공간, 극단 빈-공간","공연완료","http://www.kopis.or.kr/upload/pfmPoster/PF_PF294421_260623_124844.gif","PF294421"
"돌고돌고","2026.07.11","2026.07.11","오류아트홀 (오류아트홀)","연극","심원석, 이경원, 조은","이은준, 조성현, 이상숙 등","만 13세 이상","1시간 15분","(재)구로문화재단, 극단 파수꾼","공연완료","http://www.kopis.or.kr/upload/pfmPoster/PF_PF294410_260623_113243.gif","PF294410"
"갱물","2026.07.01","2026.07.01","삼일로창고극장 (삼일로창고극장)","연극","김선혜, 전소은, 송소연, 임채은, 이수빈","김민채, 신지환, 박지선, 변보원 등","만 10세 이상","1시간","혜람(hyeram creative), 혜람(hyeram creative)","공연완료","http://www.kopis.or.kr/upload/pfmPoster/PF_PF294394_260623_105710.jpg","PF294394"
"시크릿 하우스 [부산]","2026.07.23","2026.09.13","BNK부산은행 조은극장 (1관)","연극","","한성운","만 14세 이상","1시간 20분","(주)조은아트플러스, BNK부산은행조은극장, 조은문화마을","공연중","http://www.kopis.or.kr/upload/pfmPoster/PF_PF294389_260629_130145.gif","PF294389"
"제1회 N뮤즈페스티벌, 그 여자의 방","2026.07.14","2026.07.19","나인진홀 (구.청년극장) (나인진홀 3관(5F))","연극","김인경, 정다연, 김재아, 이지인, 서정","이지인, 서정, 이현 등","만 11세 이상","1시간 20분","(주) 나인진엔터테인먼트, 프로젝트 너울","공연완료","http://www.kopis.or.kr/upload/pfmPoster/PF_PF294388_260623_104557.gif","PF294388"
"마이 디어, 헬렌 [영덕]","2026.07.25","2026.07.26","예주문화예술회관 (예주문화예술회관)","연극","김선영, 주혜자, 김다빈, 김다현, 김연두, 김은서, 박믿음 등","김선영, 주혜자, 이동원","만 7세 이상","1시간","","공연완료","http://www.kopis.or.kr/upload/pfmPoster/PF_PF294387_260623_104556.png","PF294387"
"갈매기: Melancholia [안산]","2026.07.03","2026.07.05","안산문화예술의전당 (달맞이극장)","연극","안성채, 김현정, 김대용, 서란, 송지은, 김남은, 김의현 등","강경동, 박상하, 조태준 등","만 12세 이상","2시간 15분","극단 범","공연완료","http://www.kopis.or.kr/upload/pfmPoster/PF_PF294385_260623_104109.gif","PF294385"
"제13회 대한민국 신진 연출가전, 손승명: 소년B","2026.07.18","2026.07.19","삼일로창고극장 (삼일로창고극장)","연극","정힘찬, 허정환, 김민식, 박상현, 송서영","손승명, 피재호, 김자빈 등","만 10세 이상","1시간 30분","극단 십삼월","공연완료","http://www.kopis.or.kr/upload/pfmPoster/PF_PF294384_260623_103627.jpeg","PF294384"
"제24회 경기인형극제 수원, 여우 까마귀 그리고 사자","2026.07.21","2026.07.22","경기아트센터(구. 경기도문화의전당) (소극장)","연극","","","36개월 이상","50분","","공연완료","http://www.kopis.or.kr/upload/pfmPoster/PF_PF294367_260622_171745.jpg","PF294367"
"광주시립극단, 출장연극시리즈: 오스카와 장미할머니 [광주]","2026.08.01","2026.08.01","광주공연마루 (빛아트홀)","연극","양선아, 윤미란, 김여름, 정일행, 조아라","김지훈, 김명대, 신지호 등","만 5세 이상","1시간","광주시립극단, 전남광주통합특별시예술의전당 (구.광주예술의전당)","공연완료","http://www.kopis.or.kr/upload/pfmPoster/PF_PF294366_260622_171116.jpg","PF294366"
"제44회 대한민국 연극제 부산: 덴동어미뎐, 그 오래된 이야기","2026.07.02","2026.07.02","(재) 영화의전당 (하늘연극장)","연극","추보경, 이은주, 최승미, 이은혜, 제성심, 서상연, 이정화 등","김미아, 장정임, 홍영숙 등","만 13세 이상","1시간 30분","춘천여성문화예술단 마실","공연완료","http://www.kopis.or.kr/upload/pfmPoster/PF_PF294364_260622_165402.png","PF294364"
"다시, 민들레 [영동]","2026.08.22","2026.08.22","영동복합문화예술회관 (영동복합문화예술회관)","연극","문창완, 박선혜, 오영석, 정수현","박춘근, 하동기, 장하다 등","만 7세 이상","1시간 30분","충북도립극단","공연완료","http://www.kopis.or.kr/upload/pfmPoster/PF_PF294352_260622_154658.jpg","PF294352"
"제44회 대한민국연극제 부산, 성호가든","2026.07.23","2026.07.23","(재) 영화의전당 (하늘연극장)","연극","강지구, 최승완, 곽유평, 김선옥, 김나미, 김민성","한윤섭, 정선호, 임수정 등","만 14세 이상","1시간 35분","극단 라일락","공연완료","http://www.kopis.or.kr/upload/pfmPoster/PF_PF294351_260622_154545.png","PF294351"
"아버지 [춘천]","2026.07.09","2026.07.10","축제극장몸짓 (축제극장몸짓)","연극","송창언, 전은주, 이윤하, 우진호, 전시연, 김면수","정은경, 김정훈, 남궁진 등","만 13세 이상","1시간 20분","","공연완료","http://www.kopis.or.kr/upload/pfmPoster/PF_PF294348_260622_154017.jpg","PF294348"
"제24회 경기인형극제, 망태할아버지가 온다 [수원]","2026.07.18","2026.07.18","(재)경기문화재단 (예술인의집(다목적홀))","연극","","","만 2세 이상","50분","극단 문(門)","공연완료","http://www.kopis.or.kr/upload/pfmPoster/PF_PF294341_260622_152946.jpg","PF294341"
"제44회 대한민국연극제 부산, 개는 물지 않는다","2026.07.17","2026.07.17","(재) 영화의전당 (하늘연극장)","연극","김헌근, 황윤희, 최동석, 송광일, 김진호, 조우숙, 임규섭","차근호, 고능석, 정대균 등","만 11세 이상","1시간 15분","(사)극단 현장 [진주]","공연완료","http://www.kopis.or.kr/upload/pfmPoster/PF_PF294340_260622_152402.png","PF294340"
"자객열전 Ⅱ. 안응칠 워크숍 [대학로]","2026.07.23","2026.08.02","연우소극장 (연우소극장)","연극","이해성, 이은정, 이설현, 고경태, 강연주","박상현, 이성곤, 남긍호 등","만 13세 이상","2시간","","공연완료","http://www.kopis.or.kr/upload/pfmPoster/PF_PF294339_260622_152309.gif","PF294339"
"제44회 대한민국연극제 부산, 태풍이 온다","2026.07.21","2026.07.21","(재) 영화의전당 (하늘연극장)","연극","손흥민, 박혜진, 이희자, 유병선, 김환제, 조현이","김수미, 유병선, 임득균 등","만 16세 이상","1시간 40분","극단 청양","공연완료","http://www.kopis.or.kr/upload/pfmPoster/PF_PF294337_260622_151611.png","PF294337"
"제44회 대한민국연극제 부산, 만선","2026.07.04","2026.07.04","(재) 영화의전당 (하늘연극장)","연극","노광흔, 정윤희, 김종호, 오진우, 양미진, 송유화, 정지현 등","김원, 반무섭, 유혜린 등","만 11세 이상","1시간 40분","극단 뭉치들","공연완료","http://www.kopis.or.kr/upload/pfmPoster/PF_PF294333_260622_150908.png","PF294333"
"그 밤과 친구들","2026.07.23","2026.07.26","선돌극장 (선돌극장)","연극","신동일, 박승현, 박진현, 정우근, 김민정, 유하영","정영돈, 강상민, 이경환 등","만 14세 이상","1시간 50분","극단 비브라토(Vibrato), 극단 비브라토(Vibrato)","공연완료","http://www.kopis.or.kr/upload/pfmPoster/PF_PF294330_260622_150241.gif","PF294330"
"여름 낭독 3부작: 1 초여름, 여름의 미토스","2026.07.02","2026.07.05","단막극장(구.대학로단막극장) (단막극장(구.대학로단막극장))","연극","김나은, 이시윤, 이준","윤예준, 박재윤, 노은우 등","전체 관람가","50분","극단 여름, 여류","공연완료","http://www.kopis.or.kr/upload/pfmPoster/PF_PF294322_260622_144415.gif","PF294322"
"맞선 [수원]","2026.10.17","2026.11.21","소극장 울림터 (극단 메카네) (소극장 울림터 (극단 메카네) )","연극","김민구, 박윤정, 서병찬, 이현선, 전진, 차병준 등","조경훈, 허인범 등","만 12세 이상","1시간 30분","극단 메카네","공연예정","http://www.kopis.or.kr/upload/pfmPoster/PF_PF294311_260622_141558.jpg","PF294311"
"제6회 대한민국 치유 예술제, 시간이 지나도","2026.07.04","2026.07.04","삼일로창고극장 (삼일로창고극장)","연극","진원진, 이경희, 정혜경, 송복렬, 문명은, 안보영, 최덕호 등","이종승, 강병민, 이화기 등","만 12세 이상","1시간","대한민국치유예술제 조직위원회","공연완료","http://www.kopis.or.kr/upload/pfmPoster/PF_PF294301_260622_135309.jpg","PF294301"
"제6회 대한민국 치유예술제, 멍킷리스트","2026.07.05","2026.07.05","삼일로창고극장 (삼일로창고극장)","연극","강희수, 권다미, 박창욱, 이서진, 최정윤","박연주, 이비안, 이승남 등","만 12세 이상","1시간 10분","극단 피안, 대한민국치유예술제 조직위원회, 따듯한세상 사회적협동조합","공연완료","http://www.kopis.or.kr/upload/pfmPoster/PF_PF294293_260622_134058.jpg","PF294293"
"내가 까마귀였을 때 [대학로]","2026.07.11","2026.07.12","다케이씨어터 (구. 창조소극장)  (다케이씨어터 (구. 창조소극장) )","연극","정승훈, 정하록, 김수빈, 지혜원, 주민준, 김동현, 여효은","고연옥 등","만 15세 이상","2시간","극단 추억","공연완료","http://www.kopis.or.kr/upload/pfmPoster/PF_PF294292_260622_133916.gif","PF294292"
"박수근의 사랑 [양구]","2026.06.27","2026.06.27","양구문화복지센터 (양구문화복지센터)","연극","김석환, 이호림, 이봉근, 배은지, 민병욱, 한혜란, 장인혁 등","김정훈, 김동욱, 홍세원 등","전체 관람가","1시간 30분","(재) 양구문화재단, 극단 무소의 뿔","공연완료","http://www.kopis.or.kr/upload/pfmPoster/PF_PF294288_260622_132924.jpg","PF294288"
"고스트 [완주]","2026.07.24","2026.07.24","완주문화예술회관 (대극장)","연극","안상태, 김혜선 등","","만 8세 이상","1시간 20분","완주군청","공연완료","http://www.kopis.or.kr/upload/pfmPoster/PF_PF294282_260622_131901.gif","PF294282"
"로큰롤 흥부전 [충주]","2026.07.01","2026.07.01","충주시문화회관 (충주시문화회관)","연극","","","만 12세 이상","1시간 10분","","공연완료","http://www.kopis.or.kr/upload/pfmPoster/PF_PF294281_260622_131641.jpg","PF294281"
"제6회 대한민국 치유예술제, 비오던 날 율무차는 따뜻했었나 [서울 중구]","2026.07.11","2026.07.11","삼일로창고극장 (삼일로창고극장)","연극","최운학, 김혁종, 윤신주, 이윤규","이정하, 이동준, 김정근 등","전체 관람가","1시간","(사)한국임상연극심리치료협회, 극단 각인각색, 대한민국치유예술제 조직위원회","공연완료","http://www.kopis.or.kr/upload/pfmPoster/PF_PF294277_260622_130904.jpg","PF294277"
"제6회 대한민국 치유 예술제, 하우 투 다이","2026.07.08","2026.07.08","삼일로창고극장 (삼일로창고극장)","연극","김주연, 한지연","정을, 김나리, 안준모 등","만 11세 이상","1시간","대한민국치유예술제 조직위원회, 에듀시어터","공연완료","http://www.kopis.or.kr/upload/pfmPoster/PF_PF294275_260622_130307.jpg","PF294275"
"제6회 대한민국 치유예술제, 닫힌 문","2026.06.30","2026.06.30","삼일로창고극장 (삼일로창고극장)","연극","신서진, 이희찬, 권유정, 신낙원, 강경완, 임윤덕, 박승우","정충구, 차태호, 강력 등","만 13세 이상","1시간 30분","극단 지구연극, 대한민국치유예술제 조직위원회","공연완료","http://www.kopis.or.kr/upload/pfmPoster/PF_PF294273_260622_125918.jpg","PF294273"
"제24회 경기인형극제, 극단 영: 비발디 사계 [수원]","2026.07.16","2026.07.17","경기아트센터(구. 경기도문화의전당) (소극장)","연극","","","36개월 이상","50분","극단 영","공연완료","http://www.kopis.or.kr/upload/pfmPoster/PF_PF294272_260622_125210.jpg","PF294272"
"부재 중","2026.07.02","2026.07.05","소극장 플랫폼74 (소극장 플랫폼74)","연극","유민주, 이은서, 백진아","김민주, 한가희 등","만 16세 이상","1시간","프로젝트 움(WoM)","공연완료","http://www.kopis.or.kr/upload/pfmPoster/PF_PF294271_260622_125210.jpg","PF294271"
"남사친 여사친 [청주]","2026.10.02","2026.11.15","소명아트홀 (구.메가폴리스아트홀) (소명아트홀 (구.메가폴리스아트홀) )","연극","","김덕진","만 10세 이상","1시간 30분","데이문, 소명기획(극단 소명)","공연예정","http://www.kopis.or.kr/upload/pfmPoster/PF_PF294269_260622_124640.gif","PF294269"
"제6회 대한민국 치유예술제, 나는 선인이다","2026.07.05","2026.07.05","삼일로창고극장 (삼일로창고극장)","연극","김재아, 김혜원, 박시하, 박지은, 신호수, 윤상민, 황예슬","김남우, 김민준, 한승효 등","전체 관람가","1시간 20분","극단 광대, 대한민국치유예술제 조직위원회","공연완료","http://www.kopis.or.kr/upload/pfmPoster/PF_PF294251_260622_112108.jpg","PF294251"
"제6회 대한민국 치유예술제, 혼자가 아닌 나","2026.07.09","2026.07.09","삼일로창고극장 (삼일로창고극장)","연극","김은혜, 이상호, 김정서, 마토스 카산드라, 최현배, 이세은","김봉기, 임동형, 이세은 등","만 12세 이상","1시간 10분","극단대작, 대한민국치유예술제 조직위원회","공연완료","http://www.kopis.or.kr/upload/pfmPoster/PF_PF294234_260622_104152.jpg","PF294234"
"제13회 대한민국신진연출가전, 정욱현: 스미소니언","2026.07.09","2026.07.12","서울연극창작센터 (서울씨어터 101 (1F) )","연극","전신영, 고형준, 윤지홍, 남유리, 최민혁","정욱현, 조아라, 조성현 등","만 15세 이상","1시간 10분","공연창작소 숨","공연완료","http://www.kopis.or.kr/upload/pfmPoster/PF_PF294231_260622_103721.jpeg","PF294231"
"제6회 대한민국 치유예술제, Again Rising: 다시, 일어서다","2026.07.07","2026.07.07","삼일로창고극장 (삼일로창고극장)","연극","강민자, 김복실, 황명숙, 이건, 이윤철, 김명희, 최미경 등","김명호, 강민자, 김춘실 등","전체 관람가","1시간 10분","대한민국치유예술제 조직위원회, 소단샘문화예술극단","공연완료","http://www.kopis.or.kr/upload/pfmPoster/PF_PF294229_260622_102109.jpg","PF294229"
"제6회 대한민국치유예술제, #정답을작성해주세요","2026.07.12","2026.07.12","삼일로창고극장 (삼일로창고극장)","연극","김도하, 정태영, 이고은, 한이수, 이재희, 오세영, 차경찬","박성원, 주은태, 이준의 등","만 12세 이상","1시간 20분","(사)한국임상연극심리치료협회, 대한민국치유예술제 조직위원회","공연완료","http://www.kopis.or.kr/upload/pfmPoster/PF_PF294228_260622_101755.jpg","PF294228"
"낭만적인 개소리","2026.07.16","2026.07.26","서강대 메리홀 (소극장)","연극","성노진, 강민호, 이수형, 송이주, 오택조, 배현아, 김민재 등","구태환, 노현열, 박동우 등","만 13세 이상","1시간 40분","극단 수","공연완료","http://www.kopis.or.kr/upload/pfmPoster/PF_PF294223_260619_184045.jpg","PF294223"
"태극기가 바람에 [통영]","2026.07.08","2026.07.09","통영시민문화회관 (소극장)","연극","박승규, 윤정화, 진애숙, 이규성, 박진수","장창석","만 19세 이상","1시간 40분","극단 벅수골","공연완료","http://www.kopis.or.kr/upload/pfmPoster/PF_PF294209_260619_164648.jpg","PF294209"
"제6회 봄: 을 찾기, 탈날라 하우스","2026.06.16","2026.06.18","극장 동국 (극장 동국)","연극","신제아, 배은아, 나태민, 신성미, 이재영, 김동균, 이찬민","김홍주, 차인영 등","만 13세 이상","1시간 20분","극단 제자백가, 더플레이지오(The play G.O)","공연완료","http://www.kopis.or.kr/upload/pfmPoster/PF_PF294204_260619_162847.png","PF294204"
"코마의 어린왕자 [순천]","2026.07.04","2026.07.04","순천문화예술회관 (대극장)","연극","","","만 7세 이상","1시간 15분","코마[KoMa]","공연완료","http://www.kopis.or.kr/upload/pfmPoster/PF_PF294198_260619_161146.jpg","PF294198"
"걸리버 여행기: ZOOM IN OUT [세종]","2026.08.29","2026.08.29","세종문화예술회관 (대공연장)","연극","김예린, 오예바다, 김채연, 김승태, 황호찬, 유성곤, 박혜민 등","윤시중, 표지인, 정승진 등","36개월 이상","1시간","(재)영화의전당, 극단 하땅세(하땅세 극장), 이모션콘텐츠","공연예정","http://www.kopis.or.kr/upload/pfmPoster/PF_PF294194_260619_154942.gif","PF294194"
"이야기해결단 모여라! (7월)","2026.07.18","2026.07.18","Bibistudio (Bibistudio)","연극","","","만 7세 이상","2시간","","공연완료","http://www.kopis.or.kr/upload/pfmPoster/PF_PF294193_260619_154941.png","PF294193"
"계단을 안전하게 구르는 방법","2026.06.27","2026.06.28","뜻밖의 극장(구. 해우소소극장) (뜻밖의 극장(구. 해우소소극장))","연극","김강국, 박지수, 백순주, 이상윤, 오희선, 윤진","임종민, 이채훈, 송유빈 등","만 11세 이상","1시간 10분","극단 이룸","공연완료","http://www.kopis.or.kr/upload/pfmPoster/PF_PF294172_260619_150541.png","PF294172"
"분홍 립스틱 [서울 중구]","2026.10.03","2026.10.04","국립극장 (달오름극장)","연극","정혜선, 박정수, 김예령, 이태란, 박형준, 정찬, 김수연 등","김명훈, 문승용, 유승봉 등","만 12세 이상","1시간 40분","(주)문컴퍼니, (주)문컴퍼니, 극단 사조","공연예정","http://www.kopis.or.kr/upload/pfmPoster/PF_PF294169_260619_145523.jpg","PF294169"
"갈매기 [대학로]","2026.07.17","2026.08.02","씨어터조이 (구. 마당세실극장) (씨어터조이 (구. 마당세실극장) )","연극","진지희, 추선우, 김한빈, 김민호, 이정민, 금민경, 오승윤 등","김지호, 지병현, 한보람 등","만 12세 이상","1시간 40분","프로젝트 잔향","공연완료","http://www.kopis.or.kr/upload/pfmPoster/PF_PF294165_260619_144634.jpg","PF294165"
"무시무시 어마무시: 벌레에 관한 ( ) 농담","2026.07.24","2026.07.26","나온씨어터 (나온씨어터)","연극","나경호, 박동조, 장햇살, 하재성","김보경, 김여준, 나경호 등","만 11세 이상","1시간","부글","공연완료","http://www.kopis.or.kr/upload/pfmPoster/PF_PF294158_260619_142302.gif","PF294158"
"불어를 하세요?","2026.07.10","2026.07.19","씨어터 송 (씨어터 송)","연극","장승진, 최원표, 최준혁, 한정우, 경지수, 박지영, 서줄리엣 등","류미선, 이양우, 최민욱 등","만 17세 이상","1시간 40분","리뮤, 피지컬 씨어터 디앙스","공연완료","http://www.kopis.or.kr/upload/pfmPoster/PF_PF294154_260619_141317.gif","PF294154"
"신림괴담 시즌3, 수박등","2026.07.01","2026.08.30","해봄연습실 (해봄연습실)","연극","강빈, 윤동선, 김가희, 원소영, 김정범, 조성덕, 서보찬 등","차왕현, 안수은, 강빈 등","만 14세 이상","1시간 30분","극단 해봄, 극단 해봄","공연중","http://www.kopis.or.kr/upload/pfmPoster/PF_PF294146_260619_135633.gif","PF294146"
"아스라이, 저 반딧불처럼","2026.07.01","2026.07.05","소극장 혜화당 (구. 까망소극장) (소극장 혜화당 (구. 까망소극장) )","연극","장영주, 김리아, 서동현, 김차웅, 김지훈","양형규, 박경식, 김한신 등","만 13세 이상","1시간","공연창작소 공간","공연완료","http://www.kopis.or.kr/upload/pfmPoster/PF_PF294136_260619_133110.jpg","PF294136"
"문화복덕방, 마주하는 마임.1 마임 X 시","2026.06.26","2026.06.26","스튜디오 QDA(구. 춤공장) (스튜디오 QDA(구. 춤공장))","연극","이태건, 홍경아, 이현수","","전체 관람가","1시간 10분","","공연완료","http://www.kopis.or.kr/upload/pfmPoster/PF_PF294128_260619_131457.png","PF294128"
"백조의 노래 [제주]","2026.07.08","2026.07.30","세이레아트센터 (세이레아트센터)","연극","강상훈","정민자, 강경호, 황희석 등","전체 관람가","45분","극단 세이레, 세이레아트센터","공연완료","http://www.kopis.or.kr/upload/pfmPoster/PF_PF294124_260619_130116.gif","PF294124"
"극단 노뜰 & 극단 노마드 공동기획공연: 셋 [원주]","2026.07.03","2026.07.05","후용공연예술센터 (교실극장)","연극","신인철, 홍서해, 이혜진","이강백, 김민경","만 13세 이상","1시간 10분","극단 노뜰","공연완료","http://www.kopis.or.kr/upload/pfmPoster/PF_PF294123_260619_130116.gif","PF294123"
"맥거핀 이야기","2026.07.02","2026.10.11","맥거핀 서교 (맥거핀 서교)","연극","","홍동진 등","전체 관람가","1시간 15분","","공연중","http://www.kopis.or.kr/upload/pfmPoster/PF_PF294122_260619_130006.png","PF294122"
"광주시립극단, 출장연극시리즈: 오스카와 장미할머니","2026.07.25","2026.07.25","국립아시아문화전당 (극장2)","연극","양선아, 윤미란, 김여름, 정일행, 조아라","원광연, 강태준, 김지훈 등","만 4세 이상","1시간","전남광주통합특별시예술의전당 (구.광주예술의전당)","공연완료","http://www.kopis.or.kr/upload/pfmPoster/PF_PF294113_260619_114219.jpg","PF294113"
"변신 [대학로]","2026.07.03","2026.07.05","비유아트홀(구. 효천아트센터 그라운드씬) (비유아트홀(구. 효천아트센터 그라운드씬))","연극","배준형, 허선주, 송형관, 문준석, 이세현, 오승주, 강민주 등","김주호, 조민기, 최도연 등","만 14세 이상","1시간 10분","미지딛음, 미지딛음","공연완료","http://www.kopis.or.kr/upload/pfmPoster/PF_PF294068_260618_162050.gif","PF294068"
"개굴개굴 고래고래 [의정부]","2026.08.28","2026.08.28","의정부예술의전당 (소극장)","연극","김보경, 이희성, 안연주, 이우성","이도윤, 최하늘, 구선진 등","36개월 이상","50분","(재)의정부문화재단 (의정부예술의전당), 극단 즐겨찾기","공연예정","http://www.kopis.or.kr/upload/pfmPoster/PF_PF294066_260618_155801.gif","PF294066"
"더작은공연장, 빨간 열매 [서울 금천]","2026.07.17","2026.07.17","금천뮤지컬센터 (창작공간 101호(1F))","연극","김민정, 이주연, 성기윤, 김단우","이정은, 류찬, 류지연 등","12개월 이상","45분","(재)금천문화재단, 작은극장","공연완료","http://www.kopis.or.kr/upload/pfmPoster/PF_PF294062_260618_154330.gif","PF294062"
"우석훈 코미디 단편선 [대학로]","2026.07.21","2026.08.02","R&J씨어터(구. 연진아트홀) (R&J씨어터(구. 연진아트홀))","연극","우석훈","우석훈, 마용환, 김수영 등","만 7세 이상","1시간 20분","극단 무언가, 극단 무언가","공연완료","http://www.kopis.or.kr/upload/pfmPoster/PF_PF294061_260618_153800.gif","PF294061"
"제9회 1번출구 연극제, 극단 76: 관객 모독","2026.07.08","2026.07.19","대학로 자유극장 (자유문화발전소) (대학로 자유극장 (자유문화발전소) )","연극","기주봉, 정재진, 이기현, 유민정, 김하진, 신성하, 강하온 등","기국서, 신성하, 강하온 등","만 13세 이상","1시간 15분","(주)주다컬쳐, 극단 76단","공연완료","http://www.kopis.or.kr/upload/pfmPoster/PF_PF294054_260618_152321.gif","PF294054"
"바냐삼촌: the original play","2026.07.03","2026.08.02","안똔체홉극장 (안똔체홉극장)","연극","조환, 김병춘, 김진근, 유태균, 이강원, 정예린, 이근혜 등","전훈 등","만 16세 이상","2시간 40분","안똔체홉학회(극단 애플씨어터)","공연완료","http://www.kopis.or.kr/upload/pfmPoster/PF_PF294049_260618_151644.gif","PF294049"
"국립극단, 갈매기","2026.07.24","2026.08.01","국립극단 [명동] (명동예술극장)","연극","오영석, 류명한, 이다해, 박선혜, 이채윤, 이기복, 성홍일 등","김낙형, 민병구, 손호성 등","만 12세 이상","2시간","(재) 국립극단, 충북도립극단, 충북도립극단","공연완료","http://www.kopis.or.kr/upload/pfmPoster/PF_PF294045_260618_150842.gif","PF294045"
"고양이라서 괜찮아 [대전]","2026.08.28","2026.09.27","아신극장 (2관 (2층) )","연극","박진성, 장은총, 이나경, 박소연, 원소이, 오정단, 이요한 등","","만 13세 이상","1시간 20분","극발전소301, 아신극장","공연예정","http://www.kopis.or.kr/upload/pfmPoster/PF_PF294032_260618_144407.jpg","PF294032"
"나의 장례식","2026.07.15","2026.10.05","올래홀 (올래홀)","연극","","","만 7세 이상","1시간 40분","바람커뮤니케이션","공연중","http://www.kopis.or.kr/upload/pfmPoster/PF_PF294028_260618_143825.gif","PF294028"
"제2회 갓지은 페스티벌, 불완전한 어른","2026.07.04","2026.07.04","보광극장 (보광극장)","연극","손하경, 윤가연","한윤서, 박지은, 이창현 등","만 15세 이상","1시간","극단 미완성, 극단 미완성","공연완료","http://www.kopis.or.kr/upload/pfmPoster/PF_PF294016_260618_142116.gif","PF294016"
"고양이는 죽어서 어디로 갈까요?","2026.07.16","2026.07.19","성미산마을극장 향 (성미산마을극장 향)","연극","김현정, 주창환, 김지수, 이유민","공한식, 이해인, 서진호 등","36개월 이상","50분","곰돌이유랑단","공연완료","http://www.kopis.or.kr/upload/pfmPoster/PF_PF294012_260618_133100.png","PF294012"
"경성의 고독한 미식가들","2026.07.25","2026.08.09","두산아트센터 (Space111)","연극","이예준, 진초록, 김현준, 정찬호, 권슬아, 이예진, 도준영 등","김태형, 현지야, 배미령 등","만 13세 이상","2시간 30분","두산아트센터((재)두산연강재단), 한국예술종합학교 극단 돌곶이, 한국예술종합학교 극단 돌곶이","공연완료","http://www.kopis.or.kr/upload/pfmPoster/PF_PF293998_260617_164923.gif","PF293998"
"오버코트 [화성]","2026.08.15","2026.08.15","누림아트홀 (누림아트홀)","연극","박은서, 박창국, 김의진, 강경천","","36개월 이상","50분","(재) 화성시문화관광재단","공연완료","http://www.kopis.or.kr/upload/pfmPoster/PF_PF293976_260617_151614.gif","PF293976"
"네 번째 사람 [서울]","2026.07.15","2026.07.18","예술공간 혜화 (예술공간 혜화)","연극","아카마쓰 레오, 기토 노리코, 이시이 히데아키, 고이즈미 마사오미, 니시야마 기요아키","이보람, 이쿠타 미유키, 심지연 등","만 13세 이상","1시간 20분","나토리 사무소(THEATRE OFFICE NATORI) [일본], 보편적 극단, 협동조합 아트컴퍼니 드레","공연완료","http://www.kopis.or.kr/upload/pfmPoster/PF_PF293974_260617_150912.gif","PF293974"
"우화","2026.07.04","2026.07.06","링크아트센터드림 (드림 1관)","연극","강민주, 윤나정, 최성주, 배준우, 인규식, 차한결, 신희찬","이다영, 김다은, 송소연 등","만 14세 이상","1시간 30분","마크923(MARK923)","공연완료","http://www.kopis.or.kr/upload/pfmPoster/PF_PF293970_260617_150101.gif","PF293970"
"별무리 [대학로]","2026.07.01","2026.07.05","소극장 공유 (소극장 공유)","연극","이시원, 이주형, 김미주, 김민수","정상현, 조애진, 유성준 등","만 15세 이상","1시간 40분","예술집단 풍작, 예술집단 풍작, 후스튜디오(WHOIZHOO STUDIO)","공연완료","http://www.kopis.or.kr/upload/pfmPoster/PF_PF293965_260617_144728.gif","PF293965"
"안녕, 잠! [화성]","2026.07.04","2026.07.04","화성시어린이문화센터 (아이누리극장)","연극","이정은, 한유진","김지수, 방하윤, 서상재 등","36개월 이상","55분","","공연완료","http://www.kopis.or.kr/upload/pfmPoster/PF_PF293963_260708_171602.jpeg","PF293963"
"마스트 장례식을 핑계로 창욱이와 노실 분들을 모집합니다","2026.06.25","2026.06.26","마스트 스튜디오 (마스트 스튜디오)","연극","한상우, 임창욱","","전체 관람가","1시간","","공연완료","http://www.kopis.or.kr/upload/pfmPoster/PF_PF293952_260617_141949.jpg","PF293952"
"시라노 [대학로]","2026.07.09","2026.07.11","대학로 이음센터(한국장애인문화예술원) (이음홀)","연극","김범진, 김성대, 김신혜, 송철호, 허진","권지현, 안지형, 홍유진 등","만 7세 이상","1시간","아주특별한예술마을, 컬처버스","공연완료","http://www.kopis.or.kr/upload/pfmPoster/PF_PF293933_260617_132930.gif","PF293933"
"보통의 날들 [대학로]","2026.07.16","2026.07.19","소극장 플랫폼74 (소극장 플랫폼74)","연극","이수옥, 오준혁, 이종원, 오진우, 서영서, 김지우, 조권목 등","오준혁, 김지우, 김홍찬 등","만 13세 이상","1시간 15분","극단 큰강, 프로젝트 유후","공연완료","http://www.kopis.or.kr/upload/pfmPoster/PF_PF293928_260617_131552.gif","PF293928"
"나의 PS 파트너 [대구]","2026.07.24","2026.08.30","여우별아트홀 (여우별아트홀)","연극","","","만 18세 이상","1시간 30분","여우별아트홀 (극단여우별), 여우별아트홀 (극단여우별)","공연중","http://www.kopis.or.kr/upload/pfmPoster/PF_PF293927_260617_131244.jpg","PF293927"
"딜리버리 [영주]","2026.06.27","2026.06.27","영주문화예술회관 (까치홀)","연극","","","만 7세 이상","1시간 30분","영주문화예술회관","공연완료","http://www.kopis.or.kr/upload/pfmPoster/PF_PF293925_260617_125822.jpg","PF293925"
"결혼전야 [대학로]","2026.07.09","2026.09.13","후암스테이지 (후암스테이지 (구. 마라카 3관, 오씨어터))","연극","심소영, 김미란, 서은지, 박준혁, 고훈목, 차승호, 고한민 등","최해주, 서지원, 백다예 등","만 12세 이상","1시간 50분","극단 광대모둠, 극단 광대모둠","공연중","http://www.kopis.or.kr/upload/pfmPoster/PF_PF293924_260617_124938.gif","PF293924"
"우리들의 영웅 [강진]","2026.07.11","2026.07.11","강진아트홀 (대공연장)","연극","","","전체 관람가","50분","극단 원공","공연완료","http://www.kopis.or.kr/upload/pfmPoster/PF_PF293920_260617_113536.jpg","PF293920"
"타인의 삶 [부산]","2026.11.06","2026.11.07","부산시민회관 (대극장)","연극","","손상규, 이우준, 이단비 등","만 13세 이상","1시간 50분","(주)프로젝트 그룹 일다, 라이브러리컴퍼니","공연예정","http://www.kopis.or.kr/upload/pfmPoster/PF_PF293918_260617_112749.jpg","PF293918"
"오아랑의 낭독 콘서트 1: 속삭임, 속삭임","2026.06.23","2026.06.24","예술가의 집 (예술가의집 라운지 (2F) )","연극","오아랑","정안나, 한광숙, 김경래 등","만 7세 이상","1시간 10분","공연문화연구소","공연완료","http://www.kopis.or.kr/upload/pfmPoster/PF_PF293916_260617_112436.gif","PF293916"
"제3회 대한민국 대학연극제, 울타리 너머 [용인]","2026.07.10","2026.07.10","용인시평생학습관 (여성회관) (큰어울마당)","연극","박범현, 한송이, 김철우, 이혁희, 박마리아, 김가나, 지성하 등","이기복, 최민규, 이유영 등","만 7세 이상","1시간 30분","(재)용인문화재단, 극단 파발극회","공연완료","http://www.kopis.or.kr/upload/pfmPoster/PF_PF293915_260617_112148.gif","PF293915"
"제11회 늘푸른 연극제, 극단 신협: 벚꽃동산","2026.07.30","2026.08.02","서울연극창작센터 (서울씨어터 202 (5F) )","연극","장희진, 이승철, 여무영, 이봉규, 배상돈, 이제신, 서지유 등","주요철, 경상현, 박진성 등","전체 관람가","1시간 50분","(사)한국연극협회, 극단 신협","공연완료","http://www.kopis.or.kr/upload/pfmPoster/PF_PF293894_260617_101411.gif","PF293894"
"쌍팔년 잔혹사 [청주]","2026.06.18","2026.06.22","씨어터 제이 (씨어터 제이)","연극","","조재명","만 13세 이상","1시간 30분","청주연극협회","공연완료","http://www.kopis.or.kr/upload/pfmPoster/PF_PF293891_260617_100131.jpg","PF293891"
"플레이티켓 낭독 쇼케이스, 더 웨일즈","2026.07.22","2026.07.23","서울연극센터 (스튜디오(3F))","연극","최은진, 양하임","윤나은, 정수연","만 13세 이상","1시간 10분","","공연완료","http://www.kopis.or.kr/upload/pfmPoster/PF_PF293888_260616_160640.jpg","PF293888"
"안동문화예술의전당 문화가 있는날 콘서트, 온 가족이 함께하는 마임 여행 [안동] (10월)","2026.10.28","2026.10.28","안동문화예술의전당 (백조홀)","연극","이정훈, 양미숙","","만 4세 이상","1시간 20분","안동문화예술의전당","공연예정","http://www.kopis.or.kr/upload/pfmPoster/PF_PF293885_260616_154059.png","PF293885"
"집이라는 연습 [대전]","2026.07.29","2026.08.02","드림아트홀 [대전] (드림아트홀 [대전] )","연극","김혜란, 성소연, 전예지, 한은성","한은성, 강병주, 김용훈 등","만 15세 이상","1시간 20분","","공연완료","http://www.kopis.or.kr/upload/pfmPoster/PF_PF293882_260616_153308.gif","PF293882"
"지역극단과 함께하는 연극 바캉스 [진주]","2026.07.15","2026.07.22","경상남도문화예술회관 (대공연장)","연극","정명심, 박서린, 김승기, 진애숙, 천예서, 김현수, 이명은 등","","만 7세 이상","1시간 5분","경남도립극단, 경상남도문화예술회관, 극단 고도, 극단 모다, 극단 벅수골","공연완료","http://www.kopis.or.kr/upload/pfmPoster/PF_PF293879_260616_152009.gif","PF293879"
"운수대통 [사천]","2026.07.10","2026.07.11","사천문화예술회관 (대공연장)","연극","이선무, 차영우, 김동곤, 손미나, 정으뜸, 고상희, 김용준 등","김종필, 이훈호, 김광탁","만 13세 이상","1시간 35분","극단 장자번덕","공연완료","http://www.kopis.or.kr/upload/pfmPoster/PF_PF293877_260616_151059.jpg","PF293877"
"운수대통 [사천] (07.10)","2026.07.10","2026.07.10","사천문화예술회관 (대공연장)","연극","이선무, 차영우, 김동곤, 손미나, 정으뜸, 고상희, 김용준 등","김종필, 이훈호, 김광탁 등","만 13세 이상","1시간 35분","극단 장자번덕","공연완료","http://www.kopis.or.kr/upload/pfmPoster/PF_PF293873_260616_145347.jpg","PF293873"
"제1회 N뮤즈페스티벌, #3. 빛 속으로","2026.07.02","2026.07.05","나인진홀 (구.청년극장) (나인진홀 3관(5F))","연극","김선구, 조희지, 김지수, 김민정, 김한솔, 박사랑, 김태훈","김민정, 이홍균, 이서진 등","만 10세 이상","1시간","(주) 나인진엔터테인먼트, 프로젝트 도토리 도르리","공연완료","http://www.kopis.or.kr/upload/pfmPoster/PF_PF293871_260616_145347.gif","PF293871"
"리어와 말뚝이","2026.10.02","2026.10.04","국립극장 (하늘극장)","연극","송영광, 남호섭, 김희랑, 최선희, 이혜원, 은성준, 박주성 등","오진희, 김병춘, 박채원 등","만 13세 이상","1시간 30분","극단 오","공연예정","http://www.kopis.or.kr/upload/pfmPoster/PF_PF293863_260616_142741.gif","PF293863"
"그럼에도 불구하고","2026.06.24","2026.06.28","R&J씨어터(구. 연진아트홀) (R&J씨어터(구. 연진아트홀))","연극","이소정, 이정인, 김예원, 이민주, 곽민서, 이건용, 신예준 등","안혜진, 최유정, 이소현 등","만 11세 이상","1시간 10분","샤인 액터스(Shine Actors), 샤인 액터스(Shine Actors), 알앤제이아트컴퍼니 (R&J Art Company), 알앤제이아트컴퍼니 (R&J Art Company)","공연완료","http://www.kopis.or.kr/upload/pfmPoster/PF_PF293860_260616_142041.png","PF293860"
"다시, 민들레 [보은]","2026.08.29","2026.08.29","보은문화예술회관 (보은문화예술회관)","연극","문창완, 박선혜, 오영석, 정수현","박춘근, 하동기, 장하다 등","만 7세 이상","","충북도립극단","공연예정","http://www.kopis.or.kr/upload/pfmPoster/PF_PF293859_260616_141942.jpg","PF293859"
"사라의 행성 [대학로]","2026.07.19","2026.07.26","서울문화재단 대학로극장 쿼드 (예술청) (대학로극장 쿼드 (예술청) )","연극","김신이, 김의태, 김효경, 유독현, 임성미, 조하나, 최태용 등","김마딘, 신진호, 정재우 등","만 12세 이상","1시간 40분","극단 비밀기지","공연완료","http://www.kopis.or.kr/upload/pfmPoster/PF_PF293854_260616_140501.gif","PF293854"
"연애버킷리스트 [대학로]","2026.06.18","2026.08.31","봄날아트홀 (구. 아리랑소극장) (1관 (지하1층) )","연극","한훈, 강이성, 한선우, 강태우, 강병화, 김정원, 고연경 등","조춘호, 오승민, 조만호 등","만 14세 이상","1시간 20분","길손 Company","공연중","http://www.kopis.or.kr/upload/pfmPoster/PF_PF293852_260616_140115.gif","PF293852"
"플레이티켓 낭독 쇼케이스, 모래우산 & 연선","2026.07.18","2026.07.19","서울연극센터 (스튜디오(3F))","연극","장나영, 이미나, 박채연, 방혜영","김태현, 이하미 등","만 13세 이상","1시간 10분","플티(주)","공연완료","http://www.kopis.or.kr/upload/pfmPoster/PF_PF293851_260616_140114.jpg","PF293851"
"제3회 R&J씨어터 창작극 페스티벌, 신진연출가전: 환몽소설","2026.07.15","2026.07.19","R&J씨어터(구. 연진아트홀) (R&J씨어터(구. 연진아트홀))","연극","남율, 문혜림, 이우인, 박선준, 유지연, 옥호진, 최다영 등","유지연, 문혜림, 정서빈 등","만 11세 이상","1시간 25분","극단 예인, 극단 예인, 알앤제이아트컴퍼니 (R&J Art Company), 알앤제이아트컴퍼니 (R&J Art Company)","공연완료","http://www.kopis.or.kr/upload/pfmPoster/PF_PF293844_260616_134528.gif","PF293844"
"라이어 1탄 [대구]","2026.06.23","2026.06.24","대구학생문화센터 (대공연장)","연극","","","만 7세 이상","","","공연완료","http://www.kopis.or.kr/upload/pfmPoster/PF_PF293834_260616_132301.png","PF293834"
"안녕! B612: 어린왕자 [고양]","2026.08.29","2026.08.29","고양아람누리 (새라새극장)","연극","박수연, 최윤석, 김경훈, 이슬비, 이진희, 김지현, 최미선 등","박성민, 이진희, 김연화 등","만 4세 이상","1시간 20분","(재)고양문화재단, 하랑씨어터","공연예정","http://www.kopis.or.kr/upload/pfmPoster/PF_PF293832_260616_131439.jpg","PF293832"
"4통 3반 복층사건 [제주 서귀포]","2026.06.27","2026.06.28","김정문화회관 (김정문화회관)","연극","","전혁준","만 12세 이상","1시간 40분","예술공간 오이","공연완료","http://www.kopis.or.kr/upload/pfmPoster/PF_PF293828_260616_130349.jpg","PF293828"
"광기의 빵","2026.07.24","2026.08.01","창작플랫폼 경험과 상상 (창작플랫폼 경험과 상상)","연극","현서영, 서대흥, 김보겸, 양신우, 김한봉희, 윤지혜, 위자현 등","류성, 정윤희, 김민태 등","만 13세 이상","1시간 40분","경험과상상문화예술협동조합, 경험과상상문화예술협동조합","공연완료","http://www.kopis.or.kr/upload/pfmPoster/PF_PF293822_260703_154331.gif","PF293822"
"성북창작연극플랫폼, STAGE0: 쇼케이스","2026.06.29","2026.07.03","미아리고개예술극장(구. 미아리예술극장) (미아리고개예술극장(구. 미아리예술극장))","연극","김덕환, 김용배, 박소정, 편다솜, 강승민, 엄옥란, 손경숙 등","이민구, 문경희, 김늘메 등","만 15세 이상","1시간","(주)프로젝트문(Project MOON), 보통현상, 씨앗프로젝트 X 창작공간 자기만의 방, 프로젝트 사이 (PROJECT SAI), 프로젝트통(Tong)","공연완료","http://www.kopis.or.kr/upload/pfmPoster/PF_PF293808_260616_110924.jpg","PF293808"
"시늉하는 자","2026.08.21","2026.08.29","창작플랫폼 경험과 상상 (창작플랫폼 경험과 상상)","연극","정도훈, 한덕균, 정욱권, 박누리, 이성민, 이채성, 유아람 등","유아람, 류성, 최권준 등","만 13세 이상","2시간","경험과상상문화예술협동조합, 경험과상상문화예술협동조합","공연중","http://www.kopis.or.kr/upload/pfmPoster/PF_PF293807_260706_162304.gif","PF293807"
"내 모든 걸 [광주]","2026.07.11","2026.07.11","빛고을시민문화관 (공연장)","연극","김기정, 한이연, 서율, 황영준, 서태이, 윤혁진","안세빈, 이은지, 김원진 등","만 6세 이상","1시간 30분","이연컴퍼니, 이연컴퍼니","공연완료","http://www.kopis.or.kr/upload/pfmPoster/PF_PF293806_260616_110552.png","PF293806"
"남사친 여사친 [사천]","2026.07.03","2026.07.03","사천문화예술회관 (대공연장)","연극","","","만 12세 이상","1시간 30분","사천시청(사천시문화예술회관)","공연완료","http://www.kopis.or.kr/upload/pfmPoster/PF_PF293803_260616_105707.jpg","PF293803"
"노이즈 오프 [광주]","2026.07.03","2026.07.05","서빛마루문화예술회관 (서빛마루문화예술회관)","연극","문아영, 박규창, 박상현, 박종혁, 백원기, 서대성, 서진원 등","박상현, 이수민, 박규창","만 13세 이상","2시간 30분","극단 얼라이브(ALIVE)","공연완료","http://www.kopis.or.kr/upload/pfmPoster/PF_PF293799_260616_104603.jpg","PF293799"
"제13회 대한민국 신진 연출가전 경연 페스타, 김호준: 전쟁의 대가","2026.07.02","2026.07.05","서울연극창작센터 (서울씨어터 101 (1F) )","연극","김도완, 정수영, 김호준, 장승연","김호준, 장인영, 서진호 등","만 13세 이상","1시간 10분","극단 배다","공연완료","http://www.kopis.or.kr/upload/pfmPoster/PF_PF293790_260616_102239.jpeg","PF293790"
"체온 [부산]","2026.07.11","2026.07.19","가마골소극장 (가마골소극장)","연극","황근복, 임나래, 김상훈, 박석진, 박인화, 황혜림, 양현석 등","모건강, 김하영, 최우정 등","만 7세 이상","1시간 30분","극단 가마골, 극단 가마골","공연완료","http://www.kopis.or.kr/upload/pfmPoster/PF_PF293778_260615_155518.gif","PF293778"
"네 번째 사람 [춘천]","2026.07.11","2026.07.12","아트팩토리 봄 (아트팩토리 봄)","연극","아카마쓰 레오, 기토 노리코, 이시이 히데아키, 고이즈미 마사오미, 니시야마 기요아키","이보람, 이쿠타 미유키 등","전체 관람가","1시간 30분","나토리 사무소(THEATRE OFFICE NATORI) [일본], 보편적 극단","공연완료","http://www.kopis.or.kr/upload/pfmPoster/PF_PF293774_260615_153835.png","PF293774"
"우리들의 나쁜 자석 [대학로]","2026.07.11","2026.08.01","나인진홀 (구.청년극장) (나인진홀 2관)","연극","김나은, 양예진, 최윤서, 서난, 황아인, 김성은, 이소혜 등","","만 13세 이상","1시간 40분","극단 날로, 극단 날로","공연완료","http://www.kopis.or.kr/upload/pfmPoster/PF_PF293742_260615_143136.jpg","PF293742"
"노스텔지어: 여름날의 놀이터","2026.06.25","2026.06.28","동숭무대소극장 (동숭무대소극장)","연극","신영민, 오경미, 이경용, 이승윤, 김혜미, 김임현, 황동주 등","박찬우, 김덕중, 김예진 등","만 15세 이상","1시간 15분","창작집단 눕기아카이브(NupGi Archive), 창작집단 눕기아카이브(NupGi Archive)","공연완료","http://www.kopis.or.kr/upload/pfmPoster/PF_PF293739_260615_141802.gif","PF293739"
"그녀들","2026.07.08","2026.07.12","소극장 플랫폼74 (소극장 플랫폼74)","연극","김은진, 신윤철, 정효진, 최재은","조일신, 허윤, 이재훈 등","만 15세 이상","1시간 20분","극단 집단독백","공연완료","http://www.kopis.or.kr/upload/pfmPoster/PF_PF293730_260615_140105.gif","PF293730"
"용궁에 간 토끼","2026.07.17","2026.08.23","롯데월드 (민속박물관)","연극","","이현승","36개월 이상","55분","(주)극단코스모스, (주)극단코스모스","공연완료","http://www.kopis.or.kr/upload/pfmPoster/PF_PF293725_260617_112748.gif","PF293725"
"아모르파티 [수원]","2026.07.18","2026.07.18","수원문화원 (빛누리아트홀) (수원문화원 (빛누리아트홀) )","연극","이영수, 박지현, 엄지수, 김재윤, 김정우","","만 7세 이상","1시간 30분","수원문화원","공연완료","http://www.kopis.or.kr/upload/pfmPoster/PF_PF293722_260615_134238.gif","PF293722"
"자취 [수원]","2026.07.24","2026.08.30","KBS 수원아트홀 (KBS 수원아트홀)","연극","이성진, 정태결, 호천, 이유진, 정수경, 정엄지, 원표 등","","만 13세 이상","1시간 20분","위로컴퍼니, 위로컴퍼니","공연중","http://www.kopis.or.kr/upload/pfmPoster/PF_PF293717_260615_133252.jpg","PF293717"
"생과부 위자료 청구 소송: 우리는 뭣도 없이 일한다 [대학로]","2026.07.29","2026.08.09","미마지아트센터 (물빛극장)","연극","김은비, 이우룡, 문석희","이호영, 서태원, 상지윤","만 17세 이상","1시간 25분","극단 사이, 극단 사이","공연완료","http://www.kopis.or.kr/upload/pfmPoster/PF_PF293706_260710_090552.gif","PF293706"
"2호선 세입자 [JS아트홀]","2026.07.11","2026.08.31","JS아트홀 (구. 고스트씨어터 구.다소니씨어터) (JS아트홀 (구. 고스트씨어터 구.다소니씨어터) )","연극","김동욱, 조윤성, 이지원, 백선영, 박병훈, 김돈호, 한서하 등","","만 7세 이상","1시간 30분","(주)레드앤블루(구. 악어컴퍼니)","공연중","http://www.kopis.or.kr/upload/pfmPoster/PF_PF293705_260615_130802.gif","PF293705"
"아모르파티 [광주]","2026.12.23","2026.12.27","빛고을시민문화관 (공연장)","연극","김주황, 박천재, 곽민호, 박지현, 이미정, 김단율, 이슬기 등","","만 7세 이상","1시간 30분","(주)극단코스모스, 극단국가대표","공연예정","http://www.kopis.or.kr/upload/pfmPoster/PF_PF293701_260622_133337.gif","PF293701"
"꼬마 오즈 [군포]","2026.07.23","2026.07.25","군포시평생학습원 (상상극장)","연극","권영솔, 한유리, 홍금택, 김도한, 김홍섭","박윤수, 이혜진, 강유희","36개월 이상","1시간","(재) 군포문화재단, 극단 수레무대","공연완료","http://www.kopis.or.kr/upload/pfmPoster/PF_PF293693_260615_123534.gif","PF293693"
"라이어 3탄: 튀어 [광주]","2026.12.22","2026.12.27","5.18기념문화센터 (민주홀)","연극","","","만 7세 이상","1시간 40분","","공연예정","http://www.kopis.or.kr/upload/pfmPoster/PF_PF293691_260615_123015.jpg","PF293691"
"국립청년극단, 헤파이스토스 로미오와 줄리엣 [영월]","2026.07.10","2026.07.11","영월군문화예술회관 (영월군문화예술회관)","연극","김빛나, 김윤서, 박상윤, 심효민, 윤방, 이서한, 이현우 등","장지혜, 신진호, 최태용 등","만 7세 이상","1시간 30분","(재) 국립극단, (주)원앤원엔터테인먼트","공연완료","http://www.kopis.or.kr/upload/pfmPoster/PF_PF293688_260615_122308.jpg","PF293688"
"제11회 늘푸른연극제, 섶자리","2026.07.23","2026.07.26","서울연극창작센터 (서울씨어터 202 (5F) )","연극","박창화, 길수경, 박호천, 김학준, 이주현, 김태일, 홍다희 등","김문홍, 권철, 이성규 등","전체 관람가","1시간 20분","(사)한국연극협회, 극단 왁자지껄","공연완료","http://www.kopis.or.kr/upload/pfmPoster/PF_PF293683_260615_114440.gif","PF293683"
"제101회 인천대학교 공연예술학과 정기공연: 죽음 혹은 아님","2026.06.19","2026.06.21","인천대학교 대강당 (인천대학교 대강당)","연극","엄채영, 허성현, 이유미, 차지민, 김진우, 박은지, 김민지 등","이철호, 손무형, 김지민 등","만 13세 이상","1시간 40분","인천대학교 공연예술학과","공연완료","http://www.kopis.or.kr/upload/pfmPoster/PF_PF293682_260615_113808.jpg","PF293682"
"APEX (에이펙스)","2026.07.09","2026.07.12","보라 아트홀(구. 지구인아트홀) (보라 아트홀(구. 지구인아트홀))","연극","김정현, 유영, 이도훈, 이승기, 조은영","원서연, 송인희, 김지우 등","만 12세 이상","1시간 10분","극단 mate, 메이트 프로덕션 (MATE Production), 죠이매직(보라아트홀)","공연완료","http://www.kopis.or.kr/upload/pfmPoster/PF_PF293678_260615_113157.gif","PF293678"
"어울림 골목길 연극열전, 2인극 열전 [원주]","2026.06.23","2026.07.18","어울림소극장 [원주] (어울림소극장 [원주])","연극","","","만 12세 이상","1시간 20분","극단 Y, 극단 벅수골, 극단 신예 [삼척], 씨어터컴퍼니 웃끼, 씨어터컴퍼니 웃끼, 연극문화공동체 DIC, 울산씨어터예술단","공연완료","http://www.kopis.or.kr/upload/pfmPoster/PF_PF293673_260615_111654.gif","PF293673"
"검정고무신 2 [부산]","2026.07.29","2026.08.02","에저또소극장 [부산] (에저또소극장 [부산])","연극","김지연, 이지훈, 최재민, 박준현, 김선이","최재민, 김지연, 방태수 등","만 7세 이상","1시간 20분","(사)극단 에저또","공연완료","http://www.kopis.or.kr/upload/pfmPoster/PF_PF293652_260615_103343.gif","PF293652"
"광주이야기 4편 [경기 광주]","2026.06.30","2026.06.30","광주시문화예술의전당 (구. 남한산성아트홀) (맹사성홀)","연극","","이기복","만 8세 이상","1시간 10분","광주시민극단 [경기 광주]","공연완료","http://www.kopis.or.kr/upload/pfmPoster/PF_PF293651_260615_103342.gif","PF293651"
"강북Festa, 디어 산타","2026.07.18","2026.07.18","강북문화예술회관 (소공연장 (강북진달래홀) )","연극","","","36개월 이상","1시간 20분","(재)강북문화재단, 데마시아","공연완료","http://www.kopis.or.kr/upload/pfmPoster/PF_PF293647_260615_102458.jpg","PF293647"
"겨울 이야기 [부산]","2026.07.07","2026.07.11","공간소극장 [대연역] (공간소극장 [대연역] )","연극","박호천, 최현정, 김여진, 박은진, 박준영","최치환, 전상배, 황미애 등","만 14세 이상","1시간 30분","극단 막","공연완료","http://www.kopis.or.kr/upload/pfmPoster/PF_PF293645_260615_102005.jpg","PF293645"
"사형수 김대중 [파주]","2026.07.11","2026.07.11","파주운정행복센터 (공연장)","연극","박상규, 오일룡, 조하석, 이봉하, 양상아, 김보겸, 민찬욱 등","정진백, 오성완, 이당금 등","만 12세 이상","1시간 40분","푸른연극마을","공연완료","http://www.kopis.or.kr/upload/pfmPoster/PF_PF293643_260615_101325.jpg","PF293643"
"플레이티켓 낭독쇼케이스: 침묵, 천 냥 빚","2026.07.11","2026.07.12","서울연극센터 (스튜디오(3F))","연극","박채연, 유진, 안선하, 오혜진","최서은","만 13세 이상","1시간","플티(주)","공연완료","http://www.kopis.or.kr/upload/pfmPoster/PF_PF293642_260612_175602.jpg","PF293642"
"오늘, 하루는 망해도 괜찮아 [대학로]","2026.06.27","2026.06.28","소극장 창덕궁 (소극장 창덕궁)","연극","김서현, 김은지, 남수민, 손승욱, 양성모, 이도연, 정유리 등","최민규","만 5세 이상","1시간 20분","(주)본스타컴퍼니, (주)본스타컴퍼니","공연완료","http://www.kopis.or.kr/upload/pfmPoster/PF_PF293636_260612_172507.gif","PF293636"
"제34회 젊은연극제, 볼드페이트의 일곱열쇠","2026.06.17","2026.06.17","삼일로창고극장 (삼일로창고극장)","연극","이이안, 남궁준, 도의주, 임석현, 정우현, 권경민, 김다인 등","최영재, 유도경, 남궁준","만 16세 이상","1시간 40분","","공연완료","http://www.kopis.or.kr/upload/pfmPoster/PF_PF293632_260612_165817.png","PF293632"
"제34회 젊은연극제, 무의식의 악한","2026.06.18","2026.06.18","삼일로창고극장 (삼일로창고극장)","연극","이아라, 김지민, 홍지은, 반지우, 이희겸","강효정, 강승헌","만 13세 이상","45분","서울예술대학교","공연완료","http://www.kopis.or.kr/upload/pfmPoster/PF_PF293630_260612_165140.png","PF293630"
"플레이티켓 낭독 쇼케이스, 괜찮아요","2026.07.04","2026.07.05","서울연극센터 (스튜디오(3F))","연극","김태미, 박수연, 윤지우, 이미나, 방혜영, 한결","유두선, 양정현","만 13세 이상","1시간","","공연완료","http://www.kopis.or.kr/upload/pfmPoster/PF_PF293628_260612_164838.jpg","PF293628"
"제34회 젊은연극제, LA PESTE (페스트) (06.20)","2026.06.20","2026.06.20","삼일로창고극장 (삼일로창고극장)","연극","강은수, 권정은, 김도균, 김민재, 김민진, 김병곤, 김세연 등","이정빈, 서민정, 이근일 등","만 15세 이상","1시간","대진대학교 연기예술학과, 젊은 연극제 집행위원회","공연완료","http://www.kopis.or.kr/upload/pfmPoster/PF_PF293627_260612_164433.jpg","PF293627"
"제34회 젊은연극제, 소중한 사람에게 닿는 목소리","2026.06.19","2026.06.19","삼일로창고극장 (삼일로창고극장)","연극","고신일, 김민준, 김윤아, 김은총, 김재은, 김지혜, 김희건 등","황연희, 김동완, 서민정 등","만 13세 이상","1시간 30분","대진대학교 연기예술학과","공연완료","http://www.kopis.or.kr/upload/pfmPoster/PF_PF293623_260612_162817.png","PF293623"
"제34회 젊은연극제, 산골-첫사랑","2026.06.21","2026.06.21","삼일로창고극장 (삼일로창고극장)","연극","강대한, 김경호, 김시우, 안예림, 여유림, 윤도현, 이은빈 등","변유정, 김태린, 조재원 등","48개월 이상","1시간 10분","대경대학교 연기예술과","공연완료","http://www.kopis.or.kr/upload/pfmPoster/PF_PF293617_260612_160941.png","PF293617"
"산책하는 침략자 [대학로]","2026.06.27","2026.06.28","더 씨어터 (더 씨어터)","연극","김인명, 김해, 박성민, 유덕종, 임성덕, 정혜윤, 조금주 등","이왕혁, 김소현, 신은혜 등","만 7세 이상","1시간 25분","시민극단2010","공연완료","http://www.kopis.or.kr/upload/pfmPoster/PF_PF293612_260612_155934.png","PF293612"
"제34회 젊은연극제, 아메샤","2026.06.19","2026.06.20","성북정보도서관 (천장산우화극장)","연극","김상규, 김지홍, 이연실, 임솔균, 전찬형, 정지환, 조수아","황연희, 정훈, 이민주 등","만 15세 이상","1시간 20분","대진대학교 연기예술학과, 젊은 연극제 집행위원회","공연완료","http://www.kopis.or.kr/upload/pfmPoster/PF_PF293610_260612_155658.gif","PF293610"
"짬뽕","2026.07.23","2026.08.02","씨어터 쿰 (씨어터 쿰)","연극","김원해, 최재섭, 허동원, 최원종, 이진경, 이나경, 김화영 등","윤정환, 조유림, 서원진 등","만 13세 이상","1시간 40분","극단 산","공연완료","http://www.kopis.or.kr/upload/pfmPoster/PF_PF293600_260612_153721.jpeg","PF293600"
"갈매기 [서울]","2026.08.09","2026.08.31","티켓링크 1975 씨어터(구.능동 어린이회관) (티켓링크 1975 씨어터(구.무지개극장))","연극","임철수, 전미도, 우현주, 양소민, 이동하, 이대연, 이정열 등","김정, 한경숙, 서미정 등","만 14세 이상","2시간 30분","맨씨어터, 맨씨어터, 엔에이치엔링크(주), 엔에이치엔링크(주)","공연중","http://www.kopis.or.kr/upload/pfmPoster/PF_PF293598_260701_144405.jpg","PF293598"
"수's PICK, 분홍립스틱 [연천]","2026.07.10","2026.07.11","연천수레울아트홀 (대공연장)","연극","정영자, 박정수, 김예령, 이태란, 박형준, 정찬, 김수연 등","문승용, 유승봉, 김명훈 등","만 7세 이상","1시간 40분","연천군청","공연완료","http://www.kopis.or.kr/upload/pfmPoster/PF_PF293596_260612_152855.gif","PF293596"
"제5회 보편적이지만은 않은 극적무대: 말, 하지 않더라도","2026.06.25","2026.07.05","극장 봄 (봄소극장) (극장 봄)","연극","김성일, 이선주, 김선희, 서민정, 최보희, 김유진, 김동해 등","김진아, 김동욱, 유의종 등","만 11세 이상","1시간 20분","창작집단 혜화살롱","공연완료","http://www.kopis.or.kr/upload/pfmPoster/PF_PF293582_260612_143632.jpg","PF293582"
"시월의 메아리 [대구]","2026.06.24","2026.06.28","소극장 함세상 (소극장 함세상)","연극","강신욱, 노윤경, 박희진, 손병숙, 양철우, 탁정아","박연희, 양승제, 김정희 등","만 11세 이상","1시간 30분","극단 함께사는세상, 극단 함께사는세상","공연완료","http://www.kopis.or.kr/upload/pfmPoster/PF_PF293571_260612_141513.jpg","PF293571"
"강북Festa, 삼색이의 대모험","2026.07.11","2026.07.11","강북문화예술회관 (소공연장 (강북진달래홀) )","연극","","","36개월 이상","50분","(재)강북문화재단, 극창작소 별별생각","공연완료","http://www.kopis.or.kr/upload/pfmPoster/PF_PF293569_260612_141049.jpg","PF293569"
"프랙처","2026.07.03","2026.07.04","금천뮤지컬센터 (금천예술극장)","연극","김범진, 김솔지, 김휘규, 백승연, 오소현","예반디, 이정연, 박정민 등","만 12세 이상","1시간 20분","(재)금천문화재단, 정글프로젝트","공연완료","http://www.kopis.or.kr/upload/pfmPoster/PF_PF293562_260612_135128.gif","PF293562"
"타임 [대학로]","2026.07.15","2026.09.30","대학로 스타릿홀 (2관(5F))","연극","석봉준, 배진범, 윤민혁, 노승민, 오하성, 전청일, 전시후 등","","만 8세 이상","1시간 20분","윤컴퍼니","공연중","http://www.kopis.or.kr/upload/pfmPoster/PF_PF293558_260810_160336.gif","PF293558"
"피노키오 트라이얼 (PINOCCHIO TRIAL)","2026.07.18","2026.07.19","꿈의숲아트센터 (퍼포먼스홀)","연극","강민지, 장명훈, 권수민, 안준기, 오승현, 이예현, 장완희","이영숙, 도현진, 정유석 등","만 7세 이상","1시간 20분","극단 올리브와 찐콩","공연완료","http://www.kopis.or.kr/upload/pfmPoster/PF_PF293556_260612_133919.png","PF293556"
"간이역 칸타빌레 [양양]","2026.06.20","2026.06.20","양양문화복지회관 (공연장)","연극","","정성우, 이미희, 이보람 등","전체 관람가","1시간","","공연완료","http://www.kopis.or.kr/upload/pfmPoster/PF_PF293555_260612_133315.jpg","PF293555"
"기억: 내 인생 마지막 단 하나의 기억을 찾아... [세종]","2026.06.25","2026.06.26","비오케이아트센터(BOK아트센터) (다목적공연장)","연극","최우석, 최유진, 권경외, 신성빈, 김한빈","박기수, 이승희, 송정환 등","만 7세 이상","1시간 25분","비오케이 아트센터((주) 비오케이아트)","공연완료","http://www.kopis.or.kr/upload/pfmPoster/PF_PF293535_260612_114242.gif","PF293535"
"별을 갖고 튀어라 [보성]","2026.07.01","2026.07.02","보성군문화예술회관 (보성군문화예술회관)","연극","","","만 7세 이상","1시간 20분","보성군문화예술회관","공연완료","http://www.kopis.or.kr/upload/pfmPoster/PF_PF293525_260612_111043.jpg","PF293525"
"세이렌: 심연의 전이 [대학로]","2026.07.02","2026.07.12","R&J씨어터(구. 연진아트홀) (R&J씨어터(구. 연진아트홀))","연극","안중현, 정주호, 강병화, 서지우, 전해리, 정선미, 김형일 등","백승문, 김현정, 유수진 등","만 15세 이상","1시간 30분","극단 혈우, 극단 혈우, 채담컴퍼니","공연완료","http://www.kopis.or.kr/upload/pfmPoster/PF_PF293495_260611_155511.gif","PF293495"
"우석훈 코미디 단편선 [대구]","2026.07.03","2026.07.05","우전소극장 (우전소극장)","연극","우석훈","우석훈, 김수영, 양국선 등","만 7세 이상","1시간 20분","극단 무언가, 극단 무언가","공연완료","http://www.kopis.or.kr/upload/pfmPoster/PF_PF293492_260611_154804.gif","PF293492"
"강북Festa, 어둑시니","2026.07.25","2026.07.25","강북문화예술회관 (소공연장 (강북진달래홀) )","연극","","","36개월 이상","50분","(재)강북문화재단, 창작조직 성찬파","공연완료","http://www.kopis.or.kr/upload/pfmPoster/PF_PF293489_260611_153740.gif","PF293489"
"분홍립스틱 [고창]","2026.06.18","2026.06.18","고창문화의전당 (공연장)","연극","정혜선, 김예령, 박형준, 김수연, 서우진, 이진리","김명훈, 유승봉, 문승용 등","만 11세 이상","1시간 40분","(주)문컴퍼니, 고창문화의전당","공연완료","http://www.kopis.or.kr/upload/pfmPoster/PF_PF293486_260611_152554.png","PF293486"
"퀀타 오디세이","2026.06.24","2026.06.28","소극장 혜화당 (구. 까망소극장) (소극장 혜화당 (구. 까망소극장) )","연극","고은하늘, 양수별, 정승원, 하원철","이재환, 정서규, 장희찬 등","만 7세 이상","1시간 5분","처음처럼 프로젝트, 처음처럼 프로젝트","공연완료","http://www.kopis.or.kr/upload/pfmPoster/PF_PF293481_260611_151549.gif","PF293481"
"콩나물의 노래 [전주]","2026.06.24","2026.06.28","창작소극장 (창작소극장)","연극","이부열, 류가연, 이종화, 정세영, 김서영, 박지훈, 유대기","홍석찬, 박순주","만 11세 이상","1시간 30분","창작소극장","공연완료","http://www.kopis.or.kr/upload/pfmPoster/PF_PF293479_260611_151051.gif","PF293479"
"아시테지 국제여름축제, 내 친구 송아지","2026.08.01","2026.08.02","종로아이들극장 (종로아이들극장)","연극","강제권, 김민지, 김민성, 조희윤, 강전영, 신인선","신인선, 심채선, 한원균 등","만 5세 이상","55분","(사)국제아동청소년연극협회 한국본부(아시테지), 인형극연구소 인스","공연완료","http://www.kopis.or.kr/upload/pfmPoster/PF_PF293475_260611_150500.gif","PF293475"
"강북Festa, 어린도비와 흰소","2026.07.04","2026.07.04","강북문화예술회관 (소공연장 (강북진달래홀) )","연극","","","36개월 이상","50분","(재)강북문화재단, 극단 상상구락부","공연완료","http://www.kopis.or.kr/upload/pfmPoster/PF_PF293464_260611_144308.jpg","PF293464"
"베스트3 소극장전, 극단 열혈단: 3.3kg","2026.07.25","2026.07.26","한울림소극장 (한울림소극장)","연극","강다현, 박지훈, 전소영, 김정현, 김준성, 홍바다, 김정건 등","정창윤","만 13세 이상","1시간 50분","(사)한울림 (극단한울림), 열혈단","공연완료","http://www.kopis.or.kr/upload/pfmPoster/PF_PF293455_260611_142148.jpg","PF293455"
"우정만리 PART2: 부치지 못한 편지 [부천]","2026.08.01","2026.08.02","복사골문화센터 (아트홀)","연극","강성해, 한록수, 윤현, 김성태, 최혜주, 김민소, 김지연 등","김예기, 최혜주, 김준우 등","만 11세 이상","1시간 30분","얘기씨어터컴퍼니, 얘기씨어터컴퍼니","공연완료","http://www.kopis.or.kr/upload/pfmPoster/PF_PF293451_260611_141035.gif","PF293451"
"기억을 먹는 호랑이","2026.07.01","2026.07.12","노원어린이극장 (구.노원어울림극장) (노원어린이극장 (구.노원어울림극장) )","연극","","최인숙, 신인선, 백수연 등","48개월 이상","50분","신박한조 프로젝트, 신박한조 프로젝트","공연완료","http://www.kopis.or.kr/upload/pfmPoster/PF_PF293449_260611_140535.gif","PF293449"
"불편한 편의점 [제천]","2026.07.10","2026.07.10","제천예술의전당 (대공연장)","연극","이준호, 고은비, 정아연, 김린, 이예인, 이민하","","만 7세 이상","1시간 30분","제천시청","공연완료","http://www.kopis.or.kr/upload/pfmPoster/PF_PF293445_260611_135737.gif","PF293445"
"제8회 페미니즘 연극제, 힛 더 디어 (Hit the Deer)","2026.07.09","2026.07.12","아르코 꿈밭극장 (아르코꿈밭극장)","연극","김예은, 라소영, 이세영","이은채, 이해인, 박준희 등","만 11세 이상","1시간 10분","페미니즘 연극제 운영위원회","공연완료","http://www.kopis.or.kr/upload/pfmPoster/PF_PF293437_260611_134426.gif","PF293437"
"김시라의 품바: Original [광주]","2026.08.30","2026.08.30","광주남구문화예술회관 (공연장)","연극","오종석, 이시찬","최민선, 김시라, 최성봉 등","만 7세 이상","1시간 40분","(주)베리굿, (주)좋은콘서트","공연예정","http://www.kopis.or.kr/upload/pfmPoster/PF_PF293427_260611_132649.jpg","PF293427"
"방명녹","2026.07.02","2026.07.05","et theatre 1 (구. 눈빛극장) (et theatre 1 (구. 눈빛극장) )","연극","이서영, 이휴, 홍준기, 이재환, 박찬우, 변지석, 홍선","홍선, 손지은, 진소윤 등","만 11세 이상","1시간 30분","창작집단 본디, 창작집단 본디","공연완료","http://www.kopis.or.kr/upload/pfmPoster/PF_PF293419_260611_130937.gif","PF293419"
"지금으로부터 28광년 후 [대학로]","2026.07.16","2026.07.19","선돌극장 (선돌극장)","연극","황정윤, 강지연 등","방경미, 류주연, 성준무 등","만 12세 이상","1시간 50분","극단 산수유, 극단 산수유","공연완료","http://www.kopis.or.kr/upload/pfmPoster/PF_PF293415_260611_130249.gif","PF293415"
"어느 날 아침 깨어나 보니 AI가 되어 있었다 [대학로]","2026.07.14","2026.07.26","대학로 스카이씨어터 (2관(5층 구 JK아트홀))","연극","강주성, 장세현","","만 9세 이상","1시간 10분","극단 상상창꼬","공연완료","http://www.kopis.or.kr/upload/pfmPoster/PF_PF293408_260611_120805.jpg","PF293408"
"벚꽃동산","2026.06.26","2026.06.27","영등포아트홀 (영등포아트홀)","연극","권경하, 유승일, 박정순, 김홍택, 원종선, 서민균, 이호준 등","박정의, 문홍식, 이상준 등","만 7세 이상","1시간 30분","(사) 한국연극협회 서울지회 영등포지부","공연완료","http://www.kopis.or.kr/upload/pfmPoster/PF_PF293407_260611_114204.gif","PF293407"
"디딤프로젝트26: Before Permission","2026.07.08","2026.07.11","신촌문화발전소 (소극장)","연극","김효정, 김진아, 서영민, 이수진, 나윤하, 이다영, 장지호 등","백승민, 마예빈, 전진 등","만 14세 이상","","극단 백일몽, 극단 백일몽","공연완료","http://www.kopis.or.kr/upload/pfmPoster/PF_PF293387_260611_110321.gif","PF293387"
"제5회 연극 페스티벌, 오늘도 연극: 황진이 쌀국수 [경기 광주]","2026.06.10","2026.06.10","광주시문화예술의전당 (구. 남한산성아트홀) (맹사성홀)","연극","함미빈, 김푸름, 김지성, 최숙영, 최영완, 홍계선, 강미경 등","홍은주, 이기복","만 7세 이상","1시간 30분","","공연완료","http://www.kopis.or.kr/upload/pfmPoster/PF_PF293381_260611_105158.gif","PF293381"
"형, 이거 나만 불편해?","2026.06.17","2026.06.21","소극장 혜화당 (구. 까망소극장) (소극장 혜화당 (구. 까망소극장) )","연극","김용문, 유수현, 이동은, 구동환, 박예지, 김범순","김관, 임신효, 김종석 등","만 12세 이상","1시간","극단 회화, 극단 회화","공연완료","http://www.kopis.or.kr/upload/pfmPoster/PF_PF293367_260611_102937.gif","PF293367"
"옥탑방 고양이 [계룡]","2026.06.20","2026.06.20","계룡문화예술의전당 (소공연장(다목적홀))","연극","","","전체 관람가","1시간 20분","계룡문화예술의전당(계룡공공시설사업소)","공연완료","http://www.kopis.or.kr/upload/pfmPoster/PF_PF293341_260610_164438.gif","PF293341"
"제8회 포천시립극단 정기공연: 별이 된 영웅, 군번 없는 독수리유격대 [포천]","2026.06.24","2026.06.25","포천반월아트홀 (소극장)","연극","","임태순 등","만 7세 이상","1시간 20분","(재) 포천문화관광재단","공연완료","http://www.kopis.or.kr/upload/pfmPoster/PF_PF293340_260610_164158.jpg","PF293340"
"제40회 성남문화예술제 연극제, 수유리, 고치지 못한것들","2026.06.20","2026.06.20","성남아트리움 (구. 성남시민회관) (대극장)","연극","손병희, 이주희, 강은주, 김효배, 이동숙, 강준구","조성일, 최미경, 김용년 등","만 7세 이상","1시간 30분","극단 동선","공연완료","http://www.kopis.or.kr/upload/pfmPoster/PF_PF293336_260610_163457.jpg","PF293336"
"베니스의 상인 기부공연","2026.07.11","2026.07.11","국립극장 (해오름극장)","연극","박근형, 신구, 이승주, 원진아, 이상윤, 김아영, 최정현 등","오경택, 박연주, 신호 등","만 7세 이상","2시간 20분","(주)파크컴퍼니, (주)파크컴퍼니","공연완료","http://www.kopis.or.kr/upload/pfmPoster/PF_PF293328_260610_161637.gif","PF293328"
"제34회 젊은연극제, AnYmall","2026.06.26","2026.06.27","성북정보도서관 (천장산우화극장)","연극","이현학, 이원영, 이관민, 임규민, 윤민상, 심지예, 김종서 등","이현학, 김동규, 김연우 등","만 16세 이상","1시간 10분","오브텐션(Of tension), 젊은 연극제 집행위원회","공연완료","http://www.kopis.or.kr/upload/pfmPoster/PF_PF293322_260610_160529.gif","PF293322"
"사랑방 금요일 상상극장: 낭만유랑극단 [부평]","2026.06.26","2026.06.26","부평문화사랑방 (부평문화사랑방)","연극","","윤건희, 윤현로, 김준호 등","전체 관람가","1시간","(재)인천광역시 부평구문화재단(부평아트센터)","공연완료","http://www.kopis.or.kr/upload/pfmPoster/PF_PF293317_260610_155645.gif","PF293317"
"제34회 젊은연극제, 모조인생 [천장산 우화극장]","2026.06.16","2026.06.17","성북정보도서관 (천장산우화극장)","연극","김용훈, 박진우, 배민아, 전상헌, 오재민, 용명지, 원도화 등","강수현, 임지원, 전지영 등","만 14세 이상","1시간 30분","수원과학대학교 연기영상과, 젊은 연극제 집행위원회","공연완료","http://www.kopis.or.kr/upload/pfmPoster/PF_PF293314_260610_155049.gif","PF293314"
"시선 돌리기 프로젝트, 그 첫 번째: 슈퍼우먼스 [대학로]","2026.07.01","2026.07.05","선돌극장 (선돌극장)","연극","이연우, 김영경, 박재이, 김성미, 이정아, 경미, 신욱","김승철","만 13세 이상","1시간","창작공동체 아르케, 창작공동체 아르케","공연완료","http://www.kopis.or.kr/upload/pfmPoster/PF_PF293313_260610_155048.gif","PF293313"
"제34회 젊은연극제, 오늘의 용사는","2026.06.23","2026.06.24","성북정보도서관 (천장산우화극장)","연극","김소연, 이희도, 고보은","황선록, 오서현, 이경은 등","만 7세 이상","1시간","프로젝트 홍","공연완료","http://www.kopis.or.kr/upload/pfmPoster/PF_PF293308_260610_143419.gif","PF293308"
"갈라진 마음들","2026.07.03","2026.07.12","더 줌 아트센터 (더 줌 아트센터)","연극","윤성원, 최정우","이소영, 오한솔, 김강민 등","만 13세 이상","1시간 10분","더줌아트센터, 품씨어트리컬스 유한책임회사","공연완료","http://www.kopis.or.kr/upload/pfmPoster/PF_PF293306_260610_143133.gif","PF293306"
"고래가 뚝, 떨어진 날 [창원]","2026.06.27","2026.06.28","소극장 빨간객석 (소극장 빨간객석)","연극","서재재, 여수현, 진경호, 문지완","박기량, 김한솔, 문종근 등","만 14세 이상","1시간 10분","극단 객석과무대, 극단 객석과무대","공연완료","http://www.kopis.or.kr/upload/pfmPoster/PF_PF293300_260610_142235.gif","PF293300"
"리온","2026.07.01","2026.07.05","미마지아트센터 (물빛극장)","연극","고유준, 정가빈, 황다솔, 김신실","주유정, 박문수, 김유정 등","만 10세 이상","1시간","홧김에 박문수 프로젝트, 홧김에 박문수 프로젝트","공연완료","http://www.kopis.or.kr/upload/pfmPoster/PF_PF293291_260610_140556.gif","PF293291"
"아시테지 국제여름축제, 걸리버 여행기: ZOOM IN OUT","2026.07.30","2026.08.02","서울연극창작센터 (서울씨어터 101 (1F) )","연극","김예린, 오에바다, 김채연, 김승태, 유성곤, 박혜민, 조인서","윤시중, 정승진, 조태준 등","48개월 이상","1시간","(사)국제아동청소년연극협회 한국본부(아시테지), 극단 하땅세(하땅세 극장)","공연완료","http://www.kopis.or.kr/upload/pfmPoster/PF_PF293282_260610_133738.gif","PF293282"
"제1회 N뮤즈페스티벌, 진짜 사나이는 다 엎드려 뻗쳐","2026.06.19","2026.06.21","나인진홀 (구.청년극장) (나인진홀 3관(5F))","연극","김수인, 송선재, 여정윤, 정교림, 차선민","김요섭, 이윤성, 심건우 등","만 14세 이상","1시간 20분","일공시","공연완료","http://www.kopis.or.kr/upload/pfmPoster/PF_PF293281_260610_133737.gif","PF293281"
"제6회 봄: 을 찾기, 이 생을 다시 한 번","2026.06.20","2026.06.21","극장 동국 (극장 동국)","연극","김정국, 심완준, 유진수, 이의현, 홍현지","이정모, 송은혜, 이훈경 등","만 12세 이상","1시간","극단 필통","공연완료","http://www.kopis.or.kr/upload/pfmPoster/PF_PF293280_260610_133609.jpg","PF293280"
"아시테지 국제여름축제, 완벽한 하루","2026.07.23","2026.07.25","아르코 꿈밭극장 (아르코꿈밭극장)","연극","","","36개월 이상","45분","(사)국제아동청소년연극협회 한국본부(아시테지)","공연완료","http://www.kopis.or.kr/upload/pfmPoster/PF_PF293275_260610_132258.jpg","PF293275"
"호기우타 [대학로]","2026.07.04","2026.07.12","대학로예술극장 (소극장)","연극","이경민, 정다연, 우범진","윤혜숙, 김성령, 이효진 등","만 16세 이상","1시간 20분","극단 래빗홀씨어터","공연완료","http://www.kopis.or.kr/upload/pfmPoster/PF_PF293273_260610_131715.png","PF293273"
"아시테지 국제여름축제, 미스터 사티: 종이로 만든 세상","2026.07.28","2026.07.30","아르코 꿈밭극장 (아르코꿈밭극장)","연극","","","24개월 이상","45분","","공연완료","http://www.kopis.or.kr/upload/pfmPoster/PF_PF293268_260610_130851.jpg","PF293268"
"경남도립극단, 오래된 사진 [하동]","2026.06.25","2026.06.25","하동문화예술회관 (대공연장)","연극","정명심, 김승기, 박서린","장봉태, 김은지, 이금철 등","만 7세 이상","1시간 5분","경남도립극단","공연완료","http://www.kopis.or.kr/upload/pfmPoster/PF_PF293267_260610_130517.jpg","PF293267"
"아시테지 국제여름축제, 잠들고 싶지 않아!","2026.07.23","2026.07.26","아르코예술극장 (대극장)","연극","","","36개월 이상","45분","","공연완료","http://www.kopis.or.kr/upload/pfmPoster/PF_PF293264_260610_125414.png","PF293264"
"아시테지 국제여름축제: 꼬마야, 꼬마야","2026.08.01","2026.08.02","아르코 꿈밭극장 (아르코꿈밭극장)","연극","김유인, 박진희, 홍윤경, 이다연, 김도윤","김유인, 김도윤, 이양규 등","36개월 이상","1시간","극단 여기,우리","공연완료","http://www.kopis.or.kr/upload/pfmPoster/PF_PF293262_260610_124734.gif","PF293262"
"레미제라블 [진도]","2026.06.17","2026.06.17","진도향토문화회관 (대공연장)","연극","윤여성, 김명수, 임동진, 문영수, 강희영, 이윤상, 조정은 등","윤여성, 김시율, 박재범 등","만 7세 이상","2시간 30분","극단 로얄씨어터","공연완료","http://www.kopis.or.kr/upload/pfmPoster/PF_PF293247_260610_112121.jpg","PF293247"
"아모르파티 [서산]","2026.06.18","2026.06.20","서산시문화회관 (소공연장)","연극","","","만 8세 이상","1시간 30분","","공연완료","http://www.kopis.or.kr/upload/pfmPoster/PF_PF293243_260610_111328.jpg","PF293243"
"시그널 [대학로]","2026.07.09","2026.08.24","공간아울 (공간아울)","연극","엄현호, 윤민혁, 박태현, 차종민, 유형욱, 오수빈, 김태인 등","","만 13세 이상","1시간 15분","윤컴퍼니","공연완료","http://www.kopis.or.kr/upload/pfmPoster/PF_PF293240_260625_143635.gif","PF293240"
"GAC 드라마 시리즈, 세기의 사나이 [서울 강동]","2026.08.14","2026.08.15","강동아트센터 (대극장 한강)","연극","김동현, 정상훈, 이갑선, 김왕근, 공재민, 강정윤, 오세철 등","","만 7세 이상","2시간","강동문화재단(강동아트센터), 극단 명작옥수수밭","공연완료","http://www.kopis.or.kr/upload/pfmPoster/PF_PF293237_260610_105810.jpg","PF293237"
"메몰리 57: 우리는 떠나지 않았다 [인천]","2026.06.26","2026.07.04","인천학생교육문화회관 (싸리재홀(대공연장))","연극","조해민, 권혜영, 윤미애, 김한, 류완선, 이미정, 정세리 등","김윤주, 송용일, 최원영 등","만 11세 이상","1시간 30분","극단 십년후","공연완료","http://www.kopis.or.kr/upload/pfmPoster/PF_PF293228_260610_102439.jpg","PF293228"
"수상한 흥신소 [완도]","2026.06.23","2026.06.23","완도문화예술의전당 (완도문화예술의전당)","연극","이인규, 한지혁, 이한섭, 장은진, 박송연, 진세인, 조슬비 등","","만 13세 이상","1시간 40분","완도군","공연완료","http://www.kopis.or.kr/upload/pfmPoster/PF_PF293210_260609_114153.png","PF293210"
"베스트3소극장전, 네버엔딩플레이: 보도지침 [대구]","2026.07.18","2026.07.19","한울림소극장 (한울림소극장)","연극","김예별, 김려은, 김세환, 정홍구, 김늘메, 김기주, 최이레","오세혁, 정철","만 13세 이상","1시간 50분","(사)한울림 (극단한울림), 네버엔딩플레이(N.E.P Contents)","공연완료","http://www.kopis.or.kr/upload/pfmPoster/PF_PF293205_260609_112030.jpg","PF293205"
"베스트3 소극장전, 말린 고추와 복숭아향 립스틱","2026.07.11","2026.07.12","한울림소극장 (한울림소극장)","연극","김솔지, 남재국, 류세일, 박은경","서동민, 강훈구 등","만 13세 이상","1시간 50분","(사)한울림 (극단한울림), 공놀이클럽","공연완료","http://www.kopis.or.kr/upload/pfmPoster/PF_PF293203_260609_111559.jpg","PF293203"
"절레절레 동화 [제주]","2026.06.20","2026.06.20","김정문화회관 (김정문화회관)","연극","","","만 7세 이상","1시간 30분","","공연완료","http://www.kopis.or.kr/upload/pfmPoster/PF_PF293185_260609_103325.jpg","PF293185"
"모기 [대학로]","2026.07.02","2026.07.12","예술공간 혜화 (예술공간 혜화)","연극","권경은, 김계남, 김민승, 최승은","김풍년, 정유석, 금배섭 등","만 12세 이상","1시간 30분","","공연완료","http://www.kopis.or.kr/upload/pfmPoster/PF_PF293172_260609_095605.jpg","PF293172"
"아이히만 게이트 [대학로]","2026.06.26","2026.06.28","링크아트센터드림 (드림 1관)","연극","김송언, 유겸, 이원재, 정우찬","최가경, 권용, 김준희 등","만 15세 이상","1시간 10분","","공연완료","http://www.kopis.or.kr/upload/pfmPoster/PF_PF293166_260608_175133.gif","PF293166"
"희락원전 [대학로]","2026.07.11","2026.07.19","비유아트홀(구. 효천아트센터 그라운드씬) (비유아트홀(구. 효천아트센터 그라운드씬))","연극","김동준, 송건우, 김수빈, 이재희, 김우일, 이지승, 최원서 등","김동준, 한원규, 이동빈 등","만 13세 이상","1시간 55분","창작집단 현인","공연완료","http://www.kopis.or.kr/upload/pfmPoster/PF_PF293155_260608_164857.jpg","PF293155"
"유령들 [서울]","2026.06.16","2026.06.21","연우소극장 (연우소극장)","연극","우현주, 이석준, 한동규, 장석환, 문소희","김광보, 김미혜, 박상봉 등","만 14세 이상","1시간 30분","맨씨어터","공연완료","http://www.kopis.or.kr/upload/pfmPoster/PF_PF293145_260608_161503.png","PF293145"
"깁스가족 [광주]","2026.06.12","2026.06.14","씨어터연바람 (씨어터연바람)","연극","박영진, 최이노, 이혜원, 정낙일, 송민종, 차성경","김하정, 임주신, 홍동리 등","만 6세 이상","1시간 30분","극단 유피씨어터, 극단 유피씨어터","공연완료","http://www.kopis.or.kr/upload/pfmPoster/PF_PF293135_260608_154812.gif","PF293135"
"웨딩 브레이커 [고령]","2026.06.19","2026.06.19","경북고령대가야문화누리 (구. 대가야국악당) (소공연장 (가야금홀) )","연극","","","만 13세 이상","1시간 30분","고령군청","공연완료","http://www.kopis.or.kr/upload/pfmPoster/PF_PF293132_260608_154131.jpg","PF293132"
"스위치 [대구]","2026.07.09","2026.08.30","문화예술전용극장CT (문화예술전용극장CT)","연극","","","만 13세 이상","1시간 40분","(주)비컨크리에이티브","공연중","http://www.kopis.or.kr/upload/pfmPoster/PF_PF293130_260608_153835.jpg","PF293130"
"화이트 노이즈 [대전]","2026.06.11","2026.06.13","대전 서구 관저문예회관 (대전 서구 관저문예회관)","연극","김은혁, 조경철, 이수아, 장은숙, 나윤주, 최승완, 최인수 등","한선덕, 김동림, 소희정 등","전체 관람가","1시간","극단 새벽 (대전), 극단 새벽 (대전)","공연완료","http://www.kopis.or.kr/upload/pfmPoster/PF_PF293124_260608_152545.gif","PF293124"
"여름엔 학산소극장! 하하하-행복하-show [인천]","2026.08.29","2026.08.29","학산소극장 (학산소극장)","연극","","","24개월 이상","50분","","공연예정","http://www.kopis.or.kr/upload/pfmPoster/PF_PF293118_260608_151646.jpg","PF293118"
"여름엔 학산소극장! 삼색이의 대모험 [인천]","2026.08.22","2026.08.22","학산소극장 (학산소극장)","연극","","","만 4세 이상","50분","","공연완료","http://www.kopis.or.kr/upload/pfmPoster/PF_PF293115_260608_151155.jpg","PF293115"
"제34회 젊은연극제, 흥해도 청춘 망해도 청춘","2026.07.03","2026.07.04","보라 아트홀(구. 지구인아트홀) (보라 아트홀(구. 지구인아트홀))","연극","김애리, 김수호, 구인영, 이수아, 백승덕, 정유정, 정국현 등","나석준, 주용필, 김수호 등","만 16세 이상","1시간 40분","동양대학교 공연영상학부","공연완료","http://www.kopis.or.kr/upload/pfmPoster/PF_PF293111_260608_150344.png","PF293111"
"국립청년극단, 헤파이스토스 로미오와 줄리엣 [원주]","2026.06.26","2026.06.28","태장공연장 (공연장)","연극","김빛나, 김윤서, 박상윤, 심효민, 윤방, 이서한, 이현우 등","신진호, 최태용, 김성구 등","만 7세 이상","1시간 30분","(재) 국립극단, (주)원앤원엔터테인먼트","공연완료","http://www.kopis.or.kr/upload/pfmPoster/PF_PF293104_260608_145135.jpg","PF293104"
"밀크레이프 해체주의","2026.06.17","2026.06.20","이화여자대학교 생활환경관 소극장 (이화여자대학교 생활환경관 소극장)","연극","박수영, 서채한, 김자령, 이주현","권정아, 박희원, 변시연 등","만 12세 이상","1시간","극단 나름, 극단 나름","공연완료","http://www.kopis.or.kr/upload/pfmPoster/PF_PF293092_260608_142456.gif","PF293092"
"경남도립극단, 오래된 사진 [김해]","2026.07.24","2026.07.24","김해서부문화센터 (하늬홀)","연극","정명심, 박서린, 김승기","장봉태, 김환일, 서해 등","만 7세 이상","1시간 50분","경상남도문화예술회관","공연완료","http://www.kopis.or.kr/upload/pfmPoster/PF_PF293079_260608_140231.gif","PF293079"
"제3회 G.G 청년연극페스티벌, 회전목마","2026.06.20","2026.06.21","한홀 소극장 (한홀 소극장)","연극","","","전체 관람가","1시간","극단 바오","공연완료","http://www.kopis.or.kr/upload/pfmPoster/PF_PF293077_260608_135510.jpg","PF293077"
"히든퍼즐 [대학로]","2026.06.30","2026.08.31","컬쳐씨어터(구. 휴먼시어터) (컬쳐씨어터(구. 휴먼시어터))","연극","남아진, 박정윤, 이나림, 최혜은, 권희대, 이슬마로, 정승진 등","신광희, 임성은, 김지석 등","만 13세 이상","1시간 20분","유머러스(유머러's), 유머러스(유머러's)","공연중","http://www.kopis.or.kr/upload/pfmPoster/PF_PF293074_260608_135000.gif","PF293074"
"딱지 [대구]","2026.06.26","2026.07.25","동아백화점 아트홀 (동아백화점 아트홀)","연극","김재권, 박범진, 정선현, 박나연","천정락, 전광우, 이종서 등","만 13세 이상","1시간","창작집단 진창","공연완료","http://www.kopis.or.kr/upload/pfmPoster/PF_PF293062_260608_132818.jpg","PF293062"
"백석동 13블럭 [고양]","2026.06.23","2026.06.28","13블럭 소극장 (공연장)","연극","장두현, 최지숙, 이민재, 김주현, 홍석현, 왕승권, 심재근 등","박세이, 정담비, 최현우 등","만 7세 이상","1시간 20분","13블럭 극단, 극단 모꼬지","공연완료","http://www.kopis.or.kr/upload/pfmPoster/PF_PF293039_260608_124718.png","PF293039"
"향교품바프렌즈 [대구]","2026.06.19","2026.06.21","예전아트센터 (예전아트센터)","연극","김영준, 김태석, 정영희, 김일명","이근삼, 김태석","만 15세 이상","1시간 10분","극단 예전","공연완료","http://www.kopis.or.kr/upload/pfmPoster/PF_PF293035_260608_123851.jpg","PF293035"
"플레이티켓 낭독쇼케이스, 한성전화소 1905","2026.06.18","2026.06.19","서울문화예술교육센터 강북 (예술당솔샘(2F))","연극","박하늘, 김호은, 정혜원, 양하임, 김한별, 정윤영, 한결 등","김장조, 한재훈, 김기원","만 13세 이상","1시간","","공연완료","http://www.kopis.or.kr/upload/pfmPoster/PF_PF293030_260608_122728.jpg","PF293030"
"제5회 연극 페스티벌, 오늘도 연극: 루나자에서 춤을 [경기 광주]","2026.06.07","2026.06.07","광주시문화예술의전당 (구. 남한산성아트홀) (맹사성홀)","연극","","이혁희, 김나연, 이기복 등","만 7세 이상","1시간 30분","","공연완료","http://www.kopis.or.kr/upload/pfmPoster/PF_PF293019_260608_114434.gif","PF293019"
"주인공 [서울]","2026.06.10","2026.06.14","다케이씨어터 (구. 창조소극장)  (다케이씨어터 (구. 창조소극장) )","연극","남윤성, 이재홍, 김미소, 김수연, 강민경, 손세빈, 김성영 등","이장훈","전체 관람가","1시간 30분","극단 에이팀","공연완료","http://www.kopis.or.kr/upload/pfmPoster/PF_PF293011_260608_112646.gif","PF293011"
"믿고 보는 하늘","2026.06.25","2026.06.25","성수 소극장(일루미 스튜디오) (성수 소극장(일루미 스튜디오))","연극","임규란, 이금정, 원서희","금우빈","만 13세 이상","1시간","바나나껍질","공연완료","http://www.kopis.or.kr/upload/pfmPoster/PF_PF292987_260608_103255.png","PF292987"
"대진대학교 연기예술학과, 모조인생","2026.06.11","2026.06.13","대진대학교 (예술관 스튜디오극장)","연극","이승조, 시우현, 전소현, 정종환, 김민선, 이진, 최은서 등","천쓰안, 홍영림, 황연희 등","만 15세 이상","2시간 20분","대진대학교 연기예술학과","공연완료","http://www.kopis.or.kr/upload/pfmPoster/PF_PF292977_260605_114409.jpg","PF292977"
"세컨드 액트 [춘천]","2026.07.04","2026.09.19","소극장 연극바보들 (소극장 연극바보들)","연극","고은미, 서찬양, 고샛별, 성유승, 강대준, 주호","장혁우, 최이현, 곽두성 등","만 12세 이상","55분","극단 무하","공연중","http://www.kopis.or.kr/upload/pfmPoster/PF_PF292975_260605_113408.jpg","PF292975"
"펜과 검","2026.07.02","2026.07.12","여행자극장 (여행자극장)","연극","경지은, 김주빈, 박진호, 송석근, 이진경","서동민, 박주영, 오승희 등","만 13세 이상","1시간 40분","기지","공연완료","http://www.kopis.or.kr/upload/pfmPoster/PF_PF292955_260605_103841.png","PF292955"
"우석훈 마임쇼: 오픈스튜디오 JUNE","2026.06.20","2026.06.21","쇼모스 스튜디오 (쇼모스 스튜디오)","연극","우석훈","","만 5세 이상","1시간 10분","","공연완료","http://www.kopis.or.kr/upload/pfmPoster/PF_PF292933_260605_095709.png","PF292933"
"제34회 젊은 연극제, 금전겁","2026.06.12","2026.06.13","보라 아트홀(구. 지구인아트홀) (보라 아트홀(구. 지구인아트홀))","연극","서수문, 유수이, 오택명, 당진뢰, 여결, 방룡비, 두비","두백의, 이광복, 두아정 등","만 15세 이상","1시간 30분","중국희곡학원","공연완료","http://www.kopis.or.kr/upload/pfmPoster/PF_PF292927_260604_155506.png","PF292927"
"제8회 페미니즘 연극제, 기다렸던 마법고양이의 구원","2026.07.02","2026.07.05","나온씨어터 (나온씨어터)","연극","배선희, 권은혜","강윤지, 홍유진, 임민정 등","만 15세 이상","1시간 20분","극단 Y, 페미니즘 연극제 운영위원회","공연완료","http://www.kopis.or.kr/upload/pfmPoster/PF_PF292922_260604_152250.gif","PF292922"
"돌아와요 미자씨 [대구]","2026.07.03","2026.08.30","아트벙커 (아트벙커)","연극","박인경, 이창건, 권성윤, 최예나","","만 9세 이상","1시간 30분","창작플레이","공연중","http://www.kopis.or.kr/upload/pfmPoster/PF_PF292920_260604_151331.gif","PF292920"
"일상 [김포]","2026.06.20","2026.06.20","제로윈아트홀 (제로윈아트홀)","연극","이정근, 박진","조은겨레, 홍민진, 윤인아 등","만 15세 이상","1시간 10분","극단 랍다","공연완료","http://www.kopis.or.kr/upload/pfmPoster/PF_PF292917_260604_150623.jpg","PF292917"
"제34회 젊은연극제, ACT","2026.06.12","2026.06.13","스튜디오 블루 (스튜디오 블루)","연극","히라바야시 코나츠, 마츠바라 유메키, 타니 유우고","야마다 마오, 타니 유우고, 요시자와 하루카 등","전체 관람가","1시간","","공연완료","http://www.kopis.or.kr/upload/pfmPoster/PF_PF292915_260604_150532.png","PF292915"
"꽃: 사라지며 피어나다 [춘천]","2026.06.25","2026.06.26","축제극장몸짓 (축제극장몸짓)","연극","유진규","","전체 관람가","1시간 1분","유진규 몸, 유진규 몸","공연완료","http://www.kopis.or.kr/upload/pfmPoster/PF_PF292904_260604_143930.gif","PF292904"
"ACC 렛츠플레이, 일장일딴 컬렉션: 광대의 줄 끝에서 그리고 정교한 기계장치 위에서 펼쳐지는 기발한 세계","2026.07.11","2026.07.12","국립아시아문화전당 (어린이극장)","연극","","","만 4세 이상","55분","","공연완료","http://www.kopis.or.kr/upload/pfmPoster/PF_PF292897_260604_142523.jpg","PF292897"
"제11회 늘푸른연극제, 황금용","2026.07.16","2026.07.19","서울연극창작센터 (서울씨어터 202 (5F) )","연극","이호성, 이윤표, 이슬비, 한정호, 조혜선","윤광진, 장은수, 박은혜 등","만 14세 이상","1시간 30분","(사)한국연극협회, 공연제작센터","공연완료","http://www.kopis.or.kr/upload/pfmPoster/PF_PF292892_260604_141813.jpg","PF292892"
"제34회 젊은연극제, 출세기","2026.06.09","2026.06.10","보라 아트홀(구. 지구인아트홀) (보라 아트홀(구. 지구인아트홀))","연극","금성욱, 김소윤, 김지아, 김진서, 김현기, 문선희, 박사랑 등","윤대성, 문경곤, 신서윤 등","만 12세 이상","1시간 20분","서일대학교 영화방송공연예술학과, 젊은 연극제 집행위원회","공연완료","http://www.kopis.or.kr/upload/pfmPoster/PF_PF292886_260604_140614.gif","PF292886"
"세탁소엔 붕어빵이 있다 [창원]","2026.06.20","2026.06.20","나비아트홀 (나비아트홀)","연극","주요한, 윤연경, 장종도, 손미나, 박재현, 정주연, 김미연","장종도, 김미연","만 13세 이상","","(사)극단 미소","공연완료","http://www.kopis.or.kr/upload/pfmPoster/PF_PF292880_260604_135830.png","PF292880"
"세컨드액트 [대학로]","2026.06.26","2026.06.28","대학로 무하아트센터 (2관(2F))","연극","고은미, 서찬양, 고샛별, 성유승, 강대준, 주호","장혁우, 최이현, 곽두성 등","만 12세 이상","55분","극단 무하, 극단 무하","공연완료","http://www.kopis.or.kr/upload/pfmPoster/PF_PF292876_260604_134627.jpg","PF292876"
"메멘토모리","2026.06.25","2026.06.28","소극장 플랫폼74 (소극장 플랫폼74)","연극","권도영, 김미정, 나승욱, 류혜연, 윤정우","김가람, 권정욱, 김예진 등","만 12세 이상","1시간 10분","룩컴퍼니(LOOK COMPANY)","공연완료","http://www.kopis.or.kr/upload/pfmPoster/PF_PF292874_260604_134542.jpeg","PF292874"
"시선 돌리기 프로젝트, 그 첫 번째: 꽁치구이","2026.07.08","2026.07.12","선돌극장 (선돌극장)","연극","이경성, 김구택, 송현섭","김승철, 공양제, 김성구 등","만 13세 이상","1시간","창작공동체 아르케","공연완료","http://www.kopis.or.kr/upload/pfmPoster/PF_PF292854_260604_130455.gif","PF292854"
"21세기 만무방들 [춘천]","2026.07.03","2026.07.04","아트팩토리 봄 (아트팩토리 봄)","연극","","","만 12세 이상","1시간","","공연완료","http://www.kopis.or.kr/upload/pfmPoster/PF_PF292851_260604_125805.jpg","PF292851"
"청운대학교 졸업공연, 밑바닥에서","2026.06.19","2026.06.20","비유아트홀(구. 효천아트센터 그라운드씬) (비유아트홀(구. 효천아트센터 그라운드씬))","연극","안우진, 신경탁, 김미정, 정민지, 이지용, 박지미, 최예진 등","윤현기, 황유설, 진경환 등","만 7세 이상","2시간 20분","청운대학교 연극예술학과","공연완료","http://www.kopis.or.kr/upload/pfmPoster/PF_PF292847_260604_125133.png","PF292847"
"제72회 순천시립극단 정기공연: 페드르","2026.06.19","2026.06.20","순천문화예술회관 (대극장)","연극","최보희, 문창주, 유현지, 박광재, 신세지, 이성호, 서수현 등","김지용, 전현미, 전진 등","만 13세 이상","2시간 40분","","공연완료","http://www.kopis.or.kr/upload/pfmPoster/PF_PF292840_260604_112441.jpg","PF292840"
"월요일도 공연있음","2026.06.09","2026.06.11","극장 동국 (극장 동국)","연극","이덕진, 권정택, 이혜지, 전규민, 양재희","김묘진, 선승수, 박해란 등","만 11세 이상","1시간 10분","극단 솔[연극], 극단 솔[연극]","공연완료","http://www.kopis.or.kr/upload/pfmPoster/PF_PF292832_260604_105417.gif","PF292832"
"춘천연극 예술축제, 백조의 노래: 춘천","2026.06.22","2026.06.23","소극장 존(ZONE) (소극장 존(ZONE))","연극","김경태, 김지희, 이상호, 심상민","용선중, 홍민정, 손기주 등","전체 관람가","1시간","(사) 한국연극협회 춘천시지부, 극단 ART-3씨어터(아트쓰리씨어터)","공연완료","http://www.kopis.or.kr/upload/pfmPoster/PF_PF292825_260604_103512.gif","PF292825"
"사랑에 빠지기까지 D-100 (사빠디) [문경]","2026.06.12","2026.06.13","문경문화예술회관 (문희아트홀)","연극","","","만 13세 이상","","","공연완료","http://www.kopis.or.kr/upload/pfmPoster/PF_PF292820_260604_102543.jpg","PF292820"
"제8회 놀터청년페스티벌, 인포커스","2026.07.01","2026.07.05","놀터예술공방 (놀터예술공방)","연극","이선재, 조경빈, 황종민, 이정선, 박은도, 차성규, 원금조 등","이동근, 윤차영, 이선재 등","만 12세 이상","1시간 20분","극단 놀터, 창작단 손님선","공연완료","http://www.kopis.or.kr/upload/pfmPoster/PF_PF292817_260604_101557.gif","PF292817"
"지킬 앤 하이드 [대학로]","2026.06.12","2026.08.23","링크더스페이스(LINK THE SPACE) (2관)","연극","신의정, 최연우, 전성민, 장보람","김태우, 이재은, 이준우 등","만 13세 이상","1시간 25분","(주) 글림아티스트, (주) 글림아티스트, 주식회사 젬스톤이앤엠, 주식회사 젬스톤이앤엠","공연완료","http://www.kopis.or.kr/upload/pfmPoster/PF_PF292810_260602_144803.jpg","PF292810"
"제34회 젊은연극제, 매니큐어","2026.06.24","2026.06.24","한예극장 (한예극장)","연극","강민하, 곽민우, 김권혁, 김서연, 김예진, 김은별, 김태현 등","박하늘, 정훈채, 양정민 등","만 16세 이상","2시간","청운대학교 연극예술학과","공연완료","http://www.kopis.or.kr/upload/pfmPoster/PF_PF292807_260602_142248.jpeg","PF292807"
"제34회 젊은연극제, 만약 내가 진짜라면","2026.06.09","2026.06.10","스튜디오 블루 (스튜디오 블루)","연극","남효린, 임경원, 권용은, 최정윤, 박현지, 김초윤, 김유나 등","구윤채, 황태선, 송선미 등","만 13세 이상","1시간 40분","대경대학교 연기예술과","공연완료","http://www.kopis.or.kr/upload/pfmPoster/PF_PF292805_260602_141438.gif","PF292805"
"제34회 젊은 연극제, 날개 달린 두약","2026.06.17","2026.06.18","한예극장 (한예극장)","연극","권혁준, 김서빈, 김필근, 김형빈, 노형준, 박지우, 송나연 등","박형기, 고다현, 김진주 등","만 7세 이상","1시간 30분","","공연완료","http://www.kopis.or.kr/upload/pfmPoster/PF_PF292803_260602_140601.gif","PF292803"
"제34회 젊은연극제, 버스정류장","2026.06.26","2026.06.27","공간아울 (공간아울)","연극","김태훈, 박다봄, 이더투야 아즈자야, 윤성은, 장설아, 전영진, 정예나","김재석, 정예나, 신은철 등","만 13세 이상","1시간 20분","세명대학교 연기예술학과","공연완료","http://www.kopis.or.kr/upload/pfmPoster/PF_PF292802_260602_140346.png","PF292802"
"제34회 젊은연극제, 회란기","2026.06.20","2026.06.21","한예극장 (한예극장)","연극","유수아, 안준모, 이가연, 이정우, 남채린, 권경민, 박건환 등","공응구, 황승현, 노은미 등","만 13세 이상","1시간 30분","","공연완료","http://www.kopis.or.kr/upload/pfmPoster/PF_PF292801_260602_140345.png","PF292801"
"person: A, The Veil (더 베일)","2026.06.05","2026.06.14","서강대 메리홀 (소극장)","연극","박지현, 박지원","김다현, 현대원, 유성윤 등","만 13세 이상","1시간","","공연완료","http://www.kopis.or.kr/upload/pfmPoster/PF_PF292800_260602_135545.png","PF292800"
"제34회 젊은연극제, 낙타상자","2026.06.30","2026.07.01","스튜디오 블루 (스튜디오 블루)","연극","김무성, 박해림, 장한나, 박현호, 문성빈, 주재성, 홍예준 등","박범찬, 유지수, 정지은 등","만 13세 이상","1시간 30분","수원대학교 아트앤엔터테인먼트학부 연기예술전공","공연완료","http://www.kopis.or.kr/upload/pfmPoster/PF_PF292797_260602_135136.jpg","PF292797"
"제34회 젊은연극제, 모조인생","2026.07.01","2026.07.02","NC문화재단 홀 (NC문화재단 홀)","연극","이승주, 시우현, 전소현, 정종환, 김민선, 이진, 최은서 등","황연희, 안정민, 고신일 등","만 14세 이상","2시간 20분","대진대학교 연기예술학과","공연완료","http://www.kopis.or.kr/upload/pfmPoster/PF_PF292794_260602_134609.png","PF292794"
"제34회 젊은연극제, 모조인생","2026.06.10","2026.06.11","NC문화재단 홀 (NC문화재단 홀)","연극","김승현, 조은상, 김준태, 이상훈, 권수아, 유다비, 황준하 등","이정재, 김채민, 유승혁 등","만 13세 이상","1시간 40분","","공연완료","http://www.kopis.or.kr/upload/pfmPoster/PF_PF292791_260602_134407.png","PF292791"
"국립극단, 스카팽 [화성]","2026.11.20","2026.11.22","화성예술의전당 (동탄아트홀)","연극","","임도완","만 7세 이상","2시간","(재) 국립극단, (재) 화성시문화관광재단","공연예정","http://www.kopis.or.kr/upload/pfmPoster/PF_PF292790_260602_133415.gif","PF292790"
"오늘부터 맑음 [전주]","2026.05.02","2026.07.25","김영오 아트센터 (김영오 아트센터)","연극","홍정은, 진시라, 정윤경 등","정찬호, 조은아, 정준영 등","만 7세 이상","1시간 5분","김영오공연예술기획, 김영오공연예술기획","공연완료","http://www.kopis.or.kr/upload/pfmPoster/PF_PF292788_260602_132750.gif","PF292788"
"연평연가: 평화를 이어가는 사랑의 노래 [대학로]","2026.07.29","2026.08.02","드림시어터 [대학로] (소극장)","연극","오인순, 이병철, 엄태준, 이은설, 정하늘, 류시현, 박윤 등","김정선, 진정하, 강태경 등","만 12세 이상","1시간 40분","예술나루","공연완료","http://www.kopis.or.kr/upload/pfmPoster/PF_PF292785_260602_131919.gif","PF292785"
"person: A, 피핑 톰 (Peeping Tom)","2026.06.05","2026.06.14","서강대 메리홀 (소극장)","연극","안태호, 조재성","박준희, 현대원, 유성윤 등","만 13세 이상","1시간","","공연완료","http://www.kopis.or.kr/upload/pfmPoster/PF_PF292784_260602_131918.png","PF292784"
"웃으면 장수하리 [하동]","2026.06.18","2026.06.18","하동문화예술회관 (대공연장)","연극","","","만 11세 이상","1시간","","공연완료","http://www.kopis.or.kr/upload/pfmPoster/PF_PF292767_260602_113034.jpg","PF292767"
"제4회 G·G청년연극페스티벌 in 하남, Dear: 친애하는 당신에게","2026.06.27","2026.06.28","한홀 소극장 (한홀 소극장)","연극","최준영, 김인혜, 최유진, 이소담, 유민혜, 한정호","김승연, 김지원, 서상현","만 7세 이상","1시간 10분","극단 함박","공연완료","http://www.kopis.or.kr/upload/pfmPoster/PF_PF292760_260602_110945.jpg","PF292760"
"악몽: 카페인에 취해 미쳐버린 조보우씨","2026.06.24","2026.06.28","성미산마을극장 향 (성미산마을극장 향)","연극","박성민, 임영민, 현정하, 선유영, 조보우","조보우, 안현정, 백주희 등","만 14세 이상","1시간 30분","극단 공존","공연완료","http://www.kopis.or.kr/upload/pfmPoster/PF_PF292752_260602_104854.gif","PF292752"
"리타 길들이기 (Educating Rita) [대구]","2026.09.09","2026.09.09","아양아트센터 (아양홀)","연극","조혜련, 류태호","손남목, 고요셉, 구찬영 등","만 13세 이상","1시간 50분","(주)조이컬쳐스, 고도예술기획, 극단 두레, 안녕컴퍼니","공연예정","http://www.kopis.or.kr/upload/pfmPoster/PF_PF292751_260602_104854.jpg","PF292751"
"세상 참 예쁜 오드리 [대학로]","2026.07.01","2026.07.19","드림시어터 [대학로] (소극장)","연극","김경란, 정애연, 도은우, 원성준, 김민아, 한지우, 이서희 등","정시연, 이영국, 이효숙 등","만 7세 이상","1시간 30분","브릿지제이","공연완료","http://www.kopis.or.kr/upload/pfmPoster/PF_PF292735_260602_101515.gif","PF292735"
"어바웃타임 [대학로]","2026.07.03","2026.07.05","성균소극장 (성균소극장)","연극","김윤식, 이슬기, 홍채현, 박범석","","만 9세 이상","1시간 30분","(주)플레이더부산, (주)플레이더부산","공연완료","http://www.kopis.or.kr/upload/pfmPoster/PF_PF292732_260602_101013.jpg","PF292732"
"별은 낮에도 있다 [대학로]","2026.06.04","2026.08.02","광복극장 (광복극장(B1))","연극","서도민, 김기헌, 신하늘, 이해준, 조정윤, 김고은, 노송민 등","문민형, 신하늘, 송기혜 등","만 12세 이상","1시간 50분","썬문스타, 쿰 엔터테인먼트(KOOM ENTERTAINMENT)","공연완료","http://www.kopis.or.kr/upload/pfmPoster/PF_PF292727_260601_165551.gif","PF292727"
"제34회 젊은연극제, 죽음 혹은 아님","2026.06.30","2026.07.01","보라 아트홀(구. 지구인아트홀) (보라 아트홀(구. 지구인아트홀))","연극","엄채영, 허성현, 이유미, 박은지, 김진우, 차지민, 김민지 등","이철호, 손무형, 김지민 등","만 13세 이상","1시간 40분","인천대학교 공연예술학과","공연완료","http://www.kopis.or.kr/upload/pfmPoster/PF_PF292726_260601_164112.gif","PF292726"
"제34회 젊은연극제, 썬샤인의 전사들","2026.06.19","2026.06.21","국민대학교 예술대학 (소극장 (블랙박스 씨어트) )","연극","지주현, 서고은, 김채은, 이서준, 박준성, 최진우, 이은영 등","허진, 이서준, 김민재 등","만 16세 이상","3시간 5분","국민대학교 공연예술학부 연극전공","공연완료","http://www.kopis.or.kr/upload/pfmPoster/PF_PF292724_260601_162556.jpeg","PF292724"
"제34회 젊은연극제, 푸르른 날에","2026.07.03","2026.07.04","스튜디오 블루 (스튜디오 블루)","연극","이상빈, 이재승, 임세연, 진서희, 백승환, 양유석, 김민정 등","김성태, 이서진, 정윤서 등","만 12세 이상","2시간","호원대학교 공연미디어학부","공연완료","http://www.kopis.or.kr/upload/pfmPoster/PF_PF292723_260601_162305.png","PF292723"
"제34회 젊은연극제, 실종","2026.06.26","2026.06.28","스튜디오 블루 (스튜디오 블루)","연극","김훈, 이성현, 김주미, 김다혜, 문윤기, 최희성, 김수아 등","김동현, 이아람, 상현승 등","만 7세 이상","1시간 10분","젊은 연극제 집행위원회, 평택대학교 연극영화과","공연완료","http://www.kopis.or.kr/upload/pfmPoster/PF_PF292710_260602_142432.gif","PF292710"
"제34회 젊은 연극제, 고장 난 로봇은 사랑이 궁금하다","2026.06.21","2026.06.22","보라 아트홀(구. 지구인아트홀) (보라 아트홀(구. 지구인아트홀))","연극","안효민, 송준의, 최유진, 김유신, 김규리","김태희, 문예린, 석수연 등","만 7세 이상","40분","젊은 연극제 집행위원회, 중부대학교 연극영화학전공","공연완료","http://www.kopis.or.kr/upload/pfmPoster/PF_PF292709_260601_154211.gif","PF292709"
"제34회 젊은연극제, 하얀 역병","2026.06.30","2026.06.30","공간아울 (공간아울)","연극","유채원, 서민주, 신주희, 엄채원, 김혜빈, 이여솔, 김예성 등","김서연, 김수희, 신유림 등","만 13세 이상","2시간","동서울대학교 연기예술학과","공연완료","http://www.kopis.or.kr/upload/pfmPoster/PF_PF292708_260601_153500.gif","PF292708"
"제34회 젊은연극제, 12인의 성난 사람들","2026.06.18","2026.06.19","스튜디오 블루 (스튜디오 블루)","연극","권헌진, 정민혁, 문채현, 전제민, 왕보경, 박하영, 하희라 등","김나연, 유하영, 오세아 등","만 13세 이상","1시간 40분","예원예술대학교 공연예술연구소","공연완료","http://www.kopis.or.kr/upload/pfmPoster/PF_PF292706_260601_153149.png","PF292706"
"제34회 젊은연극제, 프로크루스테스","2026.06.18","2026.06.19","보라 아트홀(구. 지구인아트홀) (보라 아트홀(구. 지구인아트홀))","연극","이은빈, 황인태, 최준기, 한성민, 김신비, 최다연, 이건희","정수연, 주지희, 이승복 등","만 12세 이상","1시간 20분","젊은 연극제 집행위원회","공연완료","http://www.kopis.or.kr/upload/pfmPoster/PF_PF292705_260601_152634.gif","PF292705"
"기다림: attendez","2026.06.18","2026.06.21","연희예술극장 (연희예술극장)","연극","이지민, 신승현, 김리원, 우민정, 남궁설, 박해인, 이산 등","김한비, 오수진, 이재의 등","만 13세 이상","1시간 40분","극단 선언","공연완료","http://www.kopis.or.kr/upload/pfmPoster/PF_PF292703_260601_152559.gif","PF292703"
"사프란 [창원]","2026.06.03","2026.07.19","사랑새아트홀 (사랑새아트홀)","연극","현승윤, 장은영, 최미정","김정민","만 9세 이상","1시간 30분","극단 인우, 극단 인우, 사랑새컴퍼니, 사랑새컴퍼니","공연완료","http://www.kopis.or.kr/upload/pfmPoster/PF_PF292702_260601_152318.png","PF292702"
"제34회 젊은연극제, 썸데이즈","2026.06.20","2026.06.21","열린극장 (열린극장)","연극","김민석, 김소희, 김인기, 박시은, 백정운, 신익환, 신지연 등","박아인, 장진주, 지수아 등","만 13세 이상","2시간","유한대학교 방송연예전공","공연완료","http://www.kopis.or.kr/upload/pfmPoster/PF_PF292701_260601_152116.jpg","PF292701"
"오해 [대학로]","2026.06.13","2026.06.14","소극장 공유 (소극장 공유)","연극","한소희, 김혜은, 문성호, 손예원, 정성진","이양우, 김혜은, 노현서 등","만 13세 이상","1시간 30분","극단 숨, 창작집단 결","공연완료","http://www.kopis.or.kr/upload/pfmPoster/PF_PF292699_260601_151759.gif","PF292699"
"넌 모르는 이야기","2026.07.01","2026.07.05","후암스테이지 (후암스테이지 (구. 마라카 3관, 오씨어터))","연극","박성범, 이주현, 김강석, 김민지, 오영민, 정진수, 김규리","김이환, 주소형, 김영주 등","만 17세 이상","1시간 40분","극단 매생, 극단 매생, 아트인셉션","공연완료","http://www.kopis.or.kr/upload/pfmPoster/PF_PF292698_260601_151428.gif","PF292698"
"Grand Soft Day [평택]","2026.08.01","2026.08.01","평택시북부문예회관 (소공연장)","연극","","","만 3세 이상","45분","(재)평택시문화재단","공연완료","http://www.kopis.or.kr/upload/pfmPoster/PF_PF292696_260601_151045.jpg","PF292696"
"일물: 사도세자 [당진]","2026.07.18","2026.07.18","당진문예의전당 (대공연장)","연극","최광남, 석애영, 전경희, 김대종, 김승주, 신여경, 남승화 등","김태원, 김민정, 김관 등","만 7세 이상","1시간 30분","극단 천안, 극단 천안, 해나루공연예술","공연완료","http://www.kopis.or.kr/upload/pfmPoster/PF_PF292695_260601_151044.jpg","PF292695"
"제34회 젊은연극제, 소년 B가 사는 집","2026.06.24","2026.06.25","스튜디오 블루 (스튜디오 블루)","연극","신지원, 박미르, 정지호, 이채원, 김보민, 박종호, 김서현","박지우, 김세은, 배명선 등","만 11세 이상","1시간 30분","전주대학교 공연방송연기학과","공연완료","http://www.kopis.or.kr/upload/pfmPoster/PF_PF292693_260601_150814.png","PF292693"
"다시, 민들레 [옥천]","2026.08.27","2026.08.27","옥천문화예술회관 (옥천문화예술회관)","연극","문창완, 박선혜, 오영석, 정수현","박춘근, 하동기, 도상민 등","만 7세 이상","1시간 30분","충북도립극단","공연예정","http://www.kopis.or.kr/upload/pfmPoster/PF_PF292692_260601_150612.jpg","PF292692"
"거기 누구요? [대학로]","2026.07.15","2026.07.19","종로아이들극장 (종로아이들극장)","연극","","","36개월 이상","50분","아라리프로덕션((주)아라리), 아라리프로덕션((주)아라리)","공연완료","http://www.kopis.or.kr/upload/pfmPoster/PF_PF292690_260601_145707.gif","PF292690"
"다녀왔습니다 [서울]","2026.07.07","2026.07.12","소극장 성북오름 (소극장 성북오름)","연극","조용건, 김희정, 손보영, 정윤희, 하정혜, 구예지, 지석주 등","김민정, 김종원, 김경수 등","만 7세 이상","1시간 40분","극단 불씨촌, 극단 불휘, 소극장 빨간객석","공연완료","http://www.kopis.or.kr/upload/pfmPoster/PF_PF292689_260629_111734.gif","PF292689"
"제34회 젊은연극제, 증인","2026.06.23","2026.06.23","백석예술대학교 (백석소극장)","연극","강민수, 조수빈, 양수아, 권명훈, 김민정, 김소율, 이승은 등","이나라, 김민정, 이호웅 등","만 13세 이상","50분","백석예술대학교 연기과","공연완료","http://www.kopis.or.kr/upload/pfmPoster/PF_PF292681_260601_144340.png","PF292681"
"제34회 젊은연극제, 페임","2026.06.26","2026.06.27","숭의여자대학교 (음악당)","연극","강은수, 손예서, 이서연, 이수빈, 김아영, 유재연, 이유담 등","이현지, 박시은, 강은수 등","만 13세 이상","2시간 30분","숭의여자대학교 연기예술과","공연완료","http://www.kopis.or.kr/upload/pfmPoster/PF_PF292674_260601_143309.jpg","PF292674"
"아이를 위한 나라는 없다","2026.06.25","2026.07.05","업스테이지 (UP Stage) (업스테이지 (UP Stage) )","연극","고은별, 김민직, 김유정, 김은진, 류광현, 안주연, 오예진 등","변광섭, 최지원","만 13세 이상","1시간 15분","야시극장, 야시극장","공연완료","http://www.kopis.or.kr/upload/pfmPoster/PF_PF292671_260601_142458.gif","PF292671"
"미호제작소 사계절 여행연극 시리즈 #여름: 달빛을 먹는 사람들","2026.06.26","2026.07.04","성북마을극장 (성북마을극장)","연극","김노진, 한라엘, 손윤필, 이기창, 한주원","한은혜, 정영진, 원지훈 등","만 15세 이상","1시간","미호제작소(Meeho Works), 미호제작소(Meeho Works)","공연완료","http://www.kopis.or.kr/upload/pfmPoster/PF_PF292670_260601_142457.gif","PF292670"
"제34회 젊은연극제, 산불","2026.06.15","2026.06.16","스튜디오 블루 (스튜디오 블루)","연극","김도예, 김도연, 김서령, 김하은, 김현정, 배수현, 서혜종 등","정혜원, 김희라, 조수빈 등","만 12세 이상","1시간 40분","수원여자대학교 연기영상과","공연완료","http://www.kopis.or.kr/upload/pfmPoster/PF_PF292667_260601_141649.png","PF292667"
"제34회 젊은 연극제, 아프락사스","2026.06.17","2026.06.18","NC문화재단 홀 (NC문화재단 홀)","연극","조민형, 문소원, 최다영, 장한울, 구본우, 최효광, 양재호 등","홍세영, 이요원, 정소민 등","만 15세 이상","1시간 30분","경민대학교 연기예술학과, 젊은 연극제 집행위원회","공연완료","http://www.kopis.or.kr/upload/pfmPoster/PF_PF292666_260601_141648.gif","PF292666"
"제34회 젊은연극제, 붉은 낙엽","2026.06.21","2026.06.22","스튜디오 블루 (스튜디오 블루)","연극","강남형, 안희준, 손지민, 김윤성, 정동재, 박정재, 서태민 등","김도영, 이준우, 양우진 등","만 13세 이상","2시간 5분","가천대학교 연기예술학과","공연완료","http://www.kopis.or.kr/upload/pfmPoster/PF_PF292659_260601_135954.jpg","PF292659"
"모두가 이상하다","2026.06.19","2026.06.21","소극장 창덕궁 (소극장 창덕궁)","연극","장용익, 백진휘, 김설빈, 서영은, 김상우, 강동화, 이득규 등","김재윤, 백진휘, 이주희 등","만 16세 이상","1시간 40분","사회인연극집단 선인장(극단 선인장)","공연완료","http://www.kopis.or.kr/upload/pfmPoster/PF_PF292647_260601_133714.png","PF292647"
"적벽대전 [대전]","2026.06.24","2026.07.16","별별마당 우금치 (관용극장)","연극","이주행, 김황식, 성장순, 이신애, 임창숙, 이광백, 김시현 등","류기형, 박지헌, 김영진 등","만 7세 이상","1시간 20분","(사)마당극패 우금치","공연완료","http://www.kopis.or.kr/upload/pfmPoster/PF_PF292645_260601_133206.jpg","PF292645"
"깜빡도깨비야 같이 놀자 [울산]","2026.06.06","2026.07.11","레미어린이극장 [울산진장] (레미어린이극장 [울산진장])","연극","","","전체 관람가","50분","","공연완료","http://www.kopis.or.kr/upload/pfmPoster/PF_PF292638_260601_131919.jpg","PF292638"
"섬 집 엄마","2026.06.26","2026.06.28","작은극장 다함 (작은극장 다함)","연극","김정아, 이훈희, 이지은, 정은지, 이건희, 이빛나","김정아, 정은지, 김승진 등","전체 관람가","1시간","달다방 프로젝트, 달다방 프로젝트, 작은극장 다함","공연완료","http://www.kopis.or.kr/upload/pfmPoster/PF_PF292636_260601_131427.jpg","PF292636"
"천방지축 강심장 [광주 광산]","2026.06.12","2026.06.13","광산문화예술회관 (공연장)","연극","최윤석, 소지원, 박태영, 김은숙, 박미강, 정성훈, 김은비 등","김보람, 김호준, 박은비 등","전체 관람가","1시간","예락","공연완료","http://www.kopis.or.kr/upload/pfmPoster/PF_PF292630_260601_130614.jpg","PF292630"
"제47회 서울연극제, 죽으러 왔습니다","2026.06.17","2026.06.28","미마지아트센터 (물빛극장)","연극","선종남, 이선영, 이규태, 차병호, 양한슬, 김보민","김진선, 박지연, 김채윤 등","만 12세 이상","1시간 20분","극단 RM컴퍼니, 극단 아츠플레이本(아츠플레이본)","공연완료","http://www.kopis.or.kr/upload/pfmPoster/PF_PF292622_260601_123950.jpg","PF292622"
"제34회 젊은연극제, 청사과","2026.06.23","2026.06.24","후암스테이지 (후암스테이지 (구. 마라카 3관, 오씨어터))","연극","허민서, 박효준, 강지숙, 배시은, 한수민, 김서화, 장이정 등","김윤지, 지혜인, 이상재 등","만 12세 이상","1시간 30분","젊은 연극제 집행위원회, 호서대학교","공연완료","http://www.kopis.or.kr/upload/pfmPoster/PF_PF292613_260601_113651.gif","PF292613"
"입국심사","2026.07.18","2026.07.26","서강대 메리홀 (대극장)","연극","장재호, 이정미, 이나리","하수민, 이성곤, 심지후 등","만 13세 이상","1시간 40분","이야기기획단 시작과 끝, 즉각반응","공연완료","http://www.kopis.or.kr/upload/pfmPoster/PF_PF292602_260601_111059.gif","PF292602"
"우리 아빠는 요양원 아이돌 [인천]","2026.07.01","2026.07.04","계양문화회관 (대공연장)","연극","신황철, 이시은, 김태원, 조수민","이명노, 신명애, 황성화 등","전체 관람가","1시간 10분","창작집단 여름밤","공연완료","http://www.kopis.or.kr/upload/pfmPoster/PF_PF292599_260601_110630.gif","PF292599"
"동백당: 빵집의 사람들 [김포]","2026.06.27","2026.06.27","김포아트홀 (김포아트홀)","연극","박윤정, 황세원, 서미영, 윤일식, 백혜리, 민경준, 김희창 등","진주, 김희영, 이정화 등","만 7세 이상","2시간 50분","(재)김포문화재단, 프로덕션IDA","공연완료","http://www.kopis.or.kr/upload/pfmPoster/PF_PF292598_260601_110629.gif","PF292598"
"가장 보통의 정원 [대구]","2026.06.26","2026.06.28","몬스터즈 크래프트 비어 (몬스터즈 크래프트 비어)","연극","리다해, 이승희, 이기영, 장용석, 고종민","이조훈","만 16세 이상","1시간 20분","(주)훈프로","공연완료","http://www.kopis.or.kr/upload/pfmPoster/PF_PF292597_260601_110350.jpg","PF292597"
"가장 보통의 정원 [광주]","2026.06.19","2026.06.21","BHC 27번가 갤러리 [광주] (BHC 27번가 갤러리)","연극","리다해, 이승희, 이기영, 장용석, 김민수, 고종민","이조훈, 서홍석, 김성일 등","만 16세 이상","1시간 20분","","공연완료","http://www.kopis.or.kr/upload/pfmPoster/PF_PF292596_260601_110349.jpg","PF292596"
"히로시마 메시지 [부산]","2026.06.11","2026.08.15","효로인디아트홀 (효로소극장)","연극","유미희, 변현주, 이현식, 전상미, 정선욱, 김다애, 송아린 등","이성민, 조익래, 양경웅 등","만 15세 이상","1시간 50분","극단 새벽 (부산), 효로인디넷","공연완료","http://www.kopis.or.kr/upload/pfmPoster/PF_PF292595_260601_110027.jpg","PF292595"
"정주행 프로젝트, 헤다 가블러","2026.07.08","2026.07.12","브로일링커피 강동점 (브로일링커피 강동점)","연극","박은진, 김효민, 이현지, 신윤재, 문영섭","이정주, 박강원","만 16세 이상","1시간 20분","","공연완료","http://www.kopis.or.kr/upload/pfmPoster/PF_PF292579_260601_102922.png","PF292579"
"빨간도깨비","2026.06.25","2026.06.28","연희예술극장 (연희예술극장)","연극","김윤오, 정세인, 유영은, 이관우","김미희, 손현우, 박현숙 등","만 15세 이상","1시간 50분","프로젝트 몰입, 프로젝트 몰입","공연완료","http://www.kopis.or.kr/upload/pfmPoster/PF_PF292572_260529_181832.gif","PF292572"
"동백당; 빵집의 사람들","2026.07.03","2026.07.05","한국콘텐츠진흥원 CKL스테이지 (한국콘텐츠진흥원 CKL스테이지)","연극","황세원, 박윤정, 윤일식, 서미영, 백혜리, 강유미, 김희창 등","김희영, 박상봉, 김성구 등","만 7세 이상","2시간 50분","주식회사 코스타, 프로덕션IDA","공연완료","http://www.kopis.or.kr/upload/pfmPoster/PF_PF292564_260529_180210.gif","PF292564"
"닫힌 문 [용인]","2026.05.29","2026.05.31","용인문화예술원 (마루홀)","연극","신서진, 이희찬, 권유정, 강경완, 임윤덕, 신낙원, 박승우","","만 13세 이상","1시간 10분","(재)용인문화재단","공연완료","http://www.kopis.or.kr/upload/pfmPoster/PF_PF292555_260529_174931.jpg","PF292555"
"굴 [서울]","2026.07.01","2026.07.12","하땅세극장 (하땅세극장1 (지하))","연극","고은별, 박광선, 김승태, 김예진, 황호찬, 백상민, 이지연 등","이명우, 김옥란, 김예린 등","만 15세 이상","1시간 40분","극단 하땅세(하땅세 극장), 극단 하땅세(하땅세 극장)","공연완료","http://www.kopis.or.kr/upload/pfmPoster/PF_PF292553_260605_160956.gif","PF292553"
"춘천연극 예술축제: 덴동어미뎐, 그 오래된 이야기 [춘천]","2026.06.20","2026.06.21","춘천인형극장 (춘천인형극장)","연극","추보경, 이은주, 제성심, 최승미, 이은혜, 서상연, 이정화 등","김미아, 홍민정, 안형국 등","만 13세 이상","1시간 30분","(사) 한국연극협회 춘천시지부","공연완료","http://www.kopis.or.kr/upload/pfmPoster/PF_PF292550_260529_173536.gif","PF292550"
"제34회 젊은 연극제, 오이디푸스 왕","2026.06.28","2026.06.28","NC문화재단 홀 (NC문화재단 홀)","연극","강민석, 이은서, 신수민, 강민국, 선가인, 김한글, 김민선 등","김도은, 신수민, 이상휴 등","만 13세 이상","1시간","동신대학교 뮤지컬실용음악학과","공연완료","http://www.kopis.or.kr/upload/pfmPoster/PF_PF292533_260529_143517.jpg","PF292533"
"제34회 젊은 연극제, 모두가 나의 아들","2026.06.15","2026.06.16","보라 아트홀(구. 지구인아트홀) (보라 아트홀(구. 지구인아트홀))","연극","권동빈, 임승민, 배지우, 백채림, 채준기, 김태완, 박현아 등","김범수, 김태완, 최지예 등","전체 관람가","2시간 20분","순천향대학교 공연영상학과","공연완료","http://www.kopis.or.kr/upload/pfmPoster/PF_PF292532_260529_142451.jpg","PF292532"
"제34회 젊은 연극제, 한여름 밤의 꿈","2026.06.23","2026.06.24","공간아울 (공간아울)","연극","김가은, 김한결, 박예진, 박정훈, 송영하, 유수림, 이인구 등","박소영, 김민진, 김진성 등","만 12세 이상","2시간","인하대학교 연극영화학과","공연완료","http://www.kopis.or.kr/upload/pfmPoster/PF_PF292531_260529_172541.gif","PF292531"
"제34회 젊은연극제, King Lear: 3 Things (Nothing, Something, Everything)","2026.06.12","2026.06.13","정화예술대학교 대학로캠퍼스 정화1관 (대강당)","연극","부권영, 천은재, 김선하, 이윤하, 추다현, 곽수정, 김예진 등","김다혜, 조아현, 최다정 등","만 7세 이상","1시간 40분","정화예술대학교 융합예술학부 연기전공","공연완료","http://www.kopis.or.kr/upload/pfmPoster/PF_PF292530_260529_140904.jpg","PF292530"
"환상공간 [대학로]","2026.06.12","2026.06.13","아르코 꿈밭극장 (아르코꿈밭극장)","연극","김정국, 김정현, 박상범, 박현선, 오윤정, 오종우, 장유경 등","손진영, 박성찬, 김종석 등","36개월 이상","1시간 10분","창작집단 싹","공연완료","http://www.kopis.or.kr/upload/pfmPoster/PF_PF292529_260529_140152.png","PF292529"
"노인의 꿈 [제주]","2026.06.27","2026.06.27","서귀포예술의전당 (대극장)","연극","김영옥, 신은정, 남경읍, 윤희석, 윤봄, 박채린","성종완, 민찬홍, 배선애 등","만 7세 이상","1시간 45분","서귀포예술의전당","공연완료","http://www.kopis.or.kr/upload/pfmPoster/PF_PF292527_260529_134829.jpg","PF292527"
"국립어린이 청소년극단, 노란 달 [대구]","2026.07.24","2026.07.25","수성아트피아 (대극장 (대공연장) )","연극","김하람, 이동혁, 홍지인, 황순미","토니 그래함, 이인수, 김태섭 등","만 11세 이상","1시간 30분","","공연완료","http://www.kopis.or.kr/upload/pfmPoster/PF_PF292524_260529_133041.jpg","PF292524"
"제34회 젊은연극제, 사천리부트: 선인테스트","2026.06.19","2026.06.20","국제예술대학교 아트센터 (공연장)","연극","권나영, 김동욱, 김미진, 김민성, 김새아, 김소윤, 김시은 등","이경미, 이경국, 박근형 등","만 16세 이상","1시간 50분","국제예술대학교 연기예술학과","공연완료","http://www.kopis.or.kr/upload/pfmPoster/PF_PF292520_260529_131002.jpeg","PF292520"
"제34회 젊은연극제, 겨울이야기","2026.06.26","2026.06.27","후암스테이지 (후암스테이지 (구. 마라카 3관, 오씨어터))","연극","이승훈, 박솔비, 김나원, 도희선, 김성윤, 이지원, 이한결 등","김혜진, 김은혜, 김린하 등","만 7세 이상","1시간 50분","디지털서울문화예술대학교 연극영화학과","공연완료","http://www.kopis.or.kr/upload/pfmPoster/PF_PF292517_260529_130510.png","PF292517"
"제34회 젊은연극제, 우리읍내","2026.07.02","2026.07.03","공간아울 (공간아울)","연극","박하연, 신현택, 오새롬, 조하민, 예재빈, 고은수, 손유진 등","이소희, 김예원, 고은우 등","만 7세 이상","1시간 30분","한동대학교 공연영상전공","공연완료","http://www.kopis.or.kr/upload/pfmPoster/PF_PF292515_260529_130254.jpg","PF292515"
"제34회 젊은연극제, 스카팽의 간계","2026.06.27","2026.06.28","보라 아트홀(구. 지구인아트홀) (보라 아트홀(구. 지구인아트홀))","연극","이민호, 김다운, 서민기, 김민식, 서정, 이세종, 김민수 등","김예원, 이세종, 정유정 등","전체 관람가","1시간 20분","안양대학교 공연예술학과","공연완료","http://www.kopis.or.kr/upload/pfmPoster/PF_PF292514_260529_173720.gif","PF292514"
"발굴되지 않은 언어의 고통","2026.06.26","2026.06.28","모두예술극장 (모두예술극장)","연극","김효진, 박수진, 이리, 장윤실, 전박찬, 조경란, 최순진 등","구자혜, 류혜영, 김진이 등","만 7세 이상","1시간 50분","여기는 당연히, 극장, 주식회사 코스타","공연완료","http://www.kopis.or.kr/upload/pfmPoster/PF_PF292513_260529_115605.gif","PF292513"
"제34회 젊은연극제, 십이야","2026.06.24","2026.06.25","NC문화재단 홀 (NC문화재단 홀)","연극","노진형, 김나리, 김수지, 이동근, 정윤성, 조수정, 진혜주 등","이종무, 서지혜, 고윤아 등","만 7세 이상","1시간 50분","청주대학교 연극학과","공연완료","http://www.kopis.or.kr/upload/pfmPoster/PF_PF292503_260529_111317.png","PF292503"
"제34회 젊은연극제, 갈매기","2026.06.24","2026.06.25","보라 아트홀(구. 지구인아트홀) (보라 아트홀(구. 지구인아트홀))","연극","강현우, 박하진, 이정재, 장현이, 문소희, 강혜선, 박승진 등","이정재, 강경동, 문소희 등","만 7세 이상","2시간","","공연완료","http://www.kopis.or.kr/upload/pfmPoster/PF_PF292500_260529_110654.png","PF292500"
"백조의 노래 [광주]","2026.06.17","2026.06.27","예린소극장 (예린소극장)","연극","윤희철, 정이형","정문희, 임홍석, 김장준 등","만 12세 이상","1시간 10분","","공연완료","http://www.kopis.or.kr/upload/pfmPoster/PF_PF292499_260529_110331.jpg","PF292499"
"제34회 젊은연극제, 사천의 선인 (경성대)","2026.07.04","2026.07.04","NC문화재단 홀 (NC문화재단 홀)","연극","강주원, 김동현, 박민호, 강다현, 정민우, 한예주, 박찬준 등","남다연, 정서영, 신능호 등","만 15세 이상","1시간 40분","","공연완료","http://www.kopis.or.kr/upload/pfmPoster/PF_PF292497_260529_105649.gif","PF292497"
"제34회 젊은연극제, 사천의 선인 (경복대)","2026.06.17","2026.06.18","열린극장 (열린극장)","연극","김나현, 윤진서, 김민국, 박창우, 심현정, 추지민, 라하은 등","박찬국, 김민창, 윤지빈 등","만 7세 이상","1시간 40분","","공연완료","http://www.kopis.or.kr/upload/pfmPoster/PF_PF292496_260529_104932.png","PF292496"
"더 컴업펀스 [대학로]","2026.07.11","2026.08.30","스튜디오 블루 (스튜디오 블루)","연극","김바다, 김시유, 안승균, 주현영, 김민성, 유희제, 김범수 등","심재욱, 이은진, 이태원 등","만 16세 이상","2시간","극단 바바서커스, 아트인셉션, 프로젝트 기지개","공연중","http://www.kopis.or.kr/upload/pfmPoster/PF_PF292466_260528_143515.jpg","PF292466"
"제8회 페미니즘 연극제, 마법소녀 하모니","2026.06.25","2026.06.28","나온씨어터 (나온씨어터)","연극","권영은, 박예나, 한지구","원아영, 김지은, 전하경 등","만 12세 이상","1시간 20분","재미몬스터, 페미니즘 연극제 운영위원회","공연완료","http://www.kopis.or.kr/upload/pfmPoster/PF_PF292437_260528_133333.gif","PF292437"
"오헬렌 X 부평아트센터, 실패한 대사 (Unspoken lines) [부평]","2026.07.03","2026.07.04","부평아트센터 (해누리극장)","연극","김재은, 백선열","박효정, 민성오, 유인경 등","만 12세 이상","2시간","오헬렌, 오헬렌","공연완료","http://www.kopis.or.kr/upload/pfmPoster/PF_PF292426_260528_130245.gif","PF292426"
"사랑은 꿈처럼","2026.05.29","2026.05.31","드림시어터 [대학로] (소극장)","연극","강민서, 고범수, 고성용, 이경호, 이상효, 이연우, 이원빈 등","김성진, 김석, 서나영 등","만 12세 이상","1시간 30분","S액팅 스튜디오","공연완료","http://www.kopis.or.kr/upload/pfmPoster/PF_PF292424_260528_125444.gif","PF292424"
"여보 나도 할 말 있어 [의성]","2026.06.11","2026.06.12","의성문화회관 (의성문화회관)","연극","이홍렬, 우상민, 권기선, 김태향, 이윤미, 허윤","김영순, 이지용, 정기준 등","만 15세 이상","1시간 40분","극단 나는 세상, 의성군청","공연완료","http://www.kopis.or.kr/upload/pfmPoster/PF_PF292416_260528_113837.jpg","PF292416"
"나와 할아버지 [밀양]","2026.07.04","2026.07.05","밀양아리랑아트센터 (대공연장)","연극","양경원, 표지훈, 정선아, 김종현","","만 7세 이상","1시간 40분","공연배달서비스간다","공연완료","http://www.kopis.or.kr/upload/pfmPoster/PF_PF292402_260528_110445.png","PF292402"
"한잔하고 싶은 날 [홍성]","2026.06.27","2026.06.27","홍주문화회관 (대공연장)","연극","이종목, 김홍섭, 박나연, 성용수, 오수정, 서주희, 안정승 등","","만 7세 이상","1시간 15분","극단 홍시","공연완료","http://www.kopis.or.kr/upload/pfmPoster/PF_PF292393_260528_104736.jpg","PF292393"
"렁스 [세종]","2026.08.07","2026.08.08","세종예술의전당 (대공연장)","연극","임주환, 김경남, 정운선 등","지이선, 박소영, 남경식 등","만 14세 이상","1시간 30분","(재) 세종시문화관광재단(세종문화예술회관), (주)연극열전","공연완료","http://www.kopis.or.kr/upload/pfmPoster/PF_PF292392_260528_104424.gif","PF292392"
"단국대학교 공연영화학부 연극전공 졸업공연: 파랑새","2026.06.05","2026.06.06","단국대학교 죽전캠퍼스 (체육관 극장 젊음)","연극","강동호, 김건보, 박새봄, 박서현, 박선영, 박윤진, 박희윤 등","임하은, 권예영, 황미나 등","만 7세 이상","1시간 30분","","공연완료","http://www.kopis.or.kr/upload/pfmPoster/PF_PF292380_260528_102139.png","PF292380"
"나와 할아버지 [여주]","2026.07.11","2026.07.11","세종국악당 (세종국악당)","연극","양경원, 표지훈, 박보경, 차용학","민준호, 안혁원, 조승현 등","만 10세 이상","1시간 40분","(재) 여주세종문화관광재단, (주)창작하는 공간, (주)창작하는 공간, 공연배달서비스간다, 공연배달서비스간다","공연완료","http://www.kopis.or.kr/upload/pfmPoster/PF_PF292369_260528_100136.gif","PF292369"
"취중연담","2026.06.19","2026.06.21","R&J씨어터(구. 연진아트홀) (R&J씨어터(구. 연진아트홀))","연극","홍장원, 이윤혜","신범수, 홍일기, 염종훈 등","만 11세 이상","1시간 30분","극단 깜냥","공연완료","http://www.kopis.or.kr/upload/pfmPoster/PF_PF292365_260527_142930.jpg","PF292365"
"서바이트","2026.06.17","2026.06.21","서강대 메리홀 (소극장)","연극","이승구, 곽민호, 최원우, 이태현, 이태리, 김은혜, 한서인 등","서철, 임주현, 이나라 등","만 15세 이상","1시간 40분","마크117, 마크117","공연완료","http://www.kopis.or.kr/upload/pfmPoster/PF_PF292358_260527_140300.gif","PF292358"
"워크맨 [대학로]","2026.06.25","2026.07.05","씨어터 쿰 (씨어터 쿰)","연극","전국향, 남동진, 민대식, 정유미, 이지영, 임지영, 임진구 등","이태린, 송지인, 성미림 등","만 13세 이상","1시간 40분","예술창작공장 콤마앤드, 예술창작공장 콤마앤드","공연완료","http://www.kopis.or.kr/upload/pfmPoster/PF_PF292354_260527_135650.gif","PF292354"
"제11회 늘푸른연극제, 작은할머니: 그 여자의 소설","2026.07.09","2026.07.12","서울연극창작센터 (서울씨어터 202 (5F) )","연극","공호석, 김순이, 최승일, 백경희, 이혜연, 박인아","엄인희, 김성환, 김시원 등","전체 관람가","1시간 30분","(사)한국연극협회, 극단 민예","공연완료","http://www.kopis.or.kr/upload/pfmPoster/PF_PF292347_260527_134337.gif","PF292347"
"더 헬멧 [대학로]","2026.07.09","2026.10.11","홍익대 대학로 아트센터 (소극장)","연극","이석준, 김다흰, 오정택, 정우연, 김주연, 김수연, 김국희 등","정인석, 지이선, 김태형 등","만 13세 이상","1시간 10분","(주)쇼노트, (주)쇼노트, (주)아이엠컬처","공연중","http://www.kopis.or.kr/upload/pfmPoster/PF_PF292342_260527_133223.gif","PF292342"
"바다를 넘어온 나무","2026.06.06","2026.06.14","서울연극창작센터 (서울씨어터 101 (1F) )","연극","김시영, 남수현, 송치훈, 두마노브스키 순치짜, 이민우, 이준영, 이지은 등","최진아, 장우재, 이경은 등","만 13세 이상","1시간 50분","극단 놀땅, 주식회사 코스타","공연완료","http://www.kopis.or.kr/upload/pfmPoster/PF_PF292341_260527_132822.gif","PF292341"
"아고라포비아 (AGORAPHOBIA)","2026.06.25","2026.06.28","문래예술공장 (박스씨어터)","연극","김예슬, 나윤희, 민동혁, 예지민, 이산하, 이승연, 이정은","박지원, 김한인, 오성경 등","전체 관람가","1시간 40분","극단 요새, 극단 요새","공연완료","http://www.kopis.or.kr/upload/pfmPoster/PF_PF292340_260527_132243.gif","PF292340"
"신바람 삼대 [여주]","2026.05.27","2026.05.27","세종국악당 (세종국악당)","연극","정승민, 김민지","진현태, 김용현, 박준미 등","만 7세 이상","1시간 10분","(재) 여주세종문화관광재단, (주)나인스토리, (주)조은아트플러스","공연완료","http://www.kopis.or.kr/upload/pfmPoster/PF_PF292329_260527_130343.jpg","PF292329"
"두산인문극장, 신분류학: 나는 나의 아내다","2026.06.24","2026.07.12","두산아트센터 (Space111)","연극","지현준, 백석광","강량원, 박효진, 이지혜 등","만 12세 이상","2시간","두산아트센터((재)두산연강재단), 두산아트센터((재)두산연강재단)","공연완료","http://www.kopis.or.kr/upload/pfmPoster/PF_PF292316_260527_113254.gif","PF292316"
"세컨라운지 [대학로]","2026.06.06","2026.06.07","드림시어터 [대학로] (소극장)","연극","고류한","강지영, 임병수, 최인선 등","만 16세 이상","40분","꼬집기프로젝트","공연완료","http://www.kopis.or.kr/upload/pfmPoster/PF_PF292298_260527_104902.jpeg","PF292298"
"타인의 삶 [서울]","2026.07.01","2026.09.13","LG아트센터 서울 (U+ 스테이지)","연극","윤나무, 이동휘, 정승길, 장승조, 우정원, 임수향, 김수현 등","손상규, 이단비, 김종석 등","만 13세 이상","1시간 50분","(주)프로젝트 그룹 일다, 라이브러리컴퍼니, 라이브러리컴퍼니","공연중","http://www.kopis.or.kr/upload/pfmPoster/PF_PF292296_260527_104801.gif","PF292296"
"봉천내 사람들: 만두 전성시대 [원주]","2026.06.10","2026.06.11","원주백운아트홀 (원주백운아트홀)","연극","윤상돈, 김수영, 장현구, 김미진, 박하늘, 정수석, 염지웅 등","이석표, 최규창, 박승원 등","전체 관람가","1시간 40분","씨어터컴퍼니 웃끼, 씨어터컴퍼니 웃끼","공연완료","http://www.kopis.or.kr/upload/pfmPoster/PF_PF292287_260527_102428.gif","PF292287"
"마법의 회전목마 [대학로]","2026.06.19","2026.06.21","아르코 꿈밭극장 (아르코꿈밭극장)","연극","조재상","손상원, 김일현, 신창렬 등","36개월 이상","1시간","만화경, 만화경","공연완료","http://www.kopis.or.kr/upload/pfmPoster/PF_PF292281_260527_101511.gif","PF292281"
"김시라의 품바: Original [창원]","2026.06.07","2026.06.07","창원MBC홀 (창원MBC홀)","연극","","최민선, 김시라, 최성봉 등","만 7세 이상","1시간 40분","(주)좋은콘서트, 굿초이스","공연완료","http://www.kopis.or.kr/upload/pfmPoster/PF_PF292276_260527_100238.gif","PF292276"
"제47회 서울연극제, 벽: 살아있는 시간","2026.06.24","2026.06.28","열린극장 (열린극장)","연극","최홍준, 정병호, 양창완, 오일룡, 윤원기, 오성택, 김명섭","최우성, 정경원, 이상호 등","만 11세 이상","1시간 30분","극단 세즈헤브","공연완료","http://www.kopis.or.kr/upload/pfmPoster/PF_PF292266_260526_171406.png","PF292266"
"제47회 서울연극제, 꼰대 오지라퍼 관종 박철남","2026.06.23","2026.06.30","보광극장 (보광극장)","연극","김창모, 성석현, 김채린, 박민희, 위승구, 정영진","강민수, 신유정, 김상지 등","만 11세 이상","1시간 20분","보광극단, 창작예술집단 보광극장","공연완료","http://www.kopis.or.kr/upload/pfmPoster/PF_PF292263_260526_165338.jpg","PF292263"
"시간 [강릉]","2026.05.27","2026.05.27","강다방 이야기공장 (강다방 이야기공장)","연극","송대령","송대령","전체 관람가","50분","스테이지무늬","공연완료","http://www.kopis.or.kr/upload/pfmPoster/PF_PF292256_260526_161508.png","PF292256"
"제34회 젊은 연극제, 라 페스트","2026.05.29","2026.05.31","대진대학교 (예술관 소극장)","연극","강은수, 권정은, 김도균, 김민재, 김민진, 김병곤, 김세연 등","황연희, 권영호, 이정빈 등","만 14세 이상","1시간 5분","대진대학교 연기예술학과","공연완료","http://www.kopis.or.kr/upload/pfmPoster/PF_PF292254_260526_160607.png","PF292254"
"제34회 젊은 연극제, 우리는 농담이 (아니) 야","2026.06.05","2026.06.07","성균관대학교 경영관 소극장 (경영관 소극장)","연극","김경민, 김관욱, 김나민, 김민형, 김범준, 김유찬, 박준용 등","김연희, 이지수, 유하영 등","만 14세 이상","3시간 40분","성균관대학교 연기예술학과","공연완료","http://www.kopis.or.kr/upload/pfmPoster/PF_PF292243_260526_152918.jpg","PF292243"
"향수의 덫","2026.06.10","2026.06.14","북촌창우극장 (북촌창우극장)","연극","배현서, 윤희수, 민현지, 정세영, 윤은석, 배민준, 김헌주 등","서리나, 남궁유진, 유지태 등","만 13세 이상","2시간","(주)유무비, (주)유무비","공연완료","http://www.kopis.or.kr/upload/pfmPoster/PF_PF292237_260526_150734.jpg","PF292237"
"급매 [창원]","2026.06.06","2026.08.17","가로수극장 [창원] (가로수극장 [창원] )","연극","공다향, 박지윤, 남유진, 이지현, 이동선","장민호, 공예빈, 박종훈 등","만 15세 이상","1시간 30분","(주)상상플레이스, (주)수컴퍼니","공연완료","http://www.kopis.or.kr/upload/pfmPoster/PF_PF292231_260526_145239.png","PF292231"
"춘천연극예술축제, 청소를 합니다 [춘천]","2026.06.24","2026.06.25","춘천인형극장 (춘천인형극장)","연극","한혜민, 최영은, 김로아, 최서우, 이용우, 이태훈, 김재우 등","안준형, 임희권, 김재덕 등","만 14세 이상","1시간 40분","(사) 한국연극협회 춘천시지부","공연완료","http://www.kopis.or.kr/upload/pfmPoster/PF_PF292222_260526_143844.gif","PF292222"
"제34회 젊은연극제, 노부인의 방문","2026.05.28","2026.05.30","동국대학교 (이해랑예술극장)","연극","이수인, 정다슬, 송준영, 이건호, 유지민, 이준성, 박하진 등","이지영, 이소현, 원예준 등","만 7세 이상","2시간","동국대학교 연극학부","공연완료","http://www.kopis.or.kr/upload/pfmPoster/PF_PF292219_260526_143228.png","PF292219"
"봄이 지나가는... [거제]","2026.06.16","2026.06.17","거제문화예술회관 (소극장)","연극","고현주, 김인하, 박준수, 변상윤, 양해지, 양은미, 이경민 등","이삼우, 주은희, 이상현 등","만 10세 이상","1시간 30분","극단 예도, 극단 예도","공연완료","http://www.kopis.or.kr/upload/pfmPoster/PF_PF292210_260526_140742.gif","PF292210"
"더 투나잇 쇼 (The tonight show)","2026.06.12","2026.06.21","공간 비틀즈 (공간 비틀즈)","연극","김태엽, 최민영, 송유빈, 황윤정, 오예림, 이정수, 이시윤 등","최민영, 김홍기, 박세은 등","만 12세 이상","1시간 10분","민영사단","공연완료","http://www.kopis.or.kr/upload/pfmPoster/PF_PF292185_260526_131212.jpg","PF292185"
"원죄 [대전]","2026.07.03","2026.08.16","작은극장 다함 (작은극장 다함)","연극","","","만 14세 이상","1시간 20분","","공연완료","http://www.kopis.or.kr/upload/pfmPoster/PF_PF292178_260526_125821.jpg","PF292178"
"또똣이민박 [수원]","2026.06.27","2026.07.05","인터미션 [수원]  (소극장 아트홀)","연극","박다미, 박수빈, 이기성, 조지현, 서예인, 안은비, 최한솔 등","김혜지, 한윤제, 안은비 등","전체 관람가","1시간 30분","인터씨어터 [수원]","공연완료","http://www.kopis.or.kr/upload/pfmPoster/PF_PF292173_260526_124320.jpg","PF292173"
"113","2026.07.03","2026.07.12","서울문화재단 대학로극장 쿼드 (예술청) (대학로극장 쿼드 (예술청) )","연극","최재경, 박병호, 신현우, 이창재, 최찬, 최현영, 김재현","최재경, 김제민, 함성호 등","만 14세 이상","1시간 40분","리멘워커, 리멘워커","공연완료","http://www.kopis.or.kr/upload/pfmPoster/PF_PF292166_260526_121849.gif","PF292166"
"위버멘쉬3 [부산]","2026.06.30","2026.07.12","창조문화활력센터 소극장 624 (창조문화활력센터 소극장 624)","연극","김재현, 조창주, 신선우, 문정희, 이규병, 이도연, 곽동주 등","조창주, 김재현, 곽동주 등","만 18세 이상","2시간 30분","극적공동체 고도","공연완료","http://www.kopis.or.kr/upload/pfmPoster/PF_PF292147_260610_112341.jpg","PF292147"
"쪽빛황혼 [울산]","2026.06.20","2026.06.20","울산문화예술회관 (대공연장)","연극","이주행, 이동혁, 김황식, 임창숙, 류기형, 이신애, 이광백 등","류기형, 유민혁, 김선영 등","만 7세 이상","1시간 20분","(사)마당극패 우금치","공연완료","http://www.kopis.or.kr/upload/pfmPoster/PF_PF292145_260526_110245.jpg","PF292145"
"연가 [춘천]","2026.06.12","2026.06.12","축제극장몸짓 (축제극장몸짓)","연극","조남희, 손인찬, 윤채연, 이혜연, 두창혁, 조효준, 이담희 등","동천 등","만 7세 이상","1시간 10분","랩루트, 랩루트","공연완료","http://www.kopis.or.kr/upload/pfmPoster/PF_PF292144_260526_105621.jpg","PF292144"
"헬로우미스미스터 [보성]","2026.06.11","2026.06.12","보성군문화예술회관 (보성군문화예술회관)","연극","","","만 7세 이상","1시간 40분","보성군문화예술회관","공연완료","http://www.kopis.or.kr/upload/pfmPoster/PF_PF292122_260522_194736.jpg","PF292122"
"창작집단 새알 낭독 프로젝트: 사유지","2026.06.04","2026.06.07","공간알 (공간알)","연극","이산하, 정민우, 김가림, 김민주, 양준하, 이현송, 최윤서","김수민, 최윤영, 홍석영 등","전체 관람가","2시간","창작집단 새알, 창작집단 새알","공연완료","http://www.kopis.or.kr/upload/pfmPoster/PF_PF292110_260522_182445.JPG","PF292110"
"조세 이탄광: 살고 싶었다","2026.06.26","2026.06.28","성북미디어문화마루 꿈빛극장 (성북미디어문화마루 꿈빛극장)","연극","이가라시 아키라, 시미즈 나오코, 우치다 겐스케, 서동갑, 쓰쿠바 류이치, 이와이노후 켄, 김재웅 등","시라이 케이타, 고수희, 마치무라 아야 등","만 13세 이상","1시간 40분","극단 58번국도, 극단 58번국도, 온천드래곤","공연완료","http://www.kopis.or.kr/upload/pfmPoster/PF_PF292106_260522_175807.gif","PF292106"
"제5회 연극 페스티벌, 오늘도 연극: 울타리 너머 [경기 광주]","2026.06.12","2026.06.13","광주시문화예술의전당 (구. 남한산성아트홀) (맹사성홀)","연극","박범현, 한송이, 김철우, 이혁희, 박마리아, 김가나, 지성하 등","최민규, 이기복, 이유영 등","만 7세 이상","1시간 30분","(재)광주시문화재단 [경기광주], 극단 파발극회","공연완료","http://www.kopis.or.kr/upload/pfmPoster/PF_PF292105_260617_165551.jpg","PF292105"
"제5회 연극 페스티벌, 오늘도 연극: 바다는 비에 젖지 않는다 [경기 광주]","2026.06.20","2026.06.20","광주시문화예술의전당 (구. 남한산성아트홀) (맹사성홀)","연극","백종헌, 강경찬, 문승훈, 임재구, 김웅희, 김수환, 박민혁 등","임지웅, 현준섭, 정예림 등","만 16세 이상","1시간 40분","(재)광주시문화재단 [경기광주], 극단 사고의 뭉치","공연완료","http://www.kopis.or.kr/upload/pfmPoster/PF_PF292104_260522_174421.jpg","PF292104"
"제5회 연극 페스티벌, 오늘도 연극: 노란 달 [경기 광주]","2026.06.26","2026.06.27","광주시문화예술의전당 (구. 남한산성아트홀) (남한산성홀)","연극","","토니 그래함, 이태섭, 성미림 등","만 12세 이상","1시간 30분","(재)광주시문화재단 [경기광주], 국립어린이청소년극단(구. (재) 국립극단 어린이청소년극연구소)","공연완료","http://www.kopis.or.kr/upload/pfmPoster/PF_PF292103_260522_173826.jpg","PF292103"
"신데렐라 [대구]","2026.07.28","2026.08.30","대백프라자 (레오문화홀)","연극","","","전체 관람가","35분","(주)교문","공연중","http://www.kopis.or.kr/upload/pfmPoster/PF_PF292097_260522_165242.jpg","PF292097"
"브로크백 마운틴 [대학로]","2026.06.23","2026.09.06","예스24아트원(구.대학로아트원씨어터) (1관)","연극","정상훈, 이상홍, 주민진, 홍승안, 정휘, 윤소호, 전재희 등","변영진, 김은영, 김진 등","만 16세 이상","1시간 55분","(주)뉴프로덕션, (주)뉴프로덕션","공연중","http://www.kopis.or.kr/upload/pfmPoster/PF_PF292095_260522_163412.jpg","PF292095"
"울며 마늘 먹기 [인천]","2026.06.11","2026.06.13","문학시어터 (문학시어터)","연극","김인협, 조하은, 이세희, 김태준","송시우, 황정미, 김상윤 등","만 7세 이상","1시간 20분","프로젝트 개미구경","공연완료","http://www.kopis.or.kr/upload/pfmPoster/PF_PF292094_260522_162306.png","PF292094"
"미세스 마캠 [제주]","2026.07.18","2026.07.19","한라아트홀 (대극장)","연극","왕유선, 오민석, 송재희, 유민정, 최기원, 김지선, 이윤경 등","민연홍, 박중근, 문민화 등","만 16세 이상","2시간","(주) 올빛컴퍼니, (주) 올빛컴퍼니","공연완료","http://www.kopis.or.kr/upload/pfmPoster/PF_PF292093_260522_161440.jpg","PF292093"
"노인의 꿈 [이천]","2026.07.18","2026.07.18","이천아트홀 (대공연장)","연극","김용림, 하희라, 박지일, 강성진, 진지희, 박채린","성종완, 민찬홍, 배선애 등","만 7세 이상","1시간 45분","수컴퍼니 (su company), 수컴퍼니 (su company)","공연완료","http://www.kopis.or.kr/upload/pfmPoster/PF_PF292092_260522_155454.gif","PF292092"
"제47회 서울연극제, 오누나","2026.06.10","2026.06.12","성수아트홀(성수문화복지회관) (성수아트홀(성수문화복지회관))","연극","이현주, 임석현, 유태현, 강주연, 김민채, 이서연, 이영순 등","황정원, 유태현, 문수영 등","만 7세 이상","1시간 20분","극단 물 맑고 깊은","공연완료","http://www.kopis.or.kr/upload/pfmPoster/PF_PF292072_260522_142054.jpg","PF292072"
"돼지와 오토바이 [광주]","2026.05.29","2026.05.31","예술극장 통 (예술극장 통)","연극","이현기, 최진영, 이선미, 주현지, 임현수, 김경록","박영국","전체 관람가","1시간 30분","극단 연우랑","공연완료","http://www.kopis.or.kr/upload/pfmPoster/PF_PF292063_260522_134207.png","PF292063"
"춘천연극 예술축제, 가족회담","2026.06.26","2026.06.27","아트팩토리 봄 (아트팩토리 봄)","연극","양흥주, 전시연, 김수웅","손기주, 강동주, 강상민 등","만 13세 이상","1시간","(사) 한국연극협회 춘천시지부","공연완료","http://www.kopis.or.kr/upload/pfmPoster/PF_PF292059_260522_132734.gif","PF292059"
"제3회 R&J씨어터 창작극 페스티벌, 고무동력기","2026.06.10","2026.06.14","R&J씨어터(구. 연진아트홀) (R&J씨어터(구. 연진아트홀))","연극","김신율, 김재현, 이창훈, 송영주, 손해달, 최성준, 정태수 등","박범찬, 방수연, 안헤진 등","만 15세 이상","1시간 40분","도라지위스키클럽, 도라지위스키클럽, 알앤제이아트컴퍼니 (R&J Art Company)","공연완료","http://www.kopis.or.kr/upload/pfmPoster/PF_PF292043_260522_124055.png","PF292043"
"제8회 놀터청년페스티벌, 삶의 이유","2026.07.08","2026.07.12","놀터예술공방 (놀터예술공방)","연극","김윤희, 이한범, 백형열, 유진리, 이후성, 김승구, 이정석","정민혁, 서유진, 주예민 등","전체 관람가","1시간 10분","극단 놀터, 극단 바오","공연완료","http://www.kopis.or.kr/upload/pfmPoster/PF_PF292013_260522_103253.gif","PF292013"
"창작산실, 보편적극단: 닐 암스트롱이 달에 갔을 때 [춘천]","2026.07.03","2026.07.04","축제극장몸짓 (축제극장몸짓)","연극","이윤재, 김정아, 신강수, 김진복, 문현정, 송철호, 강정윤 등","마두영, 정승준, 정유석 등","만 13세 이상","1시간 50분","보편적 극단, 이야기기획단 시작과 끝","공연완료","http://www.kopis.or.kr/upload/pfmPoster/PF_PF292008_260522_102428.gif","PF292008"
"이야기 쏙! 이야기야! [의정부]","2026.07.03","2026.07.04","의정부예술의전당 (소극장)","연극","이정국, 김규리, 김상각","인정아, 이문재, 최진근 등","36개월 이상","50분","극단 별 비612","공연완료","http://www.kopis.or.kr/upload/pfmPoster/PF_PF291992_260521_143003.gif","PF291992"
"너무 시끄러운 고독 [대학로]","2026.07.04","2026.07.19","SH아트홀 (SH아트홀)","연극","정동환, 곽소영, 김동윤, 최승언, 원빈","임야비, 김주원, 김경주 등","만 13세 이상","1시간 20분","네버엔딩플레이(N.E.P Contents), 총체극단 여집합, 총체극단 여집합","공연완료","http://www.kopis.or.kr/upload/pfmPoster/PF_PF291982_260521_140117.jpg","PF291982"
"라이프 재킷 [부산]","2026.06.10","2026.06.13","일터 소극장 (일터 소극장)","연극","배문수, 윤한욱, 김민주, 박창주, 김민서, 장한솔","반필우, 오정국, 하선이 등","만 13세 이상","1시간 20분","","공연완료","http://www.kopis.or.kr/upload/pfmPoster/PF_PF291966_260521_132224.jpg","PF291966"
"예술의전당 어린이 가족 페스티벌, 코 잃은 코끼리 코바","2026.07.30","2026.08.09","예술의전당 [서울] (자유소극장)","연극","김조민, 윤자영, 김예은, 서선택","김지선, 김형아 황덕신 등","36개월 이상","1시간 5분","예술의전당, 이야기꾼의 책공연","공연완료","http://www.kopis.or.kr/upload/pfmPoster/PF_PF291964_260527_151321.gif","PF291964"
"한국괴물뎐 [대구]","2026.06.27","2026.06.28","골목실험극장 (골목실험극장)","연극","남우희, 박소윤, 이연주, 서진교, 신규섭, 정규혁","이상명, 유슬아, 서진교 등","만 7세 이상","1시간","별들의도시 은하, 별들의도시 은하","공연완료","http://www.kopis.or.kr/upload/pfmPoster/PF_PF291958_260521_131129.jpg","PF291958"
"김성연의 월간마임, THIS IS THE MIME vol.8","2026.05.23","2026.05.23","극단 빈공간 (빈-공간 THEATRE) (극단 빈공간)","연극","이호연, 남상우, 이승협, 김성연","윤성환, 장유상","만 8세 이상","1시간 20분","극단 빈-공간","공연완료","http://www.kopis.or.kr/upload/pfmPoster/PF_PF291933_260521_111309.gif","PF291933"
"성용훈의 말 없는 이야기: 홈런 [대구]","2026.06.26","2026.06.28","우전소극장 (우전소극장)","연극","성용훈, 임현진, 박정원","박다운, 정성태, 박지현 등","만 8세 이상","1시간","아트마루컴퍼니, 아트마루컴퍼니","공연완료","http://www.kopis.or.kr/upload/pfmPoster/PF_PF291932_260521_110724.jpg","PF291932"
"마피아게임 [대전]","2026.06.03","2026.07.26","이수아트홀 [대전] (이수아트홀 [대전])","연극","김민서, 신민진, 최통령, 이용탁, 장준서, 윤경하, 서지현 등","조성준, 박상준, 복영한 등","만 13세 이상","1시간 30분","(주)팀플레이예술기획, 라이노컴퍼니(구. 극단 셰익스피어), 콘텐츠er","공연완료","http://www.kopis.or.kr/upload/pfmPoster/PF_PF291930_260521_110636.gif","PF291930"
"동백당; 빵집의 사람들 [남양주]","2026.07.18","2026.07.18","다산아트홀 (다산아트홀)","연극","박윤정, 황세원, 서미영, 윤일식, 백혜리, 민경준, 김희창 등","진주, 김희영, 이정화 등","만 7세 이상","2시간 50분","프로덕션IDA","공연완료","http://www.kopis.or.kr/upload/pfmPoster/PF_PF291923_260521_105005.jpg","PF291923"
"오이디푸스 [서울 종로]","2026.07.04","2026.08.23","세종문화회관 (세종M씨어터)","연극","최수종, 양준모, 서영희, 임강희, 임병근, 이형훈, 남명렬 등","박수이, 서재형, 한아름 등","만 13세 이상","1시간 30분","(주)수컴퍼니, (주)수컴퍼니","공연완료","http://www.kopis.or.kr/upload/pfmPoster/PF_PF291920_260521_104447.gif","PF291920"
"T와 F의 로맨스 [광주]","2026.06.25","2026.07.26","기분좋은극장 [상무지구] (기분좋은극장 [상무지구] )","연극","","","만 13세 이상","1시간 30분","극단 논다, 극단 논다, 창작집단 여름밤","공연완료","http://www.kopis.or.kr/upload/pfmPoster/PF_PF291918_260521_103939.jpg","PF291918"
"그린을 기다리며 [대학로]","2026.06.13","2026.06.14","제이원 씨어터 (구. 서완소극장, 구. 씨어터고리) (제이원 씨어터 (구. 서완소극장, 구. 씨어터고리) )","연극","최병주, 이희승, 윤희수, 김혜숙, 박진석, 조아라","정재우, 조성규, 이윤채 등","만 11세 이상","1시간 20분","MODEST Ent., 극단 모드(MODEST Ent.)","공연완료","http://www.kopis.or.kr/upload/pfmPoster/PF_PF291915_260521_103003.gif","PF291915"
"왝왝이가 그곳에 있었다 [대학로]","2026.06.19","2026.06.25","아르코예술극장 (소극장)","연극","김기표, 김정연, 김해미, 윤희지","장윤하, 김남현, 이양구 등","만 13세 이상","1시간 30분","크리에이티브 윤슬, 크리에이티브 윤슬","공연완료","http://www.kopis.or.kr/upload/pfmPoster/PF_PF291890_260520_153215.gif","PF291890"
"제8회 페미니즘 연극제, 우리 엄마의 샤머니즘","2026.06.19","2026.06.21","나온씨어터 (나온씨어터)","연극","전혜정, 박지수, 김민지","김민지, 고경진, 조희경 등","전체 관람가","1시간 50분","페미니즘 연극제 운영위원회","공연완료","http://www.kopis.or.kr/upload/pfmPoster/PF_PF291870_260520_141226.gif","PF291870"
"치카치카 호랑이 [아산]","2026.06.19","2026.06.28","도고아트홀(구.아산 코미디홀) (도고아트홀(구.아산 코미디홀))","연극","","","전체 관람가","45분","","공연완료","http://www.kopis.or.kr/upload/pfmPoster/PF_PF291841_260520_132007.jpg","PF291841"
"노인의 꿈 [고양]","2026.07.25","2026.07.25","고양어울림누리 (어울림극장)","연극","김영옥, 하희라, 김승욱, 윤희석, 최서윤, 손지유","성종완, 박수이, 민찬홍 등","만 7세 이상","1시간 45분","수컴퍼니 (su company), 수컴퍼니 (su company)","공연완료","http://www.kopis.or.kr/upload/pfmPoster/PF_PF291839_260520_142303.gif","PF291839"
"플러팅 [대학로]","2026.06.02","2026.08.31","라온씨어터 (라온씨어터)","연극","차수영, 양시아, 유예리, 서호영, 김단우, 김보근 , 백지윤 등","","만 15세 이상","1시간 40분","(주)딴, (주)딴","공연중","http://www.kopis.or.kr/upload/pfmPoster/PF_PF291833_260520_121535.gif","PF291833"
"더블엑스와 신기한 여행가방 [서울 종로]","2026.07.04","2026.07.04","종로아이들극장 (종로아이들극장)","연극","허시라, 김소리, 조혜연 등","남인우, 이유진, 정새롬 등","30개월 이상","40분","(재)종로문화재단","공연완료","http://www.kopis.or.kr/upload/pfmPoster/PF_PF291827_260520_112728.gif","PF291827"
"유실물 [대전]","2026.05.20","2026.05.24","드림아트홀 [대전] (드림아트홀 [대전] )","연극","이진아, 정경희, 김도윤, 양하영, 성용수, 김은혁, 김민성","최승완, 김미정, 김라연 등","만 11세 이상","1시간 30분","공연창작집단 사고뭉치","공연완료","http://www.kopis.or.kr/upload/pfmPoster/PF_PF291819_260520_111043.gif","PF291819"
"제6회 봄: 을 찾기, 원더풀 댄싱 대디","2026.06.13","2026.06.14","극장 동국 (극장 동국)","연극","배준수, 박정림, 박유진, 조하영, 정우석","김묘진, 장지은, 이훈경 등","만 9세 이상","1시간 10분","","공연완료","http://www.kopis.or.kr/upload/pfmPoster/PF_PF291815_260520_110513.jpg","PF291815"
"내일은 내일에게 [대전]","2026.06.06","2026.08.02","상상아트홀 [대전] (상상아트홀 [대전] )","연극","백지연, 한선임, 이지은, 안은성, 윤종서, 김용오, 정기자 등","김선영, 정진국, 복영한 등","만 7세 이상","1시간 30분","(주)파랑아트, 라이노컴퍼니(구. 극단 셰익스피어)","공연완료","http://www.kopis.or.kr/upload/pfmPoster/PF_PF291809_260520_105236.jpg","PF291809"
"제82회 부산시립극단 정기공연: 타오 [부산]","2026.07.02","2026.07.04","부산문화회관 (중극장)","연극","김시아, 오희경, 이혁우, 이태성, 서보기, 김은옥, 서상원 등","허석민, 채로사, 박세은 등","만 15세 이상","2시간","부산시립극단","공연완료","http://www.kopis.or.kr/upload/pfmPoster/PF_PF291802_260520_104025.jpg","PF291802"
"강아지똥 [곡성]","2026.06.27","2026.06.27","곡성레저문화센터 (동악아트홀)","연극","","김정숙 등","36개월 이상","50분","극단 모시는사람들","공연완료","http://www.kopis.or.kr/upload/pfmPoster/PF_PF291787_260520_101532.gif","PF291787"
"제5회 보편적이지만은 않은 극적무대, 파도파도 끝이 없네","2026.06.17","2026.06.21","극장 봄 (봄소극장) (극장 봄)","연극","고윤호, 김혜원, 김휘우, 박지은, 임하늘, 유소현, 한승효","강성모, 김하린, 김남우 등","만 12세 이상","1시간 10분","극단 광대","공연완료","http://www.kopis.or.kr/upload/pfmPoster/PF_PF291777_260519_150942.jpg","PF291777"
"시간의 거울 [원주]","2026.05.29","2026.05.31","후용공연예술센터 (교실극장)","연극","이은아, 신인철, 홍서해, 이해진","원영오","만 13세 이상","1시간 10분","극단 노뜰, 극단 노뜰","공연완료","http://www.kopis.or.kr/upload/pfmPoster/PF_PF291776_260519_145414.jpg","PF291776"
"영도다리 점바치 [부산]","2026.06.03","2026.06.07","일터 소극장 (일터 소극장)","연극","권철, 김학준, 길수경, 김상호, 박정언, 김태일","정경환, 조예슬, 박창화 등","만 12세 이상","1시간 20분","","공연완료","http://www.kopis.or.kr/upload/pfmPoster/PF_PF291772_260519_143402.jpg","PF291772"
"우석훈 마임쇼: 오픈스튜디오","2026.05.23","2026.05.24","쇼모스 스튜디오 (쇼모스 스튜디오)","연극","우석훈","","48개월 이상","1시간 10분","","공연완료","http://www.kopis.or.kr/upload/pfmPoster/PF_PF291745_260519_114447.jpg","PF291745"
"사의 찬미 [인천]","2026.06.20","2026.06.20","남동소래아트홀 (소래극장 (대공연장) )","연극","전소민, 곽시양, 김려은, 김건호, 김태향, 박수야, 허동수","전용석, 장용균, 이연우 등","만 13세 이상","1시간 40분","","공연완료","http://www.kopis.or.kr/upload/pfmPoster/PF_PF291734_260519_112124.jpg","PF291734"
"제1회 N뮤즈페스티벌, 별을 지우는 일","2026.06.12","2026.06.14","나인진홀 (구.청년극장) (나인진홀 3관(5F))","연극","이태욱, 차시아","이태욱, 이대석, 김민서 등","만 12세 이상","1시간","극단 쉬프트(SHIFT)","공연완료","http://www.kopis.or.kr/upload/pfmPoster/PF_PF291718_260519_104404.jpg","PF291718"
"원고지 [대학로]","2026.06.09","2026.06.14","소극장 혜화당 (구. 까망소극장) (소극장 혜화당 (구. 까망소극장) )","연극","이귀우, 안다슬, 김연희, 김도균","조우진, 손승명, 오충룡 등","만 12세 이상","50분","프로젝트 비담, 프로젝트 비담","공연완료","http://www.kopis.or.kr/upload/pfmPoster/PF_PF291709_260519_102402.gif","PF291709"
"연극 식당","2026.06.03","2026.08.17","남극장(NAM THEATER) (남극장(4F))","연극","임동섭, 김형석, 김거성, 최혜지, 박지연, 안서원, 김태의 등","최무열, 남승주, 김원희 등","전체 관람가","1시간 25분","컴퍼니 연결","공연완료","http://www.kopis.or.kr/upload/pfmPoster/PF_PF291708_260519_102155.gif","PF291708"
"암행어사","2026.06.06","2026.06.14","삼일로창고극장 (삼일로창고극장)","연극","이민수, 조성준, 박하은, 조서연, 김지후, 김승현, 이동규 등","이민수, 박지훈, 김다연","만 12세 이상","1시간 30분","극단 백의, 극단 백의","공연완료","http://www.kopis.or.kr/upload/pfmPoster/PF_PF291707_260519_101634.gif","PF291707"
"인형의 집: ON AIR [인천]","2026.05.28","2026.05.30","인천수봉문화회관 (소극장)","연극","박권재, 장서아, 유영우, 김이준, 노민주, 김효진","여권재, 김도연, 조아인 등","만 13세 이상","1시간 40분","인천대학교 연극동아리 인인극회","공연완료","http://www.kopis.or.kr/upload/pfmPoster/PF_PF291706_260519_101634.jpg","PF291706"
"신뺑파전 [수원]","2026.06.06","2026.06.06","경기아트센터(구. 경기도문화의전당) (소극장)","연극","김학용, 이소연, 서정금, 이광복, 이다희, 손명호, 이재현 등","마성혁, 조세은, 장수원 등","만 7세 이상","1시간 30분","(재)경기아트센터","공연완료","http://www.kopis.or.kr/upload/pfmPoster/PF_PF291692_260518_164632.gif","PF291692"
"미세스 마캠 [울산]","2026.07.04","2026.07.04","HD아트센터(구 현대예술관) (대공연장)","연극","왕유선, 오민석, 유건우, 유민정, 곽태영, 김지선, 이윤경 등","양혁철, 박중근, 민연홍 등","만 16세 이상","2시간","(주) 올빛컴퍼니, (주) 올빛컴퍼니","공연완료","http://www.kopis.or.kr/upload/pfmPoster/PF_PF291676_260518_152443.jpg","PF291676"
"701호 [대구]","2026.06.12","2026.07.19","여우별아트홀 (여우별아트홀)","연극","김대권, 이은호, 이준희, 심승희, 이이현, 이예은, 신용빈 등","","만 12세 이상","1시간 30분","여우별아트홀 (극단여우별), 여우별아트홀 (극단여우별)","공연완료","http://www.kopis.or.kr/upload/pfmPoster/PF_PF291672_260518_150439.gif","PF291672"
"제47회 서울연극제, 기억의 날","2026.06.05","2026.06.14","예술공간 혜화 (예술공간 혜화)","연극","윤영민, 박재이, 김태훈, 이주한","이현, 최서은, 최일규 등","만 7세 이상","1시간 20분","","공연완료","http://www.kopis.or.kr/upload/pfmPoster/PF_PF291671_260518_150049.jpg","PF291671"
"굿 닥터: 웃픈 이야기 [성남]","2026.06.12","2026.06.12","성남아트센터 (앙상블씨어터)","연극","김창봉, 정익철, 유달준, 신명철, 최성경, 김효남, 박혜경 등","박정아","만 6세 이상","1시간 40분","","공연완료","http://www.kopis.or.kr/upload/pfmPoster/PF_PF291665_260602_154219.png","PF291665"
"꼬마장승 가출기 [광주]","2026.06.27","2026.06.28","국립아시아문화전당 (어린이극장)","연극","김지웅, 최태익, 신은경, 양우진","이새로미, 김지웅, 최태익 등","36개월 이상","","극단 마루한","공연완료","http://www.kopis.or.kr/upload/pfmPoster/PF_PF291660_260518_143731.jpg","PF291660"
"제47회 서울연극제, 심플 스토리","2026.06.10","2026.06.21","드림시어터 [대학로] (소극장)","연극","최윤교, 주원성, 박용, 조정근, 전나연, 백선아, 정연주 등","전기광, 엄기영, 김병애 등","만 13세 이상","1시간 30분","극단 불, 극단 불","공연완료","http://www.kopis.or.kr/upload/pfmPoster/PF_PF291648_260518_141451.jpg","PF291648"
"1인극, 쓰로우 [대학로]","2026.06.25","2026.06.27","아르코 꿈밭극장 (아르코꿈밭극장)","연극","위다은","정재필, 고승우, 공한식 등","만 12세 이상","1시간 5분","자픈커넥션","공연완료","http://www.kopis.or.kr/upload/pfmPoster/PF_PF291641_260518_140226.jpg","PF291641"
"더 마더 THE MOTHER","2026.05.29","2026.06.07","예술의전당 [서울] (자유소극장)","연극","정애리, 김승욱, 서진원, 박가은","임선옥, 이강선, 김용운","만 13세 이상","1시간 40분","스튜디오 반, 스튜디오 반","공연완료","http://www.kopis.or.kr/upload/pfmPoster/PF_PF291630_260518_133743.gif","PF291630"
"제47회 서울연극제, 나도향 소설전: 물레방아 & 벙어리 삼룡이","2026.05.20","2026.05.24","열린극장 (열린극장)","연극","한미선, 연준원, 조민희, 유현정, 이진오, 신우진","박성민, 권정미, 강수현 등","만 9세 이상","1시간 15분","극단 늑대, 극단 늑대","공연완료","http://www.kopis.or.kr/upload/pfmPoster/PF_PF291628_260518_133203.gif","PF291628"
"임대아파트","2026.06.12","2026.08.02","한성아트홀(구. 인켈아트홀) (2관)","연극","박창우, 류지완, 홍승범, 신수항, 장세현, 양학진, 백시연 등","이정연, 추소영, 박정호 등","만 12세 이상","1시간 30분","위더스트（WITHUST CO., LTD)","공연완료","http://www.kopis.or.kr/upload/pfmPoster/PF_PF291619_260518_131352.gif","PF291619"
"두 여자 [대전]","2026.07.04","2026.08.30","이음아트홀 [대전] (이음아트홀 [대전])","연극","","","만 11세 이상","1시간 30분","(주)이수컴퍼니, 공연예술집단 노는이, 극단 홍단이","공연중","http://www.kopis.or.kr/upload/pfmPoster/PF_PF291618_260518_130549.gif","PF291618"
"보재 이상설, 조국독립을 꿈꾸다: 서전서숙 [진천]","2026.07.15","2026.07.15","진천예술의전당 (진아트홀)","연극","이석규, 이계택, 김옥희, 오세아, 전아름, 임민혁, 홍성안 등","김인경, 정경호, 김창곤 등","만 7세 이상","1시간 15분","","공연완료","http://www.kopis.or.kr/upload/pfmPoster/PF_PF291610_260518_125311.jpg","PF291610"
"스위치 [대학로]","2026.05.01","2026.08.31","아스가르드 씨어터 (구. 낙산씨어터) (아스가르드 씨어터 (구. 낙산씨어터) )","연극","임재성, 김도경, 서형덕, 최재원, 강태희, 최예나, 윤한나 등","","만 11세 이상","1시간 30분","극단 아루또, 극단 아루또","공연중","http://www.kopis.or.kr/upload/pfmPoster/PF_PF291607_260518_123128.gif","PF291607"
"모린","2026.06.19","2026.06.28","서울연극창작센터 (서울씨어터 101 (1F) )","연극","장인혜, 김수아, 변신영, 박윤선","류이향, 장혜지, 박형욱 등","만 14세 이상","1시간 25분","극단 고래","공연완료","http://www.kopis.or.kr/upload/pfmPoster/PF_PF291601_260518_113619.gif","PF291601"
"거꾸로 대소동 [천안]","2026.07.09","2026.07.26","천안어린이꿈누리터 (구. 천안시 어린이 회관) (꿈누리대공연장)","연극","김가연, 김규리, 박민구, 이승주, 최다빈, 최유빈, 황경욱","김이경, 장유나","36개월 이상","50분","극단 아우성","공연완료","http://www.kopis.or.kr/upload/pfmPoster/PF_PF291597_260518_112457.jpg","PF291597"
"속임수에 걸린 꾀보토끼 [광주]","2026.06.06","2026.11.07","공연일번지 (공연일번지)","연극","나효진, 김지우","정문희 등","만 4세 이상","50분","교육극단 파랑새, 교육극단 파랑새","공연중","http://www.kopis.or.kr/upload/pfmPoster/PF_PF291593_260518_111732.png","PF291593"
"대머리였던가?","2026.06.04","2026.07.05","렌더 성수희망플랫폼 (렌더 성수희망플랫폼)","연극","강정묵, 곽다인, 최기욱, 임모윤, 이서현, 김보미, 김예별 등","박강원, 홍근혁, 장은실 등","만 14세 이상","30분","계절연극","공연완료","http://www.kopis.or.kr/upload/pfmPoster/PF_PF291591_260518_111641.png","PF291591"
"꽃, 별이 지나 [대학로]","2026.06.16","2026.08.23","NOL 서경스퀘어(구. 서경대학교 공연예술센터) (스콘1관)","연극","박소진, 고보결, 진선규, 이희준, 양경원, 이다아야, 배소미 등","민준호, 안혁원, 김설진 등","만 13세 이상","1시간 40분","공연배달서비스간다","공연완료","http://www.kopis.or.kr/upload/pfmPoster/PF_PF291582_260624_111354.gif","PF291582"
"이올라오스 [대학로]","2026.06.21","2026.09.06","예스24아트원(구.대학로아트원씨어터) (3관)","연극","문성일, 김준식, 김재한, 김서환, 정서안, 신수빈, 최유현 등","윤상원, 박예지, 천성진 등","만 14세 이상","1시간 30분","(주) 섬으로간 나비, (주) 섬으로간 나비","공연중","http://www.kopis.or.kr/upload/pfmPoster/PF_PF291576_260518_104113.jpg","PF291576"
"구미식 [대학로]","2026.06.13","2026.06.21","씨어터 쿰 (씨어터 쿰)","연극","백익남, 안병식, 윤경, 조영규, 한지수","이홍도, 전인철, 전강희 등","만 13세 이상","1시간 20분","극단 돌파구, 극단 돌파구","공연완료","http://www.kopis.or.kr/upload/pfmPoster/PF_PF291550_260515_160922.gif","PF291550"
"꿈속에선 다정하였네 [과천]","2026.06.19","2026.06.20","과천시민회관 (소극장)","연극","박정자, 최형석, 김현아","한태숙, 채정규, 심경숙 등","만 7세 이상","1시간 20분","화이트캣시어터컴퍼니","공연완료","http://www.kopis.or.kr/upload/pfmPoster/PF_PF291509_260515_134838.gif","PF291509"
"청혼 [대학로]","2026.06.11","2026.06.14","더 씨어터 (더 씨어터)","연극","최재혁, 서예찬, 이현지, 옥빛나","권동섭, 한상훈, 안효웅 등","만 13세 이상","40분","","공연완료","http://www.kopis.or.kr/upload/pfmPoster/PF_PF291505_260526_104951.png","PF291505"
"기억의 집 [수원]","2026.05.30","2026.06.27","소극장 울림터 (극단 메카네) (소극장 울림터 (극단 메카네) )","연극","박륜경, 박윤정, 권순철, 차상윤, 서병찬","이혜인, 서민철, 이지윤 등","만 13세 이상","1시간 30분","극단 메카네","공연완료","http://www.kopis.or.kr/upload/pfmPoster/PF_PF291499_260515_132219.jpg","PF291499"
"제47회 서울연극제, 피아노맨","2026.06.13","2026.06.28","여행자극장 (여행자극장)","연극","김가은, 김정기, 김해중, 박현지, 박헤림, 백준헌, 송상규 등","최경훈, 박현정, 이슬 등","만 13세 이상","1시간 40분","극단 여행자, 주식회사 코스타","공연완료","http://www.kopis.or.kr/upload/pfmPoster/PF_PF291487_260515_125231.jpg","PF291487"
"사의 찬미 [포항]","2026.06.27","2026.06.27","포항문화예술회관 (대공연장)","연극","서예지, 박은석, 김려은, 김건호, 김태향, 박수야, 허동수","전용석, 장용균, 이연우 등","만 13세 이상","1시간 40분","문화체육관광부","공연완료","http://www.kopis.or.kr/upload/pfmPoster/PF_PF291470_260515_112902.jpg","PF291470"
"TALK BACK","2026.05.28","2026.05.31","청년예술청 SAPY (그레이룸)","연극","김류현, 한채리, 황우리","최재혁, 박채림, 정유진 등","만 11세 이상","40분","프로젝트 서울?!","공연완료","http://www.kopis.or.kr/upload/pfmPoster/PF_PF291463_260515_110205.png","PF291463"
"개항장시크릿: 쌀값의 진실 [인천]","2026.05.23","2026.05.31","인천여관1965 (인천여관1965)","연극","","","만 15세 이상","30분","","공연완료","http://www.kopis.or.kr/upload/pfmPoster/PF_PF291429_260514_143729.jpg","PF291429"
"또 여기인가 [대학로]","2026.05.28","2026.06.07","연우소극장 (연우소극장)","연극","박경주, 정화, 오남영, 한현진","김정, 남경식, 신동선 등","만 13세 이상","2시간","프로젝트 내친김에","공연완료","http://www.kopis.or.kr/upload/pfmPoster/PF_PF291415_260514_140931.gif","PF291415"
"제47회 서울연극제: 뒤집어지는 접두사, 노","2026.05.20","2026.05.31","미마지아트센터 (물빛극장)","연극","정이주, 임규, 김기승, 이윤숙, 조주현, 김현숙","김광탁, 송훈상, 정욱 등","만 7세 이상","1시간 15분","극단 춘추","공연완료","http://www.kopis.or.kr/upload/pfmPoster/PF_PF291409_260514_140335.jpg","PF291409"
"이야기해결단 모여라! (6월)","2026.06.13","2026.06.13","Bibistudio (Bibistudio)","연극","","","만 6세 이상","2시간","이야기꾼의 책공연","공연완료","http://www.kopis.or.kr/upload/pfmPoster/PF_PF291389_260514_131526.png","PF291389"
"키스 KISS","2026.06.05","2026.06.12","모두예술극장 (모두예술극장)","연극","박강원, 김유림, 황인석, 권윤영, 배지우, 마리아 페르난다 실바","우종희, 박동기, 곽태준 등","만 13세 이상","1시간 40분","극단 한양레퍼토리, 극단 한양레퍼토리","공연완료","http://www.kopis.or.kr/upload/pfmPoster/PF_PF291386_260514_130757.gif","PF291386"
"강아지똥 [부산]","2026.06.20","2026.06.20","부산민주공원 공연장 (큰방(중극장))","연극","정래석, 이희연, 허정진, 안중현, 오명준, 류제원, 남희진 등","김정숙, 양승환, 정수미 등","36개월 이상","50분","극단 모시는사람들, 극단 모시는사람들, 민주공원","공연완료","http://www.kopis.or.kr/upload/pfmPoster/PF_PF291384_260514_130336.gif","PF291384"
"세일즈맨의 죽음 [서울 송파]","2026.05.16","2026.05.17","한바탕 소극장 (한바탕 소극장)","연극","김민경, 송상익, 신경철, 오찬영, 이지선, 한경식, 한다람 등","송상익, 이지선","만 15세 이상","2시간 30분","극단 한바탕","공연완료","http://www.kopis.or.kr/upload/pfmPoster/PF_PF291383_260514_125930.jpg","PF291383"
"공놀이클럽의 사계절 체홉: 바냐 아저씨","2026.06.20","2026.06.20","마포아트센터 (플레이맥)","연극","김명수, 김세환, 박희정, 유종연","강훈구, 변은서, 구본형 등","만 13세 이상","1시간 40분","(재)마포문화재단(마포아트센터), 공놀이클럽","공연완료","http://www.kopis.or.kr/upload/pfmPoster/PF_PF291365_260514_114232.gif","PF291365"
"설치극장: 당신에게 가려구요 [대학로]","2026.06.09","2026.06.14","아르코예술극장 (소극장)","연극","","전강희, 김혜림, 최가람 등","만 13세 이상","55분","섬우주","공연완료","http://www.kopis.or.kr/upload/pfmPoster/PF_PF291362_260514_113420.jpg","PF291362"
"제8회 페미니즘 연극제, 처녀귀신 코미디 쇼","2026.06.11","2026.06.14","연극실험실 혜화동1번지 (연극실험실 혜화동1번지)","연극","김나라, 베튤 준불, 라소영, 안세희, 오승은, 이청","에밀리 정, 제니퍼 박, 한윤미 등","만 15세 이상","1시간 10분","바람 컴퍼니(Baram Company), 페미니즘 연극제 운영위원회","공연완료","http://www.kopis.or.kr/upload/pfmPoster/PF_PF291357_260514_112601.gif","PF291357"
"제7회 춘천시립인형극단 정기공연: 실레마을 이야기 [춘천]","2026.06.18","2026.06.20","축제극장몸짓 (축제극장몸짓)","연극","","김유정, 배근영, 정승진","36개월 이상","50분","","공연완료","http://www.kopis.or.kr/upload/pfmPoster/PF_PF291350_260514_110547.jpg","PF291350"
"국립극단, 사사로운 사서","2026.06.20","2026.06.28","국립극단 [명동] (명동예술극장)","연극","이지현, 박용우, 손지윤, 장호인, 황상경","강현주, 이고은, 조경훈 등","만 12세 이상","1시간 40분","(재) 국립극단, 국립아시아문화전당, 국립아시아문화전당재단","공연완료","http://www.kopis.or.kr/upload/pfmPoster/PF_PF291327_260514_101954.jpg","PF291327"
"제2회 낭독극 페스티벌 : 아스라이, 저 반딧불처럼","2026.06.03","2026.06.04","소극장 혜화당 (구. 까망소극장) (소극장 혜화당 (구. 까망소극장) )","연극","장수아, 양준수, 김지훈","양형규, 조수현, 박경식 등","만 11세 이상","1시간","공연창작소 공간, 소극장 혜화당","공연완료","http://www.kopis.or.kr/upload/pfmPoster/PF_PF291318_260513_152026.gif","PF291318"
"제2회 낭독극 페스티벌: 법대로 해볼까요?","2026.05.30","2026.05.31","소극장 혜화당 (구. 까망소극장) (소극장 혜화당 (구. 까망소극장) )","연극","박이정화, 박기나, 최은미","박기나, 황윤호성, 최병덕 등","만 11세 이상","1시간","소극장 혜화당","공연완료","http://www.kopis.or.kr/upload/pfmPoster/PF_PF291316_260513_150248.gif","PF291316"
"사랑해 엄마 [울산]","2026.12.19","2026.12.20","울산문화예술회관 (대공연장)","연극","조혜련, 이경실, 김지선, 김효진, 정지환, 김건호, 고준혁 등","조혜련, 현유진, 김예선 등","만 7세 이상","1시간 40분","(주)극단코스모스, (주)조이컬쳐스, 안녕컴퍼니","공연예정","http://www.kopis.or.kr/upload/pfmPoster/PF_PF291313_260513_145528.gif","PF291313"
"리어의 역 [대학로]","2026.06.04","2026.07.05","대학로 자유극장 (자유문화발전소) (대학로 자유극장 (자유문화발전소) )","연극","홍원기, 김왕근, 정아미, 오화라, 김소라, 전해주, 서혜원 등","기국서, 서민균, 최명철 등","만 16세 이상","1시간 30분","(주)주다컬쳐, 극단 76단","공연완료","http://www.kopis.or.kr/upload/pfmPoster/PF_PF291308_260513_143624.gif","PF291308"
"제2회 낭독극 페스티벌, 번지","2026.05.27","2026.05.28","소극장 혜화당 (구. 까망소극장) (소극장 혜화당 (구. 까망소극장) )","연극","윤형조, 이승원, 이유진, 박정호","이유진, 한종엽, 김하은 등","만 11세 이상","1시간 5분","극단 이유 [서울 광진], 소극장 혜화당","공연완료","http://www.kopis.or.kr/upload/pfmPoster/PF_PF291295_260513_134352.gif","PF291295"
"사랑해 엄마 [인천 남동]","2026.09.05","2026.09.06","인천문화예술회관 (대공연장)","연극","조혜련, 이경실, 김지선, 김효진, 정지환, 김건호, 고준혁 등","윤진하, 조혜련, 현유진 등","만 7세 이상","1시간 40분","(주)극단코스모스, (주)조이컬쳐스, 안녕컴퍼니","공연예정","http://www.kopis.or.kr/upload/pfmPoster/PF_PF291291_260513_133557.gif","PF291291"
"분장실 [부천]","2026.07.25","2026.07.25","복사골문화센터 (아트홀)","연극","이일화, 송옥숙, 박정원, 서영희","윤서현, 복영한, 심지혜 등","만 14세 이상","1시간 40분","(재)부천문화재단","공연완료","http://www.kopis.or.kr/upload/pfmPoster/PF_PF291289_260513_133144.gif","PF291289"
"제2회 낭독극 페스티벌: 진짜 사나이는 다 엎드려 뻗쳐","2026.06.06","2026.06.07","소극장 혜화당 (구. 까망소극장) (소극장 혜화당 (구. 까망소극장) )","연극","김수인, 송선재, 여정윤, 정교림, 차선민","김요섭, 이윤성, 심건우 등","만 14세 이상","1시간 20분","소극장 혜화당, 일공시","공연완료","http://www.kopis.or.kr/upload/pfmPoster/PF_PF291288_260513_132922.gif","PF291288"
"노원어린이극장, 오늘도 바람 [서울 노원]","2026.06.10","2026.06.21","노원어린이극장 (구.노원어울림극장) (노원어린이극장 (구.노원어울림극장) )","연극","정가람, 강민지, 서주현, 전인기","이영숙, 고순덕, 조원석 등","만 7세 이상","1시간","(재)노원문화재단(노원문화예술회관), 극단 올리브와 찐콩, 극단 올리브와 찐콩","공연완료","http://www.kopis.or.kr/upload/pfmPoster/PF_PF291285_260513_132301.gif","PF291285"
"제2회 낭독극 페스티벌: 서로 다른 두 짐승이 밥을 세 번 먹은 이야기","2026.05.27","2026.05.28","소극장 혜화당 (구. 까망소극장) (소극장 혜화당 (구. 까망소극장) )","연극","김성대, 김은정, 표현진","조민영, 김솔, 이보람","만 11세 이상","1시간","보통현상, 소극장 혜화당","공연완료","http://www.kopis.or.kr/upload/pfmPoster/PF_PF291284_260513_131920.gif","PF291284"
"제2회 낭독극 페스티벌: 빨간 우울","2026.05.30","2026.05.31","소극장 혜화당 (구. 까망소극장) (소극장 혜화당 (구. 까망소극장) )","연극","김미지, 신정연, 안준호, 조형락, 차수현","이수영, 장우재","만 11세 이상","40분","극단 이와삼, 소극장 혜화당","공연완료","http://www.kopis.or.kr/upload/pfmPoster/PF_PF291280_260513_131226.gif","PF291280"
"언체인","2026.06.16","2026.09.06","예스24 스테이지(구. DCF대명문화공장) (2관)","연극","최호승, 양지원, 손유동, 최석진, 김기택, 박정혁, 강은빈","노재환, 박정인, 이재준 등","만 16세 이상","1시간 20분","(주)콘텐츠플래닝, (주)콘텐츠플래닝, 리미널 그리드(LIMINAL GRID)","공연중","http://www.kopis.or.kr/upload/pfmPoster/PF_PF291279_260513_130938.jpg","PF291279"
"제2회 낭독극 페스티벌: 모태솔로 퇴마기","2026.06.06","2026.06.07","소극장 혜화당 (구. 까망소극장) (소극장 혜화당 (구. 까망소극장) )","연극","김어진, 임휘진, 현태성, 이연실, 김윤서","임휘진, 최주현, 심재욱 등","만 14세 이상","1시간","극단 바바서커스, 소극장 혜화당","공연완료","http://www.kopis.or.kr/upload/pfmPoster/PF_PF291276_260513_130432.gif","PF291276"
"작가의 서재 [대학로]","2026.06.10","2026.06.14","미마지아트센터 (물빛극장)","연극","오지숙","이자순, 송치곤, 주원규 등","만 12세 이상","1시간 20분","극단 제3무대, 극단 제3무대","공연완료","http://www.kopis.or.kr/upload/pfmPoster/PF_PF291275_260513_125925.jpg","PF291275"
"사랑해 엄마 [천안]","2026.11.07","2026.11.08","천안예술의전당 (대공연장)","연극","조혜련, 이경실, 김지선, 김효진, 정지환, 김건호, 고준혁 등","윤진하, 조혜련, 현유진 등","만 7세 이상","1시간 40분","(주)조이컬쳐스, 안녕컴퍼니","공연예정","http://www.kopis.or.kr/upload/pfmPoster/PF_PF291262_260513_113516.jpg","PF291262"
"돌아온다 [광주]","2026.07.11","2026.07.12","국립아시아문화전당 (극장2)","연극","강성진, 김수로, 김곽경희, 홍은희, 유안, 리우진, 김준호 등","김수로, 김보람, 선욱현 등","만 13세 이상","","(주)더블케이 필름 앤 씨어터 (더블케이엔터테인먼트)","공연완료","http://www.kopis.or.kr/upload/pfmPoster/PF_PF291259_260513_112531.jpg","PF291259"
"시간의 저편에서: OTHELLO Part Ⅱ [부산]","2026.10.08","2026.10.09","부산시민회관 (소극장)","연극","이동현, 이은주","이동현, 조세현, 장현준 등","만 6세 이상","1시간 10분","창작집단 한, 창작집단 한","공연예정","http://www.kopis.or.kr/upload/pfmPoster/PF_PF291256_260513_111657.jpg","PF291256"
"제47회 서울연극제, 안 내! 못 내!","2026.06.25","2026.06.27","성수아트홀(성수문화복지회관) (성수아트홀(성수문화복지회관))","연극","진남수, 주유랑, 김희상, 맹지희, 최재호","장경욱, 황두진, 김동경 등","만 7세 이상","1시간 50분","극단 천지","공연완료","http://www.kopis.or.kr/upload/pfmPoster/PF_PF291250_260519_111649.jpg","PF291250"
"제2회 낭독극 페스티벌: B사감과 러브대자보","2026.06.03","2026.06.04","소극장 혜화당 (구. 까망소극장) (소극장 혜화당 (구. 까망소극장) )","연극","한우림, 이준, 손채연, 한재원","장신비, 배윤진, 김나연 등","만 11세 이상","1시간 5분","is.ability, 소극장 혜화당","공연완료","http://www.kopis.or.kr/upload/pfmPoster/PF_PF291246_260513_105846.gif","PF291246"
"서구愛 마토콘서트, 사춘기 메들리 [대구]","2026.05.30","2026.05.30","대구서구문화회관 (공연장)","연극","","조성준, 박상준 등","만 7세 이상","1시간 30분","(주)팀플레이예술기획, 극단 하람, 대구광역시 서구문화회관, 콘텐츠er","공연완료","http://www.kopis.or.kr/upload/pfmPoster/PF_PF291240_260513_104450.jpg","PF291240"
"행복에의 의지 [강릉]","2026.05.13","2026.05.13","인생서가 (인생서가)","연극","송대령","","전체 관람가","50분","스테이지무늬","공연완료","http://www.kopis.or.kr/upload/pfmPoster/PF_PF291210_260512_134411.png","PF291210"
"제44회 강서구립극단 정기공연: 매화동산","2026.06.12","2026.06.14","강서아트리움 (아리홀)","연극","김유나, 강민수, 백진우, 양동주, 이평, 권성민, 조미선 등","전순열, 한솔비, 김경아 등","만 7세 이상","1시간 40분","강서구립극단 비상, 강서구립극단 비상","공연완료","http://www.kopis.or.kr/upload/pfmPoster/PF_PF291194_260512_115708.gif","PF291194"
"바다는 비에 젖지 않는다","2026.05.22","2026.06.14","비유아트홀(구. 효천아트센터 그라운드씬) (비유아트홀(구. 효천아트센터 그라운드씬))","연극","강경찬, 고경필, 고승우, 김동근, 김수환, 김용찬, 김웅희 등","임지웅, 현준섭, 정예림 등","만 13세 이상","1시간 40분","극단 사고의 뭉치","공연완료","http://www.kopis.or.kr/upload/pfmPoster/PF_PF291188_260512_112943.png","PF291188"
"더 박스 (THE BOX)","2026.06.11","2026.06.28","든해소극장 (구. 모모씨어터) (든해소극장 (구. 모모씨어터) (B1) )","연극","이도혜, 윤봄, 이서원, 손주연, 강래연","이연우, 박선민, 김준현 등","만 11세 이상","1시간 20분","극단 삼월","공연완료","http://www.kopis.or.kr/upload/pfmPoster/PF_PF291182_260512_111813.gif","PF291182"
"노르망디 [서울 마포]","2026.05.14","2026.05.20","성미산마을극장 향 (성미산마을극장 향)","연극","전서진, 송경의, 현종식, 리다해, 황혜진, 김병수, 최강윤 등","차현석, 박영숙, 배대두 등","만 12세 이상","1시간 20분","대학로무대, 대학로무대","공연완료","http://www.kopis.or.kr/upload/pfmPoster/PF_PF291169_260512_104205.gif","PF291169"
"쉿쉿왕과 사라진 말들 [광주]","2026.06.13","2026.06.13","서빛마루문화예술회관 (서빛마루문화예술회관)","연극","","","전체 관람가","1시간","극단 청춘","공연완료","http://www.kopis.or.kr/upload/pfmPoster/PF_PF291164_260512_103402.jpg","PF291164"
"거인의 책상 [인천 서구]","2026.05.23","2026.05.23","문화공간터틀 검단 (문화공간터틀 검단(4F))","연극","","","전체 관람가","1시간","문화공간터틀 검단, 체험예술공간 꽃밭","공연완료","http://www.kopis.or.kr/upload/pfmPoster/PF_PF291151_260512_100313.jpg","PF291151"
"[부산문화패스 패키지] 조은극장 1, 2관 패키지 (신바람삼대 / 할래말래)","2026.04.02","2026.05.31","BNK부산은행 조은극장 (1관)","연극","","","","","(주)조은아트플러스","공연완료","http://www.kopis.or.kr/upload/pfmPoster/PF_PF291134_260511_153759.png","PF291134"
"제17회 대한민국 국공립극단 페스티벌, 인천시립극단: 니들이 인천을 알어¿! [경주]","2026.07.17","2026.07.18","경주예술의전당 (소공연장(원화홀))","연극","","임도완","만 7세 이상","1시간 40분","인천시립극단","공연완료","http://www.kopis.or.kr/upload/pfmPoster/PF_PF291132_260511_153436.jpg","PF291132"
"귀족수업 [대학로]","2026.05.29","2026.05.31","한예극장 (한예극장)","연극","강윤호, 황서빈, 최현서, 전예지, 김장원, 윤주희, 우재민 등","김우기, 허윤정, 백민제 등","만 13세 이상","1시간 30분","아리극단, 아리극단","공연완료","http://www.kopis.or.kr/upload/pfmPoster/PF_PF291128_260511_152154.gif","PF291128"
"제47회 서울연극제, 반성문, 살인기억","2026.05.26","2026.05.31","후암스테이지 (후암스테이지 (구. 마라카 3관, 오씨어터))","연극","박우열, 김동휘, 윤하윤, 도예영, 이채은, 이제나, 오준호 등","김환일, 이태관, 이경민 등","만 12세 이상","1시간 30분","극단 수평선","공연완료","http://www.kopis.or.kr/upload/pfmPoster/PF_PF291126_260511_151710.jpg","PF291126"
"하나,둘,셋, 김치! [전주]","2026.05.01","2026.07.25","김영오 아트센터 (김영오 아트센터)","연극","진시라, 정윤경, 홍정은, 정찬호","김영오, 정찬호, 조은아 등","만 7세 이상","1시간 10분","재인촌 우듬지","공연완료","http://www.kopis.or.kr/upload/pfmPoster/PF_PF291121_260511_150409.gif","PF291121"
"제17회 대한민국 국공립극단 페스티벌, 경산시립극단: 햄버거 먹다가 생각날 이야기 [경주]","2026.07.15","2026.07.15","경주예술의전당 (소공연장(원화홀))","연극","","정철원, 김도영, 장한새 등","만 13세 이상","1시간 30분","경산시립극단, 경주시청","공연완료","http://www.kopis.or.kr/upload/pfmPoster/PF_PF291120_260602_170033.jpg","PF291120"
"세렝게티","2026.05.14","2026.05.17","삼일로창고극장 (삼일로창고극장)","연극","강해, 공성주, 배여진, 이채윤, 이환희, 정우진","최현준, 한제이, 신한빈 등","전체 관람가","1시간 40분","","공연완료","http://www.kopis.or.kr/upload/pfmPoster/PF_PF291116_260511_145127.jpg","PF291116"
"십분: 닿을 수 없는 [대학로]","2026.06.25","2026.07.12","연우소극장 (연우소극장)","연극","문정대, 정희란, 이승주, 이희택, 안혜경, 김낙원, 허동원 등","김진욱, 정희란, 이희택 등","만 14세 이상","1시간 20분","극단 웃어","공연완료","http://www.kopis.or.kr/upload/pfmPoster/PF_PF291114_260511_144915.gif","PF291114"
"제페토의 작업실: 피노키오의 탄생 [광주]","2026.05.28","2026.06.07","국립아시아문화전당 (어린이극장)","연극","양희원, 권영아, 정아름, 박현서, 유소연","엄동열, 임정은, 홍성연 등","36개월 이상","","(주)문화공작소 상상마루","공연완료","http://www.kopis.or.kr/upload/pfmPoster/PF_PF291110_260511_144337.png","PF291110"
"작은겨울아동극축제, 피코 시즌 3: 피코 마을 이야기 [춘천]","2026.05.30","2026.06.07","소극장 여우 (소극장 여우)","연극","정재원, 신정아, 신영우, 홍은우","신영우, 박성호, 박형준 등","36개월 이상","50분","꿈동이인형극단, 여우컴퍼니","공연완료","http://www.kopis.or.kr/upload/pfmPoster/PF_PF291105_260511_143326.gif","PF291105"
"옥순씨의 덕질생활 [세종]","2026.06.05","2026.06.05","세종 음악창작소 누리락 (공연장)","연극","이은영, 노수연, 남상혁, 이제석","이수연, 노의영, 이재영 등","만 8세 이상","1시간 20분","플롯시티(Plotcity)","공연완료","http://www.kopis.or.kr/upload/pfmPoster/PF_PF291090_260511_140209.gif","PF291090"
"늙은 부부 이야기 [양산]","2026.06.05","2026.06.07","아르디ys아트홀 (아르디ys아트홀)","연극","박창화, 이현주, 이주현","김정묵","전체 관람가","1시간 20분","","공연완료","http://www.kopis.or.kr/upload/pfmPoster/PF_PF291086_260511_135552.jpg","PF291086"
"변하는 이야기","2026.05.28","2026.06.07","여행자극장 (여행자극장)","연극","강산, 김상보, 김수정, 김은희, 배병휘, 백준헌, 유혜림 등","이대웅, 박철호, 송지인 등","만 15세 이상","1시간 30분","극단 여행자, 극단 여행자","공연완료","http://www.kopis.or.kr/upload/pfmPoster/PF_PF291078_260511_134339.gif","PF291078"
"갈매기 [대학로]","2026.05.25","2026.05.26","나인진홀 (구.청년극장) (나인진홀 1관)","연극","진해서, 홍예나, 이두연, 이시맥, 김다은, 김유영, 이자의 등","권혁, 윤지원, 김채은 등","만 11세 이상","1시간 30분","(주) 나인진엔터테인먼트","공연완료","http://www.kopis.or.kr/upload/pfmPoster/PF_PF291069_260511_132440.gif","PF291069"
"제17회 대한민국 국공립극단 페스티벌: 아, 여보세요? [경주]","2026.07.23","2026.07.23","경주예술의전당 (소공연장(원화홀))","연극","서유정, 홍지예, 안대원, 홍자연, 정준모, 이건일","이신실","만 5세 이상","1시간 10분","경주시청, 전주시립극단","공연완료","http://www.kopis.or.kr/upload/pfmPoster/PF_PF291064_260511_131425.jpg","PF291064"
"NEW 오! 나의 귀신님 [대학로]","2026.06.05","2027.01.31","아루또소극장 (구. 소담소극장, 구. 코메디컬센터) (아루또소극장 (구. 소담소극장, 구. 코메디컬센터) )","연극","주재환, 권순형, 이선재, 신다해, 김채율, 유가은, 안현 등","김도연, 홍석영, 천성운 등","만 12세 이상","1시간 30분","DY company (디와이 컴퍼니), DY company (디와이 컴퍼니)","공연중","http://www.kopis.or.kr/upload/pfmPoster/PF_PF291062_260807_100238.png","PF291062"
"제8회 놀터청년페스티벌, 유니콘!","2026.06.03","2026.06.07","놀터예술공방 (놀터예술공방)","연극","박주이, 서미현, 이영교, 이원택, 전우진, 정서윤, 하지훈","김건욱, 공유림, 권주헌 등","만 14세 이상","1시간 20분","극단 날아라두더지, 극단 놀터","공연완료","http://www.kopis.or.kr/upload/pfmPoster/PF_PF291060_260511_130747.gif","PF291060"
"제8회 놀터청년페스티벌, 꿈꾸는 내가 좋앙!","2026.06.17","2026.06.21","놀터예술공방 (놀터예술공방)","연극","고지혁, 김재형, 이건희, 이현균","박준혁, 김보서, 김희정 등","만 15세 이상","1시간 10분","극단 놀터, 하이어 그라운드(Higher ground)","공연완료","http://www.kopis.or.kr/upload/pfmPoster/PF_PF291059_260511_130518.gif","PF291059"
"제8회 놀터청년페스티벌, 기억상점","2026.06.24","2026.06.28","놀터예술공방 (놀터예술공방)","연극","노경민, 신승은, 신현준, 여희찬","신현준, 노경민 등","전체 관람가","1시간 20분","극단 놀터, 창작집단 오도독","공연완료","http://www.kopis.or.kr/upload/pfmPoster/PF_PF291055_260511_125413.gif","PF291055"
"시라노 2.0 [부산]","2026.05.28","2026.05.31","나다소극장 (나다소극장)","연극","박준희, 목수연, 김유민","양재영, 강규민, 윤소희 등","만 7세 이상","1시간 20분","극단 판플","공연완료","http://www.kopis.or.kr/upload/pfmPoster/PF_PF291045_260511_122330.jpg","PF291045"
"시간을 파는 상점 [계룡]","2026.05.23","2026.05.23","계룡문화예술의전당 (소공연장(다목적홀))","연극","","","만 8세 이상","1시간 20분","계룡문화예술의전당(계룡공공시설사업소)","공연완료","http://www.kopis.or.kr/upload/pfmPoster/PF_PF291040_260511_114435.gif","PF291040"
"흉터 [대구]","2026.06.19","2026.08.30","아트플러스씨어터 (2관)","연극","","","만 13세 이상","1시간 30분","","공연중","http://www.kopis.or.kr/upload/pfmPoster/PF_PF291038_260511_113848.gif","PF291038"
"제2회 북극곰가족극페스티벌, 달나라 여행","2026.05.15","2026.05.17","북극곰소극장 (북극곰소극장)","연극","장완희, 장건희, 윤지수, 장카렌","김샛별, 권오영, 서지윤 등","36개월 이상","1시간","북(BooK)극곰 예술여행, 아스텔 노바 엔터테인먼트(Astell Nova Entertainment)","공연완료","http://www.kopis.or.kr/upload/pfmPoster/PF_PF291033_260625_090717.gif","PF291033"
"해안도로 [부산]","2026.06.16","2026.06.20","공간소극장 [대연역] (공간소극장 [대연역] )","연극","황미애, 이동희, 김학준","전상배,최치환, 하선이 등","만 13세 이상","1시간 10분","공간 소극장","공연완료","http://www.kopis.or.kr/upload/pfmPoster/PF_PF291031_260511_112517.jpg","PF291031"
"제47회 서울연극제, 어바웃 햄릿","2026.05.28","2026.06.07","열린극장 (열린극장)","연극","박기륭, 이성원, 오동욱, 김정훈, 양권석, 김태희, 허정환 등","정형석, 김진현, 김병애 등","만 12세 이상","1시간 10분","극단 드림시어터컴퍼니, 극단 드림시어터컴퍼니","공연완료","http://www.kopis.or.kr/upload/pfmPoster/PF_PF291027_260810_101812.jpg","PF291027"
"제47회 서울연극제, 스쁘라브카: 열람","2026.06.02","2026.06.07","후암스테이지 (후암스테이지 (구. 마라카 3관, 오씨어터))","연극","임은연, 엄지용","정재호, 박광배, 이재호 등","만 12세 이상","1시간 10분","고온문화예술, 극단 이구아구","공연완료","http://www.kopis.or.kr/upload/pfmPoster/PF_PF291026_260511_111008.gif","PF291026"
"니 부모 얼굴이 보고싶다","2026.05.08","2026.05.17","미마지아트센터 (물빛극장)","연극","고인배, 임향화, 권남희, 박선옥, 지성근, 구혜령, 류시현 등","이성곤, 김정선, 마예은 등","전체 관람가","1시간 40분","쏭 기획, 지공연협동조합","공연완료","http://www.kopis.or.kr/upload/pfmPoster/PF_PF291024_260511_110228.jpg","PF291024"
"제195회 포항시립연극단 정기공연 & 제17회 대한민국 국공립극단 페스티벌: 생존의 법칙","2026.07.16","2026.07.16","경주예술의전당 (대공연장(화랑홀))","연극","","최성원","만 12세 이상","1시간 40분","경주시청, 포항시립연극단","공연완료","http://www.kopis.or.kr/upload/pfmPoster/PF_PF291022_260511_105856.jpg","PF291022"
"꼬마장승 가출기 [군포]","2026.06.18","2026.06.20","군포시평생학습원 (상상극장)","연극","김지웅, 최태익, 신은경, 양우진","이새로미, 이동록 등","36개월 이상","53분","(재) 군포문화재단","공연완료","http://www.kopis.or.kr/upload/pfmPoster/PF_PF291016_260511_104827.gif","PF291016"
"제17회 대한민국 국공립극단 페스티벌, 국립극단 온라인 극장: 조씨고아, 복수의 씨앗 [경주] (영상화)","2026.07.05","2026.07.05","경주예술의전당 (대공연장(화랑홀))","연극","","고선웅 등","만 11세 이상","2시간 35분","경주시청","공연완료","http://www.kopis.or.kr/upload/pfmPoster/PF_PF291009_260511_103744.jpg","PF291009"
"턱,5cm [대학로]","2026.06.03","2026.06.03","대학로 이음센터(한국장애인문화예술원) (이음홀)","연극","최규태, 한유진, 박미숙, 나혜윤, 이재영, 한단아, 이윤재 등","최규태, 이해달, 신상조 등","만 15세 이상","1시간 15분","극단 일점오용인","공연완료","http://www.kopis.or.kr/upload/pfmPoster/PF_PF290988_260508_144143.gif","PF290988"
"성남아트센터 키즈 페스티벌, 코 잃은 코끼리 코바 [성남]","2026.08.14","2026.08.14","성남아트센터 (앙상블씨어터)","연극","김조민, 윤자영, 서선택, 김예은, 유시효, 박서우","김조민, 김지선, 여진우 등","36개월 이상","1시간 5분","(재)성남문화재단, 이야기꾼의 책공연","공연완료","http://www.kopis.or.kr/upload/pfmPoster/PF_PF290963_260508_135335.gif","PF290963"
"성남아트센터 키즈 페스티벌, 산초와 돈키호테","2026.08.12","2026.08.12","성남아트센터 (앙상블씨어터)","연극","김해중, 송정수, 서현진","조현산, 류찬, 류지연 등","24개월 이상","55분","(재)성남문화재단, 예술무대산","공연완료","http://www.kopis.or.kr/upload/pfmPoster/PF_PF290950_260508_133558.gif","PF290950"
"우리는 지금 어디에 있을까?","2026.05.21","2026.05.24","공간아울 (공간아울)","연극","권수경, 김경연, 김미정, 김유정, 허은미, 이경근, 이재협 등","이경근, 박미란, 우리안 등","만 15세 이상","1시간 30분","극단 괴물, 극단 괴물","공연완료","http://www.kopis.or.kr/upload/pfmPoster/PF_PF290942_260508_131952.gif","PF290942"
"사랑해 엄마 [고령]","2026.05.30","2026.05.30","경북고령대가야문화누리 (구. 대가야국악당) (대공연장 (우륵홀) )","연극","조혜련, 조지환, 정지환, 이서주, 김연수, 이혜지 등","","만 7세 이상","1시간 30분","(주)조이컬쳐스, (주)조이컬쳐스, 대가야문화누리, 안녕컴퍼니, 안녕컴퍼니","공연완료","http://www.kopis.or.kr/upload/pfmPoster/PF_PF290940_260508_131815.jpg","PF290940"
"제4회 하남 GG 페스티벌, YSTERDAY: ING (예스터데잉)","2026.06.13","2026.06.14","한홀 소극장 (한홀 소극장)","연극","김민재, 천지수, 서주원, 김혜진, 구태석, 조다슬","김상원, 김우탁, 박도영 등","만 13세 이상","1시간 10분","공연콘텐츠연구소 미예사","공연완료","http://www.kopis.or.kr/upload/pfmPoster/PF_PF290932_260508_130516.png","PF290932"
"시작, 시작","2026.05.10","2026.05.10","스튜디오 QDA(구. 춤공장) (스튜디오 QDA(구. 춤공장))","연극","이태건, 이현수, 홍경아","","만 13세 이상","1시간","","공연완료","http://www.kopis.or.kr/upload/pfmPoster/PF_PF290921_260508_120045.jpg","PF290921"
"콜라병 뚜껑 여는 시도하기","2026.05.28","2026.05.31","보광극장 (보광극장)","연극","임해윤, 이윤제, 최미소","최지유, 최원호, 김산하 등","만 15세 이상","1시간 10분","창작예술집단 보광극장","공연완료","http://www.kopis.or.kr/upload/pfmPoster/PF_PF290904_260508_105952.gif","PF290904"
"흥부놀부 [대구]","2026.05.28","2026.06.28","대백프라자 (레오문화홀)","연극","","","전체 관람가","35분","(주)교문, (주)봉크","공연완료","http://www.kopis.or.kr/upload/pfmPoster/PF_PF290901_260508_105351.gif","PF290901"
"피노키오 [대구]","2026.07.01","2026.07.26","대백프라자 (레오문화홀)","연극","","","전체 관람가","35분","","공연완료","http://www.kopis.or.kr/upload/pfmPoster/PF_PF290896_260508_104755.jpg","PF290896"
"그래도 지금 [대학로]","2026.05.29","2026.05.31","소극장 플랫폼74 (소극장 플랫폼74)","연극","안성열, 조현석, 차유현, 이승협, 이수언, 서상민, 최수연","안성열, 조시현, 윤수인 등","전체 관람가","1시간 20분","극단 무언, 극단 무언","공연완료","http://www.kopis.or.kr/upload/pfmPoster/PF_PF290862_260507_150208.gif","PF290862"
"제195회 포항시립연극단 정기공연: 생존의 법칙","2026.06.04","2026.06.06","포항시청 대잠홀 (포항시청 대잠홀)","연극","김민철, 최지환, 김성환, 윤도경, 김순남, 최현아, 김용운 등","김민우, 박지원, 박영석 등","만 11세 이상","1시간 40분","포항시립연극단, 포항시청","공연완료","http://www.kopis.or.kr/upload/pfmPoster/PF_PF290856_260507_144028.jpg","PF290856"
"[부산문화패스 패키지] 부산국제연극제, 초청작 3개 공연 자유패키지","2026.05.09","2026.05.17","(재) 영화의전당 (하늘연극장)","연극","","","","","(사)부산국제연극제조직위원회","공연완료","http://www.kopis.or.kr/upload/pfmPoster/PF_PF290854_260507_143411.png","PF290854"
"제47회 서울연극제, 알","2026.06.09","2026.06.14","열린극장 (열린극장)","연극","이민섭, 정연숙, 홍소향, 김우경, 최윤서, 이훈선, 장희재 등","김성진, 이돈용, 서영제 등","만 11세 이상","1시간 25분","(주)비노바플랫폼, 극단 목수, 극단 목수","공연완료","http://www.kopis.or.kr/upload/pfmPoster/PF_PF290847_260526_161114.jpg","PF290847"
"제47회 서울연극제, 잔류시민","2026.06.06","2026.06.14","서울문화재단 대학로극장 쿼드 (예술청) (대학로극장 쿼드 (예술청) )","연극","이종무, 정원조, 황은후, 백성철, 우범진, 이수진, 황규찬 등","안경모, 유인수, 도현진 등","만 13세 이상","1시간 40분","(주)연우무대, (주)연우무대","공연완료","http://www.kopis.or.kr/upload/pfmPoster/PF_PF290846_260507_141831.gif","PF290846"
"이웃집 쌀통 [상주]","2026.05.09","2026.05.10","소극장 둥지 (소극장 둥지(B1))","연극","","","만 8세 이상","1시간 10분","","공연완료","http://www.kopis.or.kr/upload/pfmPoster/PF_PF290807_260507_130358.png","PF290807"
"통로 [인천]","2026.05.29","2026.05.31","없는극장 (없는극장)","연극","강윤민지, 민재원, 최현조, 김진솔, 변준섭, 채윤 등","전윤환, 권근영, 한원균 등","만 11세 이상","1시간","A.N.D Theatre(앤드씨어터)","공연완료","http://www.kopis.or.kr/upload/pfmPoster/PF_PF290804_260507_124542.png","PF290804"
"콧물끼리 [남양주]","2026.05.30","2026.05.30","남양주 어린이비전센터 (다목적강당)","연극","김지애, 김선미, 장호중, 박정섭, 김주형","한지혜, 조주현, 이선일 등","24개월 이상","55분","창작집단 인사리","공연완료","http://www.kopis.or.kr/upload/pfmPoster/PF_PF290801_260601_090128.gif","PF290801"
"홍도 [고양]","2026.07.17","2026.07.18","고양어울림누리 (어울림극장)","연극","박하선, 예지원, 홍의준, 견민성, 임진구, 정보석, 유병훈 등","고선웅","만 7세 이상","1시간 40분","(재)고양문화재단, 극공작소 마방진","공연완료","http://www.kopis.or.kr/upload/pfmPoster/PF_PF290790_260518_152618.gif","PF290790"
"제8회 페미니즘 연극제, 나의 뱀","2026.06.04","2026.06.07","연극실험실 혜화동1번지 (연극실험실 혜화동1번지)","연극","경지은, 박하늘, 이유라, 정다함, 한혜진","허선혜, 김현지, 이동현 등","만 15세 이상","1시간 40분","창작살롱 나비꼬리, 페미니즘 연극제 운영위원회","공연완료","http://www.kopis.or.kr/upload/pfmPoster/PF_PF290789_260507_110706.gif","PF290789"
"제5회 보편적이지만은 않은 극적무대, MACBETH: A REQUIEM","2026.05.21","2026.05.31","극장 봄 (봄소극장) (극장 봄)","연극","서광재, 조옥형, 김지유, 하범서, 백승연 등","이광복, 정혜리, 강민재 등","만 13세 이상","1시간 30분","창작집단 일각","공연완료","http://www.kopis.or.kr/upload/pfmPoster/PF_PF290783_260507_105627.png","PF290783"
"그의 하루 [부산]","2026.08.28","2026.08.30","부산문화회관 (사랑채극장 (소극장) )","연극","","황승현, 조현산, 류지연 등","만 11세 이상","1시간","(재)부산문화회관, (재)부산문화회관","공연예정","http://www.kopis.or.kr/upload/pfmPoster/PF_PF290782_260507_105031.jpg","PF290782"
"이야기 보따리 ② 오늘, 오늘이의 노래 [남원]","2026.05.16","2026.05.16","국립민속국악원 (예원당)","연극","고은경, 이병선, 김하은, 이우주, 김정아, 이민영, 최성우 등","배근영, 양미지, 최진근 등","36개월 이상","","국립민속국악원, 극단 로.기.나래","공연완료","http://www.kopis.or.kr/upload/pfmPoster/PF_PF290779_260507_104358.jpg","PF290779"
"오버코트 [서울 성북]","2026.06.06","2026.06.27","하땅세극장 (하땅세극장2 (2층))","연극","박은서, 박창국, 김의진, 강경천","윤시중, 이주연, 박광선 등","36개월 이상","50분","(유)햇살놀이터","공연완료","http://www.kopis.or.kr/upload/pfmPoster/PF_PF290775_260507_103234.gif","PF290775"
"월영백화 [부산]","2026.05.23","2026.05.30","하늘바람소극장 (하늘바람소극장)","연극","구민주, 황창기, 이현옥, 박센, 김성은, 한아름, 임수연","심상교, 호민, 홍영미 등","만 13세 이상","1시간 40분","프로젝트 오르다","공연완료","http://www.kopis.or.kr/upload/pfmPoster/PF_PF290766_260507_101625.jpg","PF290766"
"별은 낮에도 있다 [대학로]","2026.05.08","2026.06.03","광복극장 (광복극장(B1))","연극","서도민, 김기헌, 신하늘, 이해준, 우주은, 김고은, 박소현 등","문민형, 신하늘, 송기혜 등","만 12세 이상","1시간 50분","칠십팔째수 소극장, 칠십팔째수 소극장","공연완료","http://www.kopis.or.kr/upload/pfmPoster/PF_PF290752_260506_145119.gif","PF290752"
"벌쓰 [대학로]","2026.05.29","2026.06.27","나인진홀 (구.청년극장) (나인진홀 1관)","연극","김태향, 강동석, 이두연, 임재성, 임현준, 이기현, 윤지원 등","정구진, 강지원, 이두연 등","만 14세 이상","1시간 30분","(주) 나인진엔터테인먼트, (주) 나인진엔터테인먼트","공연완료","http://www.kopis.or.kr/upload/pfmPoster/PF_PF290748_260506_143008.gif","PF290748"
"[부산문화패스 패키지] 부산국제연극제, K-Stage 2개 공연패키지","2026.05.11","2026.05.15","동서대학교 민석 소극장 (동서대학교 민석 소극장)","연극","","","","","(사)부산국제연극제조직위원회","공연완료","http://www.kopis.or.kr/upload/pfmPoster/PF_PF290747_260506_142813.png","PF290747"
"마지막 소원 [제천]","2026.06.19","2026.06.20","제천시문화회관 (대강당)","연극","김민정, 이승철, 이영호, 김미숙, 김진한, 황연주, 이은비 등","채민석, 박주리, 김형택 등","만 7세 이상","1시간 10분","제천시청","공연완료","http://www.kopis.or.kr/upload/pfmPoster/PF_PF290725_260506_133416.gif","PF290725"
"순우삼촌 [대학로]","2026.06.05","2026.06.28","안똔체홉극장 (안똔체홉극장)","연극","조환, 이강원, 이지수, 염인섭, 고은희, 한창훈, 장희수 등","김시번","만 12세 이상","1시간 40분","극단 성난발명가들","공연완료","http://www.kopis.or.kr/upload/pfmPoster/PF_PF290723_260506_133037.gif","PF290723"
"제47회 서울연극제, 사소한 것들","2026.06.19","2026.06.28","서울문화재단 대학로극장 쿼드 (예술청) (대학로극장 쿼드 (예술청) )","연극","문예주, 심영민, 박정현, 고병택, 최영도, 정서연, 김호준 등","조은주, 채수욱, 배선애 등","만 12세 이상","1시간 40분","창작집단 오늘도 봄, 창작집단 오늘도 봄","공연완료","http://www.kopis.or.kr/upload/pfmPoster/PF_PF290718_260506_131636.jpg","PF290718"
"얽혀-겹침","2026.05.14","2026.05.16","이화여자대학교 생활환경관 소극장 (이화여자대학교 생활환경관 소극장)","연극","김다은, 박수영, 안해인 등","최서은, 박희원, 정윤아 등","만 12세 이상","1시간","","공연완료","http://www.kopis.or.kr/upload/pfmPoster/PF_PF290697_260506_113241.gif","PF290697"
"라스트 폴트레잇","2026.06.25","2026.06.28","소극장 공유 (소극장 공유)","연극","정율, 문채원","정용재, 이태영, 김다솜","만 15세 이상","1시간 20분","와이엘프로덕션(yl production)","공연완료","http://www.kopis.or.kr/upload/pfmPoster/PF_PF290690_260506_111859.gif","PF290690"
"샤카 [대학로]","2026.05.14","2026.05.24","드림시어터 [대학로] (소극장)","연극","조이재, 김민서, 홍유정, 최설희, 김동우, 이원재, 천석범 등","김세현, 차영원, 곽수연 등","만 14세 이상","1시간 30분","컴퍼니420 (Company 420), 컴퍼니420 (Company 420)","공연완료","http://www.kopis.or.kr/upload/pfmPoster/PF_PF290689_260506_111858.gif","PF290689"
"우리읍내 [충주]","2026.07.23","2026.07.25","호암예술관 (호암예술관)","연극","김지수, 박지현, 남성현, 김혜빈, 정혜린, 남채현, 유신우 등","남성현, 김혜빈, 김지수 등","만 13세 이상","1시간 30분","극단 언타이틀","공연완료","http://www.kopis.or.kr/upload/pfmPoster/PF_PF290688_260506_111255.jpg","PF290688"
"나의 완벽한 파트너 [대전]","2026.06.26","2026.07.26","아신극장 (1관 (3층) )","연극","","","만 10세 이상","1시간 40분","(주)아신아트컴퍼니","공연완료","http://www.kopis.or.kr/upload/pfmPoster/PF_PF290681_260605_160222.gif","PF290681"
"남도천지밥 [나주]","2026.05.15","2026.05.15","나주문화예술회관 (나주문화예술회관)","연극","","","전체 관람가","1시간 10분","나주문화예술회관(나주시청)","공연완료","http://www.kopis.or.kr/upload/pfmPoster/PF_PF290679_260506_104817.png","PF290679"
"마지막 소원 [충주]","2026.07.17","2026.07.18","충주시문화회관 (충주시문화회관)","연극","김민정, 이승철, 이영호, 김미숙, 김진한, 황연주, 이은비 등","채민석, 박주리, 김형택 등","만 7세 이상","1시간 10분","제천시청","공연완료","http://www.kopis.or.kr/upload/pfmPoster/PF_PF290677_260506_104604.gif","PF290677"
"댄포스가 옳았다 [대학로]","2026.06.12","2026.08.30","예스24 스테이지(구. DCF대명문화공장) (3관(구. 수현재씨어터))","연극","박건형, 최영준, 강승호, 고상호, 김한결, 이현우","장진, 남경식, 나한수 등","만 13세 이상","1시간 40분","(주)트위스트1971공연제작소, (주)트위스트1971공연제작소","공연중","http://www.kopis.or.kr/upload/pfmPoster/PF_PF290676_260611_153013.gif","PF290676"
"마지막 소원 [단양]","2026.07.10","2026.07.11","단양군문화예술회관 (공연장)","연극","김민정, 이승철, 이영호, 김미숙, 김진한, 황연주, 이은비 등","채민석, 박주리, 김형택 등","만 7세 이상","1시간 10분","제천시청","공연완료","http://www.kopis.or.kr/upload/pfmPoster/PF_PF290674_260506_104158.gif","PF290674"
"너에게 말한다: 오래전 빌레못굴 이야기 [제주]","2026.05.23","2026.05.24","서귀포예술의전당 (소극장)","연극","","최민주, 이상용","만 10세 이상","1시간 10분","","공연완료","http://www.kopis.or.kr/upload/pfmPoster/PF_PF290671_260506_103452.jpg","PF290671"
"만세시리즈 01, 화이트아웃 x 파이팅 브라더! [대학로]","2026.05.26","2026.05.31","단막극장(구.대학로단막극장) (단막극장(구.대학로단막극장))","연극","심태식, 김창영, 이수연, 강해랑, 정혜임, 송영주, 김천 등","윤상호, 김한비, 김광훈 등","만 7세 이상","1시간 5분","만세프로젝트, 만세프로젝트","공연완료","http://www.kopis.or.kr/upload/pfmPoster/PF_PF290661_260506_102022.gif","PF290661"
"맨 끝줄 소년 [대학로]","2026.06.06","2026.06.30","나인진홀 (구.청년극장) (나인진홀 2관)","연극","서승우, 한민우, 윤하영, 이동욱, 최성원, 이현동, 이승노 등","남혁준, 전서현, 홍이빈 등","만 13세 이상","1시간 30분","더울림포스, 더울림포스","공연완료","http://www.kopis.or.kr/upload/pfmPoster/PF_PF290646_260506_130933.jpg","PF290646"
"고요한 밤, 우리 셋 [무안]","2026.05.15","2026.05.15","무안승달문화예술회관 (대공연장)","연극","이영환, 김정오, 정낙일, 강경수, 양선영","나상문","만 7세 이상","1시간 20분","더 아트컴퍼니 연","공연완료","http://www.kopis.or.kr/upload/pfmPoster/PF_PF290644_260504_173029.png","PF290644"
"춘향전 [양평]","2026.05.09","2026.05.09","양평군도서관 (물빛극장 )","연극","","","만 7세 이상","1시간","(재)경기아트센터","공연완료","http://www.kopis.or.kr/upload/pfmPoster/PF_PF290642_260504_172420.gif","PF290642"
"호랑이 소동 [대학로]","2026.05.05","2026.05.25","북극곰소극장 (북극곰소극장)","연극","장성환, 장대림, 김민지","장대림, 장성환, 박정서 등","24개월 이상","1시간","극단 애기똥풀","공연완료","http://www.kopis.or.kr/upload/pfmPoster/PF_PF290641_260504_172312.gif","PF290641"
"소풍 [대학로]","2026.06.10","2026.06.21","JS아트홀 (구. 고스트씨어터 구.다소니씨어터) (JS아트홀 (구. 고스트씨어터 구.다소니씨어터) )","연극","김종칠, 서수옥, 박선신, 조주현","심재찬, 김나영","만 14세 이상","1시간 20분","극단 전망, 극단 전망","공연완료","http://www.kopis.or.kr/upload/pfmPoster/PF_PF290622_260504_162010.gif","PF290622"
"안산디자인문화고등학교 공연콘텐츠과 14기 졸업발표회, THE STORY","2026.05.13","2026.05.15","보노마루 (보노마루)","연극","","","전체 관람가","","안산디자인문화고등학교","공연완료","http://www.kopis.or.kr/upload/pfmPoster/PF_PF290618_260504_161136.png","PF290618"
"웃지않는남자 [강릉]","2026.05.20","2026.05.20","상상이상 (상상이상 )","연극","송대령","송대령","전체 관람가","50분","","공연완료","http://www.kopis.or.kr/upload/pfmPoster/PF_PF290617_260504_161136.png","PF290617"
"/: 국경 위의 사람들 [대구]","2026.05.16","2026.05.17","골목실험극장 (골목실험극장)","연극","배성빈, 김경빈, 김예린, 설재휘, 서유진, 조영빈, 정경희","송호걸, 이수민","만 17세 이상","1시간 10분","창작집단 동막","공연완료","http://www.kopis.or.kr/upload/pfmPoster/PF_PF290615_260504_160803.jpg","PF290615"
"바람을 보는 소년, 달이 잠든 왕: 단종 [대전]","2026.05.15","2026.05.31","소극장 고도 (소극장 고도)","연극","","권영국, 신현지","만 12세 이상","1시간","","공연완료","http://www.kopis.or.kr/upload/pfmPoster/PF_PF290612_260504_155836.jpg","PF290612"
"소극장 성북오름 개관작 1. Fury: 분노의 시대","2026.06.18","2026.06.28","소극장 성북오름 (소극장 성북오름)","연극","박진성, 김윤경, 장영, 장지은, 박미영, 김영학, 고기현","강호석, 김윤경, 정수연 등","만 11세 이상","1시간 10분","극단 불휘, 극장 성북오름","공연완료","http://www.kopis.or.kr/upload/pfmPoster/PF_PF290609_260608_085943.jpg","PF290609"
"X들의 번지점프","2026.06.11","2026.06.21","소극장 플랫폼74 (소극장 플랫폼74)","연극","조현우, 최정현, 지호림, 최주찬, 김별, 김예별, 김리안 등","고서빈, 박소영, 김건표 등","만 13세 이상","1시간 30분","","공연완료","http://www.kopis.or.kr/upload/pfmPoster/PF_PF290592_260504_150542.gif","PF290592"
"잘 알지도 못하면서","2026.05.20","2026.05.24","북촌창우극장 (북촌창우극장)","연극","김기윤, 김도완, 김동창, 김서진, 김용, 김태완, 남은지 등","장윤호, 박창희, 김지훈 등","만 11세 이상","1시간 30분","극단 등대, 극단 등대","공연완료","http://www.kopis.or.kr/upload/pfmPoster/PF_PF290587_260504_145532.gif","PF290587"
"그때, 그들, 그 집 [청주]","2026.06.11","2026.06.12","청주예술의전당 (대공연장)","연극","이은희, 문길곤, 정수현, 이양호, 이성은, 정다운, 성진 등","","만 8세 이상","1시간 40분","","공연완료","http://www.kopis.or.kr/upload/pfmPoster/PF_PF290581_260504_144624.png","PF290581"
"맿실","2026.05.21","2026.05.24","연희예술극장 (연희예술극장)","연극","이승주, 고연주, 이영래, 윤민상, 유수현, 양민영, 김윤정 등","김인혁, 이다은, 전금례","만 12세 이상","1시간","","공연완료","http://www.kopis.or.kr/upload/pfmPoster/PF_PF290576_260504_143713.gif","PF290576"
"그대는 봄 [김해]","2026.05.22","2026.05.31","신어아트센터 [김해] (공연장)","연극","정주연, 윤연경, 정으뜸","김정숙, 정으뜸 등","만 6세 이상","1시간 5분","","공연완료","http://www.kopis.or.kr/upload/pfmPoster/PF_PF290574_260504_143417.jpg","PF290574"
"오남매 [대학로]","2026.05.27","2026.06.07","달밤엔씨어터 (달밤엔씨어터)","연극","최용민, 김늘메, 박윤호, 신반석, 조지훈, 박송연, 이유선 등","박송연, 박슬아, 김대철 등","만 7세 이상","1시간 30분","극단춘자, 극단춘자","공연완료","http://www.kopis.or.kr/upload/pfmPoster/PF_PF290573_260504_143225.gif","PF290573"
"호야 내새끼 [대구]","2026.05.05","2026.05.17","한울림소극장 (한울림소극장)","연극","","","전체 관람가","1시간 20분","(사)한울림 (극단한울림)","공연완료","http://www.kopis.or.kr/upload/pfmPoster/PF_PF290568_260504_141826.jpg","PF290568"
"이사 [대학로]","2026.06.02","2026.06.07","스튜디오 블루 (스튜디오 블루)","연극","주호성, 김순이, 최민혁, 강연경","윤미현, 장경민, 임영록 등","만 13세 이상","1시간 30분","극단 시민극장","공연완료","http://www.kopis.or.kr/upload/pfmPoster/PF_PF290550_260504_134809.jpg","PF290550"
"우주 (Would U) [대학로]","2026.05.28","2026.05.30","소극장 공유 (소극장 공유)","연극","이다울, 이동호, 이빛","이예솔, 전노민, 이다울 등","전체 관람가","1시간 10분","다름(DARM), 다름(DARM)","공연완료","http://www.kopis.or.kr/upload/pfmPoster/PF_PF290545_260504_133941.gif","PF290545"
"플리백 (Fleabag)","2026.06.19","2026.09.06","두산아트센터 (연강홀)","연극","김히어라, 김주연, 김규남","류주연, 김소연, 이철 등","만 16세 이상","1시간 20분","(유)브러쉬씨어터, (유)브러쉬씨어터","공연중","http://www.kopis.or.kr/upload/pfmPoster/PF_PF290504_260504_113126.gif","PF290504"
"제2회 북극곰가족극페스티벌, 시골쥐의 서울구경","2026.05.09","2026.05.10","북극곰소극장 (북극곰소극장)","연극","김승희, 최예윤, 남지우","노심동, 박성준, 배은수 등","48개월 이상","1시간","북(BooK)극곰 예술여행","공연완료","http://www.kopis.or.kr/upload/pfmPoster/PF_PF290492_260504_110438.gif","PF290492"
"황소, 지붕위로 올리기 [김해]","2026.05.09","2026.05.09","김해서부문화센터 (하늬홀)","연극","박준수, 백상희, 김인하","김광탁, 이정유, 정명심 등","만 7세 이상","1시간 40분","(재) 김해문화관광재단, (재)김해문화재단(김해서부문화센터)","공연완료","http://www.kopis.or.kr/upload/pfmPoster/PF_PF290487_260504_105350.jpg","PF290487"
"언젠가 봄날에 [광주 북구문화센터]","2026.05.29","2026.05.30","북구문화센터  (공연장)","연극","지정남, 정찬일, 김호준, 문창주, 최혜민, 강근희, 김혜선 등","남기성, 김소연, 지정남 등","만 7세 이상","1시간 20분","(재)광주문화재단, 광주광역시","공연완료","http://www.kopis.or.kr/upload/pfmPoster/PF_PF290483_260504_104203.jpg","PF290483"
"언젠가 봄날에 [광주 광산문화예술회관]","2026.05.22","2026.05.23","광산문화예술회관 (공연장)","연극","지정남, 정찬일, 김호준, 문창주, 최혜민, 강근희, 김혜선 등","남기성, 김소연, 지정남 등","만 7세 이상","1시간 20분","(재)광주문화재단, 광주광역시","공연완료","http://www.kopis.or.kr/upload/pfmPoster/PF_PF290480_260504_103640.jpg","PF290480"
"라루스코트 기그 동물원 [춘천]","2026.05.20","2026.05.20","아트팩토리 봄 (아트팩토리 봄)","연극","","스에하라 타쿠마","전체 관람가","1시간","","공연완료","http://www.kopis.or.kr/upload/pfmPoster/PF_PF290479_260504_103611.png","PF290479"
"룸메이트 [서울]","2026.05.21","2026.05.24","보광극장 (보광극장)","연극","박준혁, 여희찬, 신승은, 노경민","국민성, 노경민, 여희찬 등","만 13세 이상","1시간 10분","창작예술집단 보광극장","공연완료","http://www.kopis.or.kr/upload/pfmPoster/PF_PF290465_260430_133356.gif","PF290465"
"제47회 서울연극제, 청춘 판타지","2026.05.28","2026.06.07","극장 동국 (극장 동국)","연극","이선, 양은정, 이현섭, 임윤상, 신지은, 정채연","이준성, 서신우, 양은숙 등","만 12세 이상","1시간 30분","극단 신인류(구. 극단 로가로세), 극단 신인류(구. 극단 로가로세)","공연완료","http://www.kopis.or.kr/upload/pfmPoster/PF_PF290463_260430_132549.jpg","PF290463"
"R & J 씨어터 창작극 페스티벌, 절레절레동화","2026.05.06","2026.05.10","R&J씨어터(구. 연진아트홀) (R&J씨어터(구. 연진아트홀))","연극","박보해, 서이현, 도연아, 박서영, 김기린, 안성준, 김혜연 등","고해성, 강현우, 도솔빈 등","만 12세 이상","1시간 40분","극단 사색, 극단 사색, 알앤제이아트컴퍼니 (R&J Art Company)","공연완료","http://www.kopis.or.kr/upload/pfmPoster/PF_PF290456_260430_130811.jpg","PF290456"
"늘근도둑 이야기 [군포]","2026.06.27","2026.06.27","군포문화예술회관 (철쭉홀)","연극","박철민, 최재섭, 이호연","","만 11세 이상","1시간 40분","(재) 군포문화재단, (주)나인스토리","공연완료","http://www.kopis.or.kr/upload/pfmPoster/PF_PF290453_260430_125524.gif","PF290453"
"제12회 무죽페스티벌: 첫째,둘째,셋째,넷째,","2026.05.13","2026.05.24","극장 동국 (극장 동국)","연극","오연재, 박지원, 심원석, 김미란, 오은진, 김이수, 김리한 등","이정운, 안근후, 이유리 등","만 11세 이상","1시간 20분","극단 작은곰","공연완료","http://www.kopis.or.kr/upload/pfmPoster/PF_PF290444_260430_113040.gif","PF290444"
"인형의 집 [춘천]","2026.06.05","2026.06.06","아트팩토리 봄 (아트팩토리 봄)","연극","원소연, 김대운, 이운, 김초에, 김경민","이지현, 이공주, 이현지 등","전체 관람가","1시간 20분","(사)문화프로덕션 도모","공연완료","http://www.kopis.or.kr/upload/pfmPoster/PF_PF290443_260430_113040.jpg","PF290443"
"눈이 부시게 [서울]","2026.06.16","2026.07.19","백암아트홀 (백암아트홀)","연극","송옥숙, 김선경, 임선애, 강세정, 신고은, 김나희, 서준영 등","이지영, 복영한, 김태형 등","만 7세 이상","1시간 40분","(주)T2N미디어 (티투엔미디어), (주)T2N미디어 (티투엔미디어), (주)스타도어엔터테인먼트","공연완료","http://www.kopis.or.kr/upload/pfmPoster/PF_PF290432_260430_110352.gif","PF290432"
"고립 [부산]","2026.05.15","2026.05.17","소극장 6번출구 (소극장 6번출구)","연극","이태성, 서보기, 강승환, 이경진, 박미서, 박세은","허석민, 김승환, 신수진 등","만 15세 이상","1시간 10분","따뜻한사람","공연완료","http://www.kopis.or.kr/upload/pfmPoster/PF_PF290428_260430_105421.jpg","PF290428"
"화류비련극, 홍도 [밀양]","2026.06.05","2026.06.05","밀양아리랑아트센터 (대공연장)","연극","예지원, 유병훈, 양서빈, 견민성, 홍의준, 김윤아, 남슬기 등","고선웅","만 7세 이상","1시간 40분","극공작소 마방진","공연완료","http://www.kopis.or.kr/upload/pfmPoster/PF_PF290419_260430_103246.png","PF290419"
"은하백만년의전쟁사 Ⅰ: 보건 파시즘의 출현","2026.05.08","2026.05.17","극장 봄 (봄소극장) (극장 봄)","연극","강기림, 김시원, 원인진, 유은지, 이정진, 임지성","최치언, 손호성, 이동근 등","만 13세 이상","1시간 20분","","공연완료","http://www.kopis.or.kr/upload/pfmPoster/PF_PF290413_260430_101844.jpg","PF290413"
"갑신의 거 [구리]","2026.05.30","2026.05.30","구리아트홀 (코스모스대극장)","연극","허준, 김대종, 조민성, 김수지, 안연제, 김재훈, 이창근 등","위기훈, 김상윤, 손호성 등","만 6세 이상","1시간 40분","(재)구리문화재단(구리아트홀), 극단 전원, 예술공간 시옷(siot)","공연완료","http://www.kopis.or.kr/upload/pfmPoster/PF_PF290393_260429_144445.gif","PF290393"
"감히 당신을 딛고","2026.05.07","2026.05.10","성미산마을극장 향 (성미산마을극장 향)","연극","이승현, 박영숙, 이재홍, 최영원, 조윤서, 이준호, 강선 등","안효정, 김보경, 성현겸 등","만 14세 이상","1시간 40분","극단 휘보(HWIBO), 극단 휘보(HWIBO)","공연완료","http://www.kopis.or.kr/upload/pfmPoster/PF_PF290383_260429_141127.gif","PF290383"
"음이온 on Sync Next 26: 개기일식 기다리기","2026.08.07","2026.08.10","세종문화회관 (세종S씨어터)","연극","강상헌, 구자윤, 권혁재, 김경헌, 김도윤, 김동민, 김보우 등","김상훈, 정인혁, 허윤경 등","만 6세 이상","3시간","(재)세종문화회관, 경기문화재단, 백남준아트센터","공연완료","http://www.kopis.or.kr/upload/pfmPoster/PF_PF290375_260429_134539.png","PF290375"
"양떼목장의 대혈투","2026.05.22","2026.06.07","국립정동극장 세실 (구.세실극장) (국립정동극장 세실 (구.세실극장))","연극","정나무, 박수빈, 이승훈, 최지현, 권효은, 이주형, 김원태 등","주은길, 신혜원, 유태희 등","만 11세 이상","1시간 50분","(재)국립정동극장, 그린피그","공연완료","http://www.kopis.or.kr/upload/pfmPoster/PF_PF290364_260429_131146.gif","PF290364"
"노인의 꿈 [하남]","2026.07.11","2026.07.11","하남문화예술회관 (검단홀(대극장))","연극","김영옥, 하희라, 박지일, 강성진, 윤봄, 임로하","박수이, 윤희경, 성종완 등","만 7세 이상","1시간 45분","(주)수컴퍼니, (주)창라이프","공연완료","http://www.kopis.or.kr/upload/pfmPoster/PF_PF290361_260429_130202.gif","PF290361"
"신뺑파전 [김제]","2026.05.15","2026.05.15","김제문화예술회관 (대공연장)","연극","","","만 7세 이상","1시간 30분","김제시(김제시청)","공연완료","http://www.kopis.or.kr/upload/pfmPoster/PF_PF290357_260429_125243.jpg","PF290357"
"노인의 꿈 [부산]","2026.07.04","2026.07.04","소향씨어터 (우리은행홀 (구. 신한카드홀))","연극","김영옥, 하희라, 박지일, 윤희석, 최서윤, 손지유","박수이, 윤희경, 성종완 등","만 7세 이상","1시간 45분","(주)공연마루, 수컴퍼니 (su company), 수컴퍼니 (su company)","공연완료","http://www.kopis.or.kr/upload/pfmPoster/PF_PF290353_260429_124518.gif","PF290353"
"하붑 HABOOB","2026.05.22","2026.06.14","나온씨어터 (나온씨어터)","연극","김승환, 김섬, 정명군, 표경빈, 박세은, 정성준","박한별, 임예지, 조경훈","만 7세 이상","1시간 40분","극단 문지방","공연완료","http://www.kopis.or.kr/upload/pfmPoster/PF_PF290352_260429_123355.gif","PF290352"
"더 베터하프: 꿰맨 눈의 마을","2026.05.28","2026.06.07","연희예술극장 (연희예술극장)","연극","박성환, 곽유신, 장해준, 심은우, 최경식, 강다영, 전중용 등","장혜지, 신재철, 이홍주 등","만 11세 이상","1시간 40분","이방인(2roomperson)","공연완료","http://www.kopis.or.kr/upload/pfmPoster/PF_PF290335_260429_111053.gif","PF290335"
"제47회 서울연극제, 버스를 놓치다!","2026.05.12","2026.05.17","열린극장 (열린극장)","연극","최정윤, 최용, 남상백, 이기석, 이광훈, 정서호, 박상민 등","이준석, 김면심, 최정윤 등","만 13세 이상","1시간 20분","극단 은행목, 극단 은행목","공연완료","http://www.kopis.or.kr/upload/pfmPoster/PF_PF290333_260429_105730.jpg","PF290333"
"재주 많은 세 친구 [김포]","2026.05.09","2026.05.23","김포한강괜찮은홀 (김포한강괜찮은홀)","연극","이훈선, 한선영, 송민주, 임연지","박정용, 이영순, 이동협 등","전체 관람가","50분","창작집단 탈무드","공연완료","http://www.kopis.or.kr/upload/pfmPoster/PF_PF290316_260429_101422.png","PF290316"
"호러스테이지: 악몽의 엘리베이터 [부산]","2026.08.08","2026.08.09","동래문화회관 (소극장)","연극","최현정, 김수령, 김수휘, 허다영 등","양재형, 김정환, 이태경 등","만 12세 이상","1시간 20분","","공연완료","http://www.kopis.or.kr/upload/pfmPoster/PF_PF290302_260428_161803.jpg","PF290302"
"두산인문극장, 신분류학: 원칙","2026.05.27","2026.06.14","두산아트센터 (Space111)","연극","박현숙, 오용, 박종태, 김현진, 김혜령, 김윤후","이준우, 서진호, 임예지 등","만 13세 이상","1시간 50분","극단 배다, 두산아트센터((재)두산연강재단)","공연완료","http://www.kopis.or.kr/upload/pfmPoster/PF_PF290291_260428_133505.gif","PF290291"
"쪽빛황혼 [창녕]","2026.05.22","2026.05.22","창녕문화예술회관 (대공연장)","연극","이주행, 이동혁, 김황식, 임창숙, 류기형, 이신애, 이광백 등","류기형, 유민혁, 김선영 등","만 7세 이상","1시간 20분","(사)마당극패 우금치","공연완료","http://www.kopis.or.kr/upload/pfmPoster/PF_PF290290_260428_132720.jpg","PF290290"
"불편한 편의점 [거제]","2026.07.03","2026.07.04","거제문화예술회관 (대극장)","연극","","황기현, 홍현우, 김은지 등","만 7세 이상","1시간 40분","극단 지우","공연완료","http://www.kopis.or.kr/upload/pfmPoster/PF_PF290281_260428_124824.jpg","PF290281"
"죽은 시인의 사회 [대학로]","2026.07.18","2026.09.13","NOL 씨어터 대학로 (구. 대학로뮤지컬센터) (우리카드홀 )","연극","차인표, 오만석, 연정훈, 김락현, 이재환, 강찬희, 김태균 등","김용관, 조광화, 박설영 등","만 7세 이상","1시간 50분","(주)마스트엔터테인먼트 (마스트인터내셔널), (주)마스트엔터테인먼트 (마스트인터내셔널)","공연중","http://www.kopis.or.kr/upload/pfmPoster/PF_PF290257_260529_101937.gif","PF290257"
"ASAC 우수소극장 시리즈, 닐 암스트롱이 달에 갔을 때","2026.06.26","2026.06.27","안산문화예술의전당 (별무리극장)","연극","이윤재, 김정아, 신강수, 김진복, 문현정, 송철호, 강정윤 등","이보람, 마두영 등","만 13세 이상","1시간 50분","(재)안산문화재단(안산문화예술의전당), 보편적 극단, 보편적 극단","공연완료","http://www.kopis.or.kr/upload/pfmPoster/PF_PF290249_260428_103005.gif","PF290249"
"하늘 바람 바다 [구미]","2026.06.05","2026.06.06","강동문화복지회관 (천생아트홀 (대공연장) )","연극","황선영, 석민호, 박주희, 이지영, 남준우, 백광현, 김민우 등","정철원, 정창윤, 김신근 등","만 4세 이상","1시간 30분","","공연완료","http://www.kopis.or.kr/upload/pfmPoster/PF_PF290240_260428_100030.gif","PF290240"
"하프문베이","2026.05.02","2026.05.02","성수 소극장(일루미 스튜디오) (성수 소극장(일루미 스튜디오))","연극","권다솔, 김민성, 김한울, 남창우, 박민성, 이자민, 임만욱 등","박성재, 정훈, 김윤서 등","만 12세 이상","1시간","제고스테이지(JEGO STAGE)","공연완료","http://www.kopis.or.kr/upload/pfmPoster/PF_PF290229_260427_155751.png","PF290229"
"사의 찬미 [안동]","2026.08.21","2026.08.21","안동문화예술의전당 (웅부홀)","연극","","전용석, 장용균, 이연우 등","만 13세 이상","1시간 40분","안동문화예술의전당","공연완료","http://www.kopis.or.kr/upload/pfmPoster/PF_PF290214_260427_145851.png","PF290214"
"제12회 무죽페스티벌, Tears in Heaven","2026.04.29","2026.05.10","극장 동국 (극장 동국)","연극","김형일, 홍성민, 한이연, 윤혁진, 김현주, 박주홍, 이예은","홍성민, 서희수, 이준수 등","만 14세 이상","1시간 30분","극단 신인류(구. 극단 로가로세), 극단 홍단이","공연완료","http://www.kopis.or.kr/upload/pfmPoster/PF_PF290212_260427_145454.gif","PF290212"
"국립 어린이 청소년 극단, 노란 달 [안동]","2026.07.16","2026.07.17","안동문화예술의전당 (웅부홀)","연극","홍지인, 김하람, 황순미, 이동혁","데이비드 그레이그, 이인수, 토니 그래함 등","만 12세 이상","1시간 30분","국립어린이청소년극단(구. (재) 국립극단 어린이청소년극연구소), 안동문화예술의전당","공연완료","http://www.kopis.or.kr/upload/pfmPoster/PF_PF290208_260608_183128.png","PF290208"
"ACC 레퍼토리 공연, 시간을 칠하는 사람 [광주] (5월)","2026.05.14","2026.05.18","국립아시아문화전당 (극장1)","연극","유독현, 오에바다, 김예린, 이종헌, 문숙경, 김채연, 박혜민 등","김민정, 윤시중, 박소연","만 6세 이상","1시간","극단 하땅세(하땅세 극장)","공연완료","http://www.kopis.or.kr/upload/pfmPoster/PF_PF290200_260427_143059.jpg","PF290200"
"벚나무 동산","2026.05.20","2026.05.24","뜻밖의 극장(구. 해우소소극장) (뜻밖의 극장(구. 해우소소극장))","연극","김세민, 천승민, 오제희, 이강, 이예주, 김찬정","박창근, 임지민, 이예주 등","만 11세 이상","1시간 30분","줌 인 픽처스(Zoom In Pictures), 줌 인 픽처스(Zoom In Pictures)","공연완료","http://www.kopis.or.kr/upload/pfmPoster/PF_PF290198_260427_142705.gif","PF290198"
"울프 플레이 WOLF PLAY","2026.05.22","2026.05.31","선돌극장 (선돌극장)","연극","박효진, 금해나, 김민제, 류선규, 임영우","정한솔, 폴 프라이스, 박효진 등","만 12세 이상","2시간","뉴욕액팅스튜디오 Seoul, 뉴욕액팅스튜디오 Seoul","공연완료","http://www.kopis.or.kr/upload/pfmPoster/PF_PF290186_260427_140107.gif","PF290186"
"홍도 [안성]","2026.06.19","2026.06.20","안성맞춤아트홀 (대공연장)","연극","최하윤, 정보석, 박하선, 유병훈, 견민성, 홍의준, 양서빈 등","고선웅","만 7세 이상","1시간 40분","극공작소 마방진, 안성시 문화예술사업소","공연완료","http://www.kopis.or.kr/upload/pfmPoster/PF_PF290175_260427_133316.gif","PF290175"
"당신이 좋아 [안동]","2026.06.20","2026.06.20","안동문화예술의전당 (백조홀)","연극","이정유, 박유진, 김인하, 박준수, 이경민","국민성, 이삼우, 이상현 등","만 7세 이상","1시간 40분","안동문화예술의전당","공연완료","http://www.kopis.or.kr/upload/pfmPoster/PF_PF290172_260427_132928.jpg","PF290172"
"신우맨숀 반상회 [대학로]","2026.05.09","2026.05.10","홍해성 소극장 (소극장)","연극","김성숙, 이상희, 김수영, 전우진, 김은지, 정윤서, 김정식 등","신하준, 김영식, 김수영 등","만 7세 이상","1시간","","공연완료","http://www.kopis.or.kr/upload/pfmPoster/PF_PF290170_260427_132553.jpg","PF290170"
"염쟁이 유씨 [청주]","2026.09.03","2026.09.27","소명아트홀 (구.메가폴리스아트홀) (소명아트홀 (구.메가폴리스아트홀) )","연극","유순웅","김인경 등","만 11세 이상","1시간 30분","","공연예정","http://www.kopis.or.kr/upload/pfmPoster/PF_PF290168_260427_132128.jpg","PF290168"
"착하게, 차갑게 [대전]","2026.05.15","2026.05.17","드림아트홀 [대전] (드림아트홀 [대전] )","연극","강윤희, 이지현","신지원, 이준휘, 이지현 등","만 10세 이상","1시간 10분","창작집단 위드유","공연완료","http://www.kopis.or.kr/upload/pfmPoster/PF_PF290166_260427_131435.jpg","PF290166"
"제47회 서울연극제, 당신은 아들을 모른다","2026.06.19","2026.06.28","서울연극창작센터 (서울씨어터 202 (5F) )","연극","노윤정, 김시유, 성열석, 황윤희","김나영, 황재헌, 장우재 등","만 13세 이상","1시간 40분","극단 냇돌, 극단 냇돌","공연완료","http://www.kopis.or.kr/upload/pfmPoster/PF_PF290148_260427_114410.gif","PF290148"
"화이트 래빗 레드 래빗 (WHITE RABBIT RED RABBIT)","2026.05.27","2026.06.07","세종문화회관 (세종S씨어터)","연극","강기둥, 김경남, 김남희, 김세환, 김시유, 김주연, 류경수 등","낫심 술리만 푸어, 이길준, 정숙향 등","만 14세 이상","1시간 25분","(유)브러쉬씨어터, (유)브러쉬씨어터","공연완료","http://www.kopis.or.kr/upload/pfmPoster/PF_PF290141_260427_111917.gif","PF290141"
"길 위의 아이","2026.05.21","2026.05.24","서울문화재단 대학로극장 쿼드 (예술청) (대학로극장 쿼드 (예술청) )","연극","남기필, 권재훈","김지현, 정승진, 이영숙 등","만 11세 이상","1시간","극단 올리브와 찐콩","공연완료","http://www.kopis.or.kr/upload/pfmPoster/PF_PF290139_260427_111519.gif","PF290139"
"인사이드 더 플레이: 군체 [서울 신대방]","2026.05.21","2026.08.31","롯데시네마 [신대방]  (신대방관)","연극","","김정훈, 김기찬, 김영식 등","만 14세 이상","1시간 30분","롯데컬처웍스, 롯데컬처웍스, 주식회사 예잇","공연중","http://www.kopis.or.kr/upload/pfmPoster/PF_PF290133_260427_105326.png","PF290133"
"일곱마리 아기염소와 늑대 [김포]","2026.06.03","2026.06.13","김포한강괜찮은홀 (김포한강괜찮은홀)","연극","","","전체 관람가","50분","","공연완료","http://www.kopis.or.kr/upload/pfmPoster/PF_PF290120_260427_102612.png","PF290120"
"히스테릭 케이크","2026.05.12","2026.05.17","탈영역우정국 (탈영역우정국)","연극","이치호, 정주호, 정하나","김지연, 류시향, 주보배 등","전체 관람가","1시간 25분","젊은 TGNC의 슬픔","공연완료","http://www.kopis.or.kr/upload/pfmPoster/PF_PF290115_260424_153753.png","PF290115"
"서빛마루문예회관 공연나눔 기획공연, 무대공감 콘서트 #2. 질투 [광주]","2026.05.28","2026.05.28","서빛마루문화예술회관 (서빛마루문화예술회관)","연극","윤희철, 한중곤, 문진희, 정은희","차두옥, 김정순, 정은희 등","만 11세 이상","1시간 10분","광주광역시 서구청 (서빛마루문화예술회관)","공연완료","http://www.kopis.or.kr/upload/pfmPoster/PF_PF290113_260424_152551.jpg","PF290113"
"회색공기가 피어오르는 곳 [대학로]","2026.05.14","2026.05.24","소극장 플랫폼74 (소극장 플랫폼74)","연극","최일선, 한수연, 김대성, 한겨울, 박수정, 정채운, 임정원  등","김용하, 장예림, 박주형 등","만 7세 이상","1시간 30분","심심한친구들, 심심한친구들","공연완료","http://www.kopis.or.kr/upload/pfmPoster/PF_PF290112_260424_152128.gif","PF290112"
"고시원 사람들 [대학로]","2026.05.14","2026.05.24","JS아트홀 (구. 고스트씨어터 구.다소니씨어터) (JS아트홀 (구. 고스트씨어터 구.다소니씨어터) )","연극","공찬호, 김태향, 윤영균, 이주한, 이광현, 한동희, 고수진 등","이원재, 이주한, 정태민 등","만 7세 이상","1시간 35분","달팽이주파수, 달팽이주파수","공연완료","http://www.kopis.or.kr/upload/pfmPoster/PF_PF290111_260424_151824.jpg","PF290111"
"제47회 서울연극제, 화성에서의 나날","2026.05.22","2026.05.31","대학로예술극장 (대극장)","연극","강희제, 백종승","윤성호, 서지영, 김성구 등","만 11세 이상","1시간 45분","제12언어연극스튜디오, 제12언어연극스튜디오","공연완료","http://www.kopis.or.kr/upload/pfmPoster/PF_PF290107_260424_150347.gif","PF290107"
"위험한 사람들: 보잉보잉 10년 후 [대학로]","2026.06.05","2026.07.26","대학로 스타릿홀 (공연장)","연극","박준석, 전성재, 노승민, 안상훈, 김남호, 이열, 정가은 등","손남목, 강신혜, 이소영 등","만 14세 이상","1시간 25분","극단 두레, 극단 두레","공연완료","http://www.kopis.or.kr/upload/pfmPoster/PF_PF290106_260424_145556.gif","PF290106"
"I AM 피노키오 [인천]","2026.05.16","2026.05.16","학산소극장 (학산소극장)","연극","장영주, 김미선, 김소연, 심영국","조민영, 신성진, 서민준 등","36개월 이상","1시간","극단 우주선","공연완료","http://www.kopis.or.kr/upload/pfmPoster/PF_PF290098_260424_142957.jpg","PF290098"
"목요예술무대 Ⅰ. 우리동네 명작극장, 파우스트 엔딩 (영상화)","2026.06.25","2026.06.25","강동아트센터 (소극장 드림)","연극","","","만 7세 이상","1시간 46분","국립극단 온라인극장","공연완료","http://www.kopis.or.kr/upload/pfmPoster/PF_PF290093_260424_141239.jpg","PF290093"
"다른 사막 도시들 [대학로]","2026.05.22","2026.05.24","연우소극장 (연우소극장)","연극","정여진, 정윤경, 김용준, 이은지, 김록현, 신윤재","박선희, 최은빈, 정한나 등","만 13세 이상","1시간 50분","(유)극단기일게, (유)극단기일게","공연완료","http://www.kopis.or.kr/upload/pfmPoster/PF_PF290070_260424_130608.gif","PF290070"
"전철 타고 온 붓다 [대학로]","2026.05.16","2026.05.25","한예극장 (한예극장)","연극","김영민, 이무현, 이웅호, 이성원, 배정아, 안미정, 강인기 등","민준기, 안준성, 임규양 등","만 13세 이상","1시간 30분","극단 미학, 극단 미학, 바람커뮤니케이션, 정유석프로젝트","공연완료","http://www.kopis.or.kr/upload/pfmPoster/PF_PF290053_260424_111839.gif","PF290053"
"사랑해 엄마 [제주]","2026.05.16","2026.05.16","서귀포예술의전당 (대극장)","연극","조혜련, 정지환, 조지환, 이서주, 김연수, 유민정 등","조혜련, 현유진, 고요셉 등","만 7세 이상","1시간 40분","(주)조이컬쳐스, 안녕컴퍼니","공연완료","http://www.kopis.or.kr/upload/pfmPoster/PF_PF290051_260424_110907.jpg","PF290051"
"갈매기 과정공유회","2026.05.01","2026.05.02","서울문화재단 대학로극장 쿼드 (예술청) (렉처룸(아고라))","연극","임준식, 김다영, 김선구, 김주영, 김태훈, 송민경, 안주현 등","이윤화","만 13세 이상","2시간","극단 황금나무","공연완료","http://www.kopis.or.kr/upload/pfmPoster/PF_PF290050_260424_110643.jpeg","PF290050"
"평택아트센터 기획공연, The Nature Of Forgetting [평택]","2026.06.11","2026.06.13","평택아트센터 (소공연장)","연극","","","만 7세 이상","1시간 15분","(재) 평택시문화재단(평택아트센터), Theatre RE","공연완료","http://www.kopis.or.kr/upload/pfmPoster/PF_PF290027_260423_144603.gif","PF290027"
"이 극은 난극입니다","2026.05.14","2026.05.17","보광극장 (보광극장)","연극","전영준, 인치수, 방준식, 조연선, 송연규, 박소예, 서유민","강세영, 안치수, 김새얀 등","만 11세 이상","1시간 15분","창작예술집단 보광극장","공연완료","http://www.kopis.or.kr/upload/pfmPoster/PF_PF290004_260423_133157.gif","PF290004"
"갈매기 [서울 마포]","2026.05.14","2026.05.17","산울림소극장 (산울림소극장)","연극","여연수, 조재욱, 김정환, 이수민, 이서영, 시희수, 정진우 등","김진영, 고류연, 황가희 등","전체 관람가","1시간 35분","극단 자랑, 극단 자랑","공연완료","http://www.kopis.or.kr/upload/pfmPoster/PF_PF290000_260423_132104.gif","PF290000"
"제47회 서울연극제, 가족같네","2026.05.27","2026.06.07","씨어터 쿰 (씨어터 쿰)","연극","손경원, 윤미애, 김한, 서찬양, 주광현, 연세호","김윤주, 조해민, 나보광 등","만 7세 이상","1시간 40분","공연집단 강철무지개, 협동조합 문화교차로","공연완료","http://www.kopis.or.kr/upload/pfmPoster/PF_PF289995_260423_130930.jpg","PF289995"
"싸움터의 산책 [부산]","2026.04.23","2026.04.26","가온아트홀 [부산] (2관)","연극","권철, 박창화, 송민정, 김상호, 김선현, 김휘준","김만중, 박창화, 서유리 등","만 13세 이상","1시간 10분","(사)한국연극배우협회 부산광역시지회, 극단 창","공연완료","http://www.kopis.or.kr/upload/pfmPoster/PF_PF289980_260423_111913.gif","PF289980"
"뜨거운 것들은 오래 남는다","2026.04.25","2026.04.26","골목실험극장 (골목실험극장)","연극","권윤서, 방소미, 이연주, 정은주","김영경, 이채원, 류수진 등","전체 관람가","1시간","창작집단 동막","공연완료","http://www.kopis.or.kr/upload/pfmPoster/PF_PF289975_260423_110812.jpg","PF289975"
"노인의 꿈 [여수]","2026.06.13","2026.06.13","GS칼텍스 예울마루 (대극장)","연극","손숙, 이일화, 남경읍, 이필모, 최서윤, 임로하","박수이, 윤희경, 성종완 등","만 7세 이상","1시간 45분","GS칼텍스 예울마루","공연완료","http://www.kopis.or.kr/upload/pfmPoster/PF_PF289974_260423_110242.gif","PF289974"
"상념 [대학로]","2026.05.14","2026.05.24","씨어터 쿰 (씨어터 쿰)","연극","박신운, 최지은, 김동현, 서신우, 서지유, 노시아","박문수, 김유정, 박현민 등","만 15세 이상","1시간 20분","극단 창작심, 극단 창작심, 홧김에 박문수 프로젝트","공연완료","http://www.kopis.or.kr/upload/pfmPoster/PF_PF289970_260423_104918.gif","PF289970"
"집.사.람.","2026.05.08","2026.05.10","보라 아트홀(구. 지구인아트홀) (보라 아트홀(구. 지구인아트홀))","연극","정종수, 최미선, 김지은, 장효주","양승희, 최미선, 강영주 등","만 19세 이상","1시간 10분","(주)창연","공연완료","http://www.kopis.or.kr/upload/pfmPoster/PF_PF289956_260423_100922.gif","PF289956"
"램 [인천]","2026.05.16","2026.05.17","인천아트플랫폼 (공연장 (C동) )","연극","나경호, 박동조, 장햇살, 하재성","김미란, 육다솔, 김주슬기 등","36개월 이상","50분","","공연완료","http://www.kopis.or.kr/upload/pfmPoster/PF_PF289946_260422_150016.jpg","PF289946"
"빈칸의 미학 [대전]","2026.04.29","2026.05.03","드림아트홀 [대전] (드림아트홀 [대전] )","연극","최윤정, 엄선일, 박재완, 김민선, 손병제, 이진아","최석원, 김소중, 박주희 등","만 11세 이상","1시간 20분","극단 이화","공연완료","http://www.kopis.or.kr/upload/pfmPoster/PF_PF289943_260422_144310.jpg","PF289943"
"영원한 평화","2026.05.14","2026.06.07","지포캣(G4CAT) (지포캣(G4CAT)(2F))","연극","정대진, 김민정, 이석구, 허솔, 김승준, 김호수, 조새연 등","지대현, 허솔, 김홍희 등","만 13세 이상","1시간 30분","프로젝트 SOL (프로젝트솔)","공연완료","http://www.kopis.or.kr/upload/pfmPoster/PF_PF289941_260422_143846.jpg","PF289941"
"스카프 [대전]","2026.05.15","2026.06.21","아신극장 (1관 (3층) )","연극","박상협, 전세기, 변나라, 이윤경, 정성조, 이태희, 류승주","","만 13세 이상","1시간 30분","(주)아신아트컴퍼니","공연완료","http://www.kopis.or.kr/upload/pfmPoster/PF_PF289939_260422_142807.gif","PF289939"
"시절인연","2026.05.25","2026.05.25","뜻밖의 극장(구. 해우소소극장) (뜻밖의 극장(구. 해우소소극장))","연극","김정익, 경수연, 장유진, 정영수","이용찬, 엄태준, 한희은 등","전체 관람가","1시간 20분","극단 갯티","공연완료","http://www.kopis.or.kr/upload/pfmPoster/PF_PF289931_260422_135907.gif","PF289931"
"다정한 배웅","2026.06.05","2026.07.26","KT&G 상상마당 대치아트홀 (KT&G 상상마당 대치아트홀)","연극","장용, 서인석, 정겨운, 금동현, 서권순, 방은희, 하지영 등","문승용, 유승봉, 최한결 등","만 12세 이상","1시간 30분","(주)문컴퍼니, (주)문컴퍼니","공연완료","http://www.kopis.or.kr/upload/pfmPoster/PF_PF289927_260611_115948.gif","PF289927"
"스테이지149, 쉬어매드니스","2026.05.15","2026.05.16","인천문화예술회관 (소공연장)","연극","이주훈, 문지원, 한상민, 이유경, 김록현, 임동건","","만 14세 이상","2시간","인천문화예술회관","공연완료","http://www.kopis.or.kr/upload/pfmPoster/PF_PF289924_260422_133343.jpg","PF289924"
"오버코트 [인천 연수]","2026.05.30","2026.05.30","트라이보울 (공연장 (2층) )","연극","","","36개월 이상","1시간","","공연완료","http://www.kopis.or.kr/upload/pfmPoster/PF_PF289905_260422_111619.jpg","PF289905"
"제47회 서울연극제, 조각상은 변하지 않는다.","2026.06.10","2026.06.21","공간아울 (공간아울)","연극","박지은, 최동균, 한기윤 등","윤서현, 염서현, 정다연 등","만 15세 이상","1시간 20분","공상집단 뚱딴지, 공상집단 뚱딴지","공연완료","http://www.kopis.or.kr/upload/pfmPoster/PF_PF289881_260422_095058.gif","PF289881"
"제17회 경산시립극단 정기공연, 남매지: 연꽃으로 피어나","2026.04.30","2026.05.02","경산시민회관 (대강당)","연극","박설하, 신동우, 박일용, 최영주, 박준용, 백수민, 김정현 등","김하나, 정철원, 김지선 등","만 13세 이상","1시간 40분","(주) 경산문화관광재단","공연완료","http://www.kopis.or.kr/upload/pfmPoster/PF_PF289875_260421_135525.png","PF289875"
"제44회 대한민국연극제 경기도대회: 수유리, 고치지 못한것들","2026.04.25","2026.04.25","성남아트센터 (앙상블씨어터)","연극","손병희, 이주희, 강은주, 원인재, 이동숙, 강준구","조성일, 최미경, 김용년 등","만 7세 이상","1시간 30분","","공연완료","http://www.kopis.or.kr/upload/pfmPoster/PF_PF289871_260421_134038.png","PF289871"
"공부의 신 [대학로]","2026.05.01","2026.05.10","업스테이지 (UP Stage) (업스테이지 (UP Stage) )","연극","우두연, 호천, 선은규, 김윤미, 이윤미, 김리나, 방준용 등","진종현, 박종훈, 박상철 등","만 7세 이상","1시간 10분","위로컴퍼니, 위로컴퍼니, 위로팩토리, 위로팩토리","공연완료","http://www.kopis.or.kr/upload/pfmPoster/PF_PF289870_260421_133919.jpg","PF289870"
"묵호80: 사람은 왜 바다로 나아가는가","2026.05.21","2026.05.31","꿈의숲아트센터 (퍼포먼스홀)","연극","여동윤, 차수민, 정유나, 유리윤, 김미향, 유정호, 강한별 등","안태규, 최지수, 박민규 등","만 12세 이상","1시간 30분","(주)에이더블유콘텐츠(aw contents), 플레이규컴퍼니(PLAY GYU COMPANY), 플레이규컴퍼니(PLAY GYU COMPANY)","공연완료","http://www.kopis.or.kr/upload/pfmPoster/PF_PF289869_260421_133649.gif","PF289869"
"국립 어린이 청소년 극단, 노란 달","2026.05.28","2026.06.14","국립극단 [명동] (명동예술극장)","연극","김하람, 이동혁, 홍지인, 황순미","토니 그래함, 이인수, 이태섭 등","만 12세 이상","1시간 30분","(재) 국립극단","공연완료","http://www.kopis.or.kr/upload/pfmPoster/PF_PF289865_260421_132543.jpg","PF289865"
"블링블링 이코노미 [대학로]","2026.04.25","2026.04.26","대학로 무하아트센터 (2관(2F))","연극","이재영, 정온, 강다영","한지혜, 이소연, 임혜선 등","만 5세 이상","1시간 20분","코랄씨어터, 코랄씨어터","공연완료","http://www.kopis.or.kr/upload/pfmPoster/PF_PF289857_260421_130729.gif","PF289857"
"열여덟, 꽃이 별이 되던 밤 [대학로]","2026.05.05","2026.05.10","나온씨어터 (나온씨어터)","연극","조서경, 이준하, 강나경, 김승구, 주원현, 윤지우, 정예솔 등","정민혁, 강나경, 주예민 등","만 8세 이상","1시간 30분","","공연완료","http://www.kopis.or.kr/upload/pfmPoster/PF_PF289843_260421_111655.gif","PF289843"
"김성연의 월간마임, THIS IS THE MIME vol.7","2026.04.25","2026.04.25","극단 빈공간 (빈-공간 THEATRE) (극단 빈공간)","연극","김봉석, 이경열, 김성연","장유상, 윤성환, 이승협 등","만 8세 이상","1시간 20분","극단 빈-공간","공연완료","http://www.kopis.or.kr/upload/pfmPoster/PF_PF289838_260421_110849.gif","PF289838"
"짧은 연극전 8, RE: START","2026.05.06","2026.05.10","동숭무대소극장 (동숭무대소극장)","연극","조승민, 박소연, 이은오, 윤경화, 정미리, 송민선, 신다혜 등","박민지, 김주형, 명인호 등","전체 관람가","1시간 30분","극발전소301","공연완료","http://www.kopis.or.kr/upload/pfmPoster/PF_PF289833_260421_105856.gif","PF289833"
"지구의 밤, 아트","2026.05.04","2026.05.04","푸투라 서울 (푸투라 서울)","연극","박은석, 최재웅, 박정복","김수로, 김보람, 신영섭 등","만 13세 이상","1시간 40분","(주)더블케이 필름 앤 씨어터 (더블케이엔터테인먼트), (주)백산아트앤네트워크(푸투라서울, FUTURA SEOUL)","공연완료","http://www.kopis.or.kr/upload/pfmPoster/PF_PF289831_260424_142555.jpg","PF289831"
"애프터 디 엔드 [대학로]","2026.05.29","2026.06.21","업스테이지 (UP Stage) (업스테이지 (UP Stage) )","연극","주이진, 지상윤, 고주희, 지준형, 김평화, 장수지, 김준우 등","변경우, 한유진, 김민주 등","만 16세 이상","1시간 30분","프로젝트 디본","공연완료","http://www.kopis.or.kr/upload/pfmPoster/PF_PF289827_260421_104523.jpg","PF289827"
"우주 (Would U) [인천]","2026.05.14","2026.05.16","문학시어터 (문학시어터)","연극","이다울, 이동호, 이빛","전노민, 이예솔, 이다울 등","전체 관람가","1시간 10분","다름(DARM), 다름(DARM)","공연완료","http://www.kopis.or.kr/upload/pfmPoster/PF_PF289812_260421_101044.gif","PF289812"
"간이역 칸타빌레 [제주]","2026.05.09","2026.05.09","김정문화회관 (김정문화회관)","연극","정성우, 현대철, 남은선, 김보희, 박민선, 이다현","정성우, 최빛나, 이미희 등","36개월 이상","1시간","","공연완료","http://www.kopis.or.kr/upload/pfmPoster/PF_PF289810_260421_100058.jpg","PF289810"
"제47회 서울연극제, 연쇄된 악의","2026.05.06","2026.05.10","공간아울 (공간아울)","연극","이재영, 신성미, 박정림, 권정택, 노혜란, 윤성원, 이유진 등","황태선, 이훈경, 김홍주 등","만 14세 이상","1시간 30분","극단 제자백가","공연완료","http://www.kopis.or.kr/upload/pfmPoster/PF_PF289801_260420_164217.jpg","PF289801"
"강아지똥 [전주]","2026.06.13","2026.06.13","전북예술회관 (공연장)","연극","정래석, 이희연, 허정진, 안중현, 오명준, 류제원, 남희진 등","김정숙","36개월 이상","50분","(재) 전북특별자치도 문화관광재단, 극단 모시는사람들","공연완료","http://www.kopis.or.kr/upload/pfmPoster/PF_PF289794_260420_154722.gif","PF289794"
"제47회 서울연극제, 로테/운수","2026.05.28","2026.06.07","공간아울 (공간아울)","연극","김보나, 김태은","서승연, 주예령, 이주연 등","만 13세 이상","1시간 10분","여성창작집단 하이카라","공연완료","http://www.kopis.or.kr/upload/pfmPoster/PF_PF289793_260420_154227.jpg","PF289793"
"제8회 놀터청년페스티벌: 씻고, 안치고, 뜸들이고, 그리고...","2026.05.27","2026.05.31","놀터예술공방 (놀터예술공방)","연극","정누리, 배현선, 이송희, 지수정, 이다정, 김현홍","손규리, 염준현, 서승재 등","전체 관람가","1시간 20분","극단 놀터","공연완료","http://www.kopis.or.kr/upload/pfmPoster/PF_PF289768_260420_144449.gif","PF289768"
"제8회 놀터청년페스티벌, Into the Abyss: 어느 살인자의 이야기","2026.05.20","2026.05.24","놀터예술공방 (놀터예술공방)","연극","양희선, 심영준, 김세향, 김민수, 권지현, 박승현","양희선, 하정윤, 김세향 등","만 12세 이상","1시간 15분","극단 놀터, 극단 별하","공연완료","http://www.kopis.or.kr/upload/pfmPoster/PF_PF289764_260420_143723.gif","PF289764"
"新박첨지놀음 [군포]","2026.05.14","2026.05.16","군포시평생학습원 (상상극장)","연극","황석용, 박달나무","황석용, 박달나무, 박혜림 등","36개월 이상","45분","(재) 군포문화재단, 문화예술굼터 뽱(FFWANG)","공연완료","http://www.kopis.or.kr/upload/pfmPoster/PF_PF289758_260420_142055.gif","PF289758"
"화류비련극: 홍도 [광주]","2026.05.07","2026.05.10","국립아시아문화전당 (극장2)","연극","박하선, 예지원, 최하윤, 홍의준, 임진구, 정보석, 유병훈 등","임선규, 고선웅, 서정완 등","만 7세 이상","","국립아시아문화전당재단, 극공작소 마방진","공연완료","http://www.kopis.or.kr/upload/pfmPoster/PF_PF289749_260420_140133.png","PF289749"
"앤 [천안]","2026.05.02","2026.05.03","천안어린이꿈누리터 (구. 천안시 어린이 회관) (꿈누리대공연장)","연극","박수연, 남명지, 박기원, 최윤석, 김건희, 은빛나래, 정세리 등","박성민, 이지희, 이진희 등","만 7세 이상","1시간 30분","하랑씨어터","공연완료","http://www.kopis.or.kr/upload/pfmPoster/PF_PF289745_260420_135043.jpg","PF289745"
"419연극제, 4월로 걷는 사람들","2026.04.18","2026.04.19","강북문화예술회관 (소공연장 (강북진달래홀) )","연극","","","만 9세 이상","1시간","강북청년예술단(강북청년연극 프로젝트)","공연완료","http://www.kopis.or.kr/upload/pfmPoster/PF_PF289736_260420_133134.png","PF289736"
"끊 Part.4 [춘천]","2026.05.13","2026.05.16","창작공간26 (공연장(B1))","연극","이용우, 조성윤, 한혜민, 김도란, 최영은","","만 16세 이상","1시간 10분","극단 이륙","공연완료","http://www.kopis.or.kr/upload/pfmPoster/PF_PF289732_260420_132315.jpg","PF289732"
"봄봄 [부산]","2026.05.16","2026.05.24","가마골소극장 (가마골소극장)","연극","박정우, 조정명, 황근복, 김상훈, 윤혜정, 임나래, 박석진","김하영, 김경수, 최둘이","만 5세 이상","1시간","극단 가마골","공연완료","http://www.kopis.or.kr/upload/pfmPoster/PF_PF289731_260420_131705.jpg","PF289731"
"제47회 서울연극제, 차파티","2026.05.22","2026.05.31","성북마을극장 (성북마을극장)","연극","홍성춘, 진준엽, 김보경, 정희영","","만 11세 이상","1시간 35분","극단 종이로만든배, 극단 종이로만든배","공연완료","http://www.kopis.or.kr/upload/pfmPoster/PF_PF289730_260420_131655.jpg","PF289730"
"백스테이지","2026.04.21","2026.04.26","티오엠씨어터(구. 문화공간필링) (2관)","연극","고서희, 주수경","이현수, 이수현, 이경은 등","만 7세 이상","1시간 10분","엔디오티컴퍼니, 하이컴퍼니","공연완료","http://www.kopis.or.kr/upload/pfmPoster/PF_PF289728_260420_131507.gif","PF289728"
"오늘부터 맑음 [전주]","2026.03.07","2026.04.25","김영오 아트센터 (김영오 아트센터)","연극","정찬호, 홍정은, 진시라, 정윤경","","만 6세 이상","1시간 10분","김영오 아트센터","공연완료","http://www.kopis.or.kr/upload/pfmPoster/PF_PF289704_260420_113841.jpg","PF289704"
"봄이 오면 [통영]","2026.05.15","2026.05.16","통영시민문화회관 (소극장)","연극","이규성, 김현수","장창석","만 9세 이상","1시간 5분","극단 벅수골","공연완료","http://www.kopis.or.kr/upload/pfmPoster/PF_PF289693_260420_111310.jpg","PF289693"
"꿈밭펀딩 그린 스테이지, 어느날 납작해진 아이와 끝으로 달려가는 할머니","2026.05.22","2026.05.31","아르코 꿈밭극장 (아르코꿈밭극장)","연극","조지영, 정은혜, 강아영","장원정, 신윤아, 김보경 등","전체 관람가","1시간","아르코꿈밭극장, 정Tree 프로젝트","공연완료","http://www.kopis.or.kr/upload/pfmPoster/PF_PF289690_260420_110801.jpg","PF289690"
"하녀들 [춘천]","2026.05.01","2026.05.02","아트팩토리 봄 (아트팩토리 봄)","연극","우현지, 이현지","황운기, 이지현, 원소연 등","전체 관람가","1시간 10분","","공연완료","http://www.kopis.or.kr/upload/pfmPoster/PF_PF289676_260420_103923.png","PF289676"
"제47회 서울연극제, 나의 고난은 50분 남았다","2026.05.06","2026.05.17","씨어터조이 (구. 마당세실극장) (씨어터조이 (구. 마당세실극장) )","연극","유승일, 최정임, 안우승, 박신후, 정소영, 황지훈","김택수, 황진상, 남기오 등","만 12세 이상","1시간 10분","극단 프로젝트 해동머리, 극단 프로젝트 해동머리","공연완료","http://www.kopis.or.kr/upload/pfmPoster/PF_PF289660_260417_153611.jpg","PF289660"
"이든 베일드","2026.04.22","2026.04.26","프로젝트 스페이스 큐 (프로젝트 스페이스 큐)","연극","조근우, 김영민, 김혜원","이수연, 한지한, 박규태 등","만 15세 이상","1시간 20분","","공연완료","http://www.kopis.or.kr/upload/pfmPoster/PF_PF289655_260417_150401.gif","PF289655"
"오해 [대학로]","2026.04.30","2026.05.31","후암스테이지 (후암스테이지 (구. 마라카 3관, 오씨어터))","연극","이재희, 강선숙, 장용철, 이주화, 황석정, 지근우","최원석, 조하영, 이나영 등","만 12세 이상","1시간 35분","극단 인어, 극단 인어","공연완료","http://www.kopis.or.kr/upload/pfmPoster/PF_PF289652_260417_144945.gif","PF289652"
"옆집남자 윗집아빠: 그럼에도 불구하고 [대학로]","2026.05.13","2026.05.17","소극장 혜화당 (구. 까망소극장) (소극장 혜화당 (구. 까망소극장) )","연극","성지예, 장재선, 김병우, 전세현, 김도형, 이지민","오탕, 한유진","전체 관람가","1시간 30분","고온문화예술, 극단 이명희","공연완료","http://www.kopis.or.kr/upload/pfmPoster/PF_PF289646_260417_141853.gif","PF289646"
"스트립티즈 [대구]","2026.05.02","2026.05.03","우전소극장 (우전소극장)","연극","이효정, 홍은혜, 설재휘","양승희, 정희원, 황도성 등","만 19세 이상","1시간","예술로, 예술로","공연완료","http://www.kopis.or.kr/upload/pfmPoster/PF_PF289645_260417_140646.jpg","PF289645"
"MUSEat Re: Classic (MUSEat 고전 젠더프리 리딩)","2026.04.23","2026.04.26","나온씨어터 (나온씨어터)","연극","랑연, 주예리, 황연솔, 곽지수, 이사계, 노지훈, 김보영 등","강채연, 장신비, 선명주 등","만 14세 이상","50분","MUSEat(뮤즈엣), MUSEat(뮤즈엣)","공연완료","http://www.kopis.or.kr/upload/pfmPoster/PF_PF289642_260417_140014.jpg","PF289642"
"비기닝 [서울]","2026.05.15","2026.06.21","LG아트센터 서울 (U+ 스테이지)","연극","왕유선, 이윤지, 이종혁, 이천희","표상아, 김정환, 홍우영 등","만 16세 이상","1시간 30분","수컴퍼니 (su company), 수컴퍼니 (su company)","공연완료","http://www.kopis.or.kr/upload/pfmPoster/PF_PF289641_260504_142458.gif","PF289641"
"신뺑파전 [장흥]","2026.05.07","2026.05.07","장흥문화예술회관 (대공연장)","연극","김학용, 박자희, 서정금, 이광복, 이다희, 손명호, 이재현 등","마성혁, 박정혜, 조세은 등","전체 관람가","1시간 30분","장흥군청","공연완료","http://www.kopis.or.kr/upload/pfmPoster/PF_PF289624_260417_131637.png","PF289624"
"사춘기메들리 [마루아트홀] (05.05)","2026.05.05","2026.05.05","마루아트홀 (마루아트홀)","연극","이정유, 조정석, 윤채아, 박세리, 홍수현, 최정윤, 조민서 등","","만 7세 이상","1시간 30분","(주)팀플레이예술기획, (주)팀플레이예술기획, 콘텐츠er","공연완료","http://www.kopis.or.kr/upload/pfmPoster/PF_PF289604_260417_112848.gif","PF289604"
"제8회 놀터청년페스티벌, 죽여주시옵소서","2026.06.10","2026.06.14","놀터예술공방 (놀터예술공방)","연극","서오제, 정욱권, 호재훈","조일신, 이재훈, 허윤 등","만 15세 이상","1시간 30분","극단 놀터","공연완료","http://www.kopis.or.kr/upload/pfmPoster/PF_PF289597_260417_110813.gif","PF289597"
"제41회 복사골연극제, 그녀들의 블루스","2026.05.05","2026.05.05","부천아트센터 (소공연장)","연극","강연우, 양숙희, 정은하, 진은희, 한효주, 김철은, 송미숙 등","강연우, 강신화, 김지현 등","만 7세 이상","1시간 30분","극단 시나브로","공연완료","http://www.kopis.or.kr/upload/pfmPoster/PF_PF289596_260417_110807.jpg","PF289596"
"국립정동극장, 어느 볕 좋은 날 [대구]","2026.05.22","2026.05.22","대구학생문화센터 (대공연장)","연극","김승용, 박은미, 송광일, 김율희, 고수영, 윤두호, 김조현 등","박예슬, 조한나, 이기쁨 등","만 7세 이상","1시간 35분","극단 지우, 대구학생문화센터, 창작집단 너나들이","공연완료","http://www.kopis.or.kr/upload/pfmPoster/PF_PF289592_260417_105551.jpg","PF289592"
"안녕, 잠! [대학로]","2026.05.09","2026.05.17","아르코 꿈밭극장 (아르코꿈밭극장)","연극","","김지수, 홍승욱, 최정호 등","36개월 이상","1시간 10분","","공연완료","http://www.kopis.or.kr/upload/pfmPoster/PF_PF289569_260416_152451.png","PF289569"
"타임 [대구]","2026.05.01","2026.06.14","아트플러스씨어터 (2관)","연극","석봉준, 배진범, 윤민혁, 노승민, 조섬창, 김윤수, 이어진 등","이홍기, 석봉준, 김태인 등","만 9세 이상","1시간 20분","(주)아트플러스씨어터","공연완료","http://www.kopis.or.kr/upload/pfmPoster/PF_PF289557_260504_165333.gif","PF289557"
"근대로 그림책 페스티벌: 달구, 별이 [대구]","2026.05.16","2026.05.17","봉산문화회관 (스페이스라온)","연극","","","24개월 이상","1시간","","공연완료","http://www.kopis.or.kr/upload/pfmPoster/PF_PF289541_260416_135414.jpg","PF289541"
"토끼와 자라 [광명]","2026.04.18","2026.05.25","소나무예술극장 (공연장)","연극","이연우, 조성준, 남해찬, 윤상민, 김예빈","정현수, 김남호, 박제석 등","전체 관람가","50분","(주) 소나무(소나무예술극장)","공연완료","http://www.kopis.or.kr/upload/pfmPoster/PF_PF289526_260416_132547.jpg","PF289526"
"그때, 변홍례 [부산]","2026.05.22","2026.09.06","어댑터씨어터 2관 (어댑터씨어터 2관)","연극","황자미, 하지운, 장민, 박성호, 변은지, 배문수, 성하진 등","어단비, 윤시중, 김성경 등","만 12세 이상","1시간","극단 하땅세(하땅세 극장)","공연중","http://www.kopis.or.kr/upload/pfmPoster/PF_PF289525_260416_132441.jpg","PF289525"
"클라우드 나인","2026.05.07","2026.05.10","보광극장 (보광극장)","연극","이혁준, 김민규, 이다현, 오현석, 김보경, 정규민, 허인혁 등","한세린, 조문경, 최세미 등","만 12세 이상","1시간 15분","창작예술집단 보광극장","공연완료","http://www.kopis.or.kr/upload/pfmPoster/PF_PF289523_260511_171435.gif","PF289523"
"제47회 서울연극제, 삼월의 5일간","2026.05.13","2026.05.17","공간아울 (공간아울)","연극","조민교, 김유민, 류원준, 윤슬기, 진성준","홍우찬, 민라헬, 왕은비 등","만 17세 이상","1시간 20분","찬컴퍼니, 찬컴퍼니","공연완료","http://www.kopis.or.kr/upload/pfmPoster/PF_PF289522_260416_131721.gif","PF289522"
"나와 몬스터 그리고 가방","2026.05.08","2026.05.10","꿈의숲아트센터 (퍼포먼스홀)","연극","안중현, 이예현, 강장군, 타무라 료","이영숙, 손지희, 이미현 등","만 4세 이상","1시간","","공연완료","http://www.kopis.or.kr/upload/pfmPoster/PF_PF289517_260416_130555.png","PF289517"
"마녀 [제주]","2026.05.06","2026.05.21","세이레아트센터 (세이레아트센터)","연극","강효숙, 최성연, 이시호, 주예린, 이룻영실, 박은주, 김금희 등","신성우, 정민자, 강상훈 등","만 13세 이상","1시간 40분","세이레아트센터","공연완료","http://www.kopis.or.kr/upload/pfmPoster/PF_PF289497_260416_111021.gif","PF289497"
"분홍립스틱 [제주]","2026.05.08","2026.05.09","제주문예회관 (대극장)","연극","정혜선, 박정수, 김예령, 이태란, 박형준, 정찬, 김수연 등","김명훈, 문승용, 유승봉 등","만 12세 이상","1시간 50분","문컴퍼니","공연완료","http://www.kopis.or.kr/upload/pfmPoster/PF_PF289496_260416_111013.jpg","PF289496"
"친정엄마와 2박3일 [대구]","2026.06.27","2026.06.28","계명아트센터 (계명아트센터)","연극","강부자, 윤유선, 유정기, 김남진, 이요성, 김찬훈, 김민지","고혜정","만 7세 이상","1시간 50분","(주)밝은누리, (주)아이스타미디어","공연완료","http://www.kopis.or.kr/upload/pfmPoster/PF_PF289494_260416_111000.gif","PF289494"
"어쩌다 하루","2026.05.02","2026.05.03","제이원 씨어터 (구. 서완소극장, 구. 씨어터고리) (제이원 씨어터 (구. 서완소극장, 구. 씨어터고리) )","연극","양동신, 이범준, 최정은, 홍하늬, 김세훈, 박진석, 이수미 등","이소금, 이윤채, 조성규 등","만 15세 이상","1시간 30분","극단 모드(MODEST Ent.), 극단 모드(MODEST Ent.)","공연완료","http://www.kopis.or.kr/upload/pfmPoster/PF_PF289491_260416_110016.gif","PF289491"
"제44회 대한민국연극제 경기도대회, 만조상해원경 [파주]","2026.04.24","2026.04.25","파주운정행복센터 (공연장)","연극","이연주, 최두나, 이대관, 황민우, 남궁인, 나정원, 이현화 등","김나희, 최승열, 박재운 등","만 9세 이상","1시간 30분","극단 예성","공연완료","http://www.kopis.or.kr/upload/pfmPoster/PF_PF289484_260427_162146.jpg","PF289484"
"범인의 조건 [대구]","2026.06.19","2026.09.06","송죽씨어터 (송죽씨어터)","연극","","","만 16세 이상","1시간 40분","(주)비컨크리에이티브","공연중","http://www.kopis.or.kr/upload/pfmPoster/PF_PF289470_260416_100944.jpg","PF289470"
"제47회 서울연극제, 에라, 모르겠다","2026.05.22","2026.05.31","서울연극창작센터 (서울씨어터 101 (1F) )","연극","조부현, 손흥민, 김병건, 민신혜, 김지명, 조진호, 박희민 등","최재성, 김혜지, 홍문화 등","만 13세 이상","1시간 30분","극단 이야기가, 극단 이야기가","공연완료","http://www.kopis.or.kr/upload/pfmPoster/PF_PF289469_260416_100817.gif","PF289469"
"제47회 서울연극제, 달수랑 정직이랑 바다아이","2026.06.04","2026.06.14","선돌극장 (선돌극장)","연극","강민석, 박소희, 정솔이, 정기연, 곽두환, 김민경, 김시현","변영후, 오채민, 박선영 등","만 16세 이상","1시간 30분","몽상공장","공연완료","http://www.kopis.or.kr/upload/pfmPoster/PF_PF289466_260416_100019.jpg","PF289466"
"비롯되다 [대학로]","2026.05.05","2026.05.10","대학로 이음센터(한국장애인문화예술원) (이음홀)","연극","백우람, 강보람, 차윤슬, 김지수","강예슬, 류혜영, 김지수 등","만 7세 이상","1시간 40분","극단 애인, 극단 애인","공연완료","http://www.kopis.or.kr/upload/pfmPoster/PF_PF289462_260415_151932.gif","PF289462"
"통닭 [청주]","2026.05.06","2026.07.12","정심아트홀 (정심아트홀)","연극","","","만 8세 이상","1시간 30분","극단 청사","공연완료","http://www.kopis.or.kr/upload/pfmPoster/PF_PF289460_260415_150639.png","PF289460"
"처음 만나는 극장 시리즈 Ⅰ, 영유아 스테이지: 소리나무 [김포]","2026.05.21","2026.05.21","통진두레문화센터 (두레홀)","연극","","","","50분","(재)김포문화재단","공연완료","http://www.kopis.or.kr/upload/pfmPoster/PF_PF289455_260415_144427.gif","PF289455"
"어린이날 기획공연: 중섭, 빛깔 있는 꿈","2026.05.03","2026.05.05","국립국악원 (풍류사랑방)","연극","","","12개월 이상","1시간","","공연완료","http://www.kopis.or.kr/upload/pfmPoster/PF_PF289444_260415_141056.jpg","PF289444"
"제2회 북극곰 가족극 페스티벌: 4인 4색, 네개의 달","2026.04.24","2026.04.26","북극곰소극장 (북극곰소극장)","연극","김장미, 김민지, 김정임, 장대림","장대림, 장성환, 박정서 등","48개월 이상","1시간","북(BooK)극곰 예술여행, 테이블인형극제","공연완료","http://www.kopis.or.kr/upload/pfmPoster/PF_PF289434_260415_135949.gif","PF289434"
"망각댄스, 4.16편: 애도를 하려고 했는데 애도를 할 수가 없어서","2026.05.01","2026.05.03","신세계 스튜디오 (1관)","연극","김언이, 김정회, 배성우, 유아진, 이슬기, 이시래, 장우영 등","이강호, 김유라, 김진우 등","만 13세 이상","1시간 30분","극단 신세계(구. 창작집단 툭)","공연완료","http://www.kopis.or.kr/upload/pfmPoster/PF_PF289433_260415_135523.gif","PF289433"
"처음 만나는 극장 시리즈 Ⅰ, 영유아 스테이지: 흔들흔들 우주 [김포]","2026.05.23","2026.05.23","통진두레문화센터 (두레홀)","연극","","","","50분","(재)김포문화재단, 극단 마실","공연완료","http://www.kopis.or.kr/upload/pfmPoster/PF_PF289424_260415_133737.gif","PF289424"
"냉면 한 그릇 후루룩 넘기듯 [속초]","2026.05.08","2026.05.09","속초문화예술회관 (대공연장)","연극","","","만 7세 이상","1시간 25분","속초문화예술회관","공연완료","http://www.kopis.or.kr/upload/pfmPoster/PF_PF289416_260415_132234.jpg","PF289416"
"빵야 [화성]","2026.06.13","2026.06.14","화성아트홀 (화성아트홀)","연극","김경수, 원태민, 전성민, 박동욱, 김현준, 송상훈, 이민규 등","고강민, 김은성, 김태형 등","만 13세 이상","2시간 50분","(재) 화성시문화관광재단, (주)쇼노트, (주)엠비제트컴퍼니","공연완료","http://www.kopis.or.kr/upload/pfmPoster/PF_PF289415_260415_131815.gif","PF289415"
"아롤을 깨물었을 때 [경기 광주]","2026.08.09","2026.08.09","광주시문화예술의전당 (구. 남한산성아트홀) (맹사성홀)","연극","","","만 5세 이상","50분","(재)광주시문화재단 [경기광주]","공연완료","http://www.kopis.or.kr/upload/pfmPoster/PF_PF289404_260429_161735.jpg","PF289404"
"처음 만나는 극장 시리즈 Ⅰ, 영유아 스테이지: 성게와 달팽이 [김포]","2026.05.19","2026.05.19","통진두레문화센터 (두레홀)","연극","","","","50분","(재)김포문화재단, 극단 들락","공연완료","http://www.kopis.or.kr/upload/pfmPoster/PF_PF289403_260415_124700.gif","PF289403"
"제8회 놀터청년페스티벌, 고래와 불가사리","2026.05.13","2026.05.17","놀터예술공방 (놀터예술공방)","연극","김민희, 이서영","황승현, 모채원, 고영봉 등","만 14세 이상","1시간 10분","극단 놀터","공연완료","http://www.kopis.or.kr/upload/pfmPoster/PF_PF289401_260415_123211.gif","PF289401"
"제8회 놀터청년페스티벌, O by TWO","2026.05.06","2026.05.10","놀터예술공방 (놀터예술공방)","연극","안성찬, 전송희","최종서, 서삼석, 조하나","만 12세 이상","1시간","극단 놀터","공연완료","http://www.kopis.or.kr/upload/pfmPoster/PF_PF289400_260415_122549.gif","PF289400"
"제44회 대한민국연극제 경기도대회, 경로를 벗어나 재탐색합니다","2026.04.15","2026.04.15","고양어울림누리 (별모래극장)","연극","정하진, 이영신, 조지영, 윤지환, 박병호, 장윤희","김영배, 이희지, 이석호 등","만 13세 이상","1시간 40분","극단 자유마당","공연완료","http://www.kopis.or.kr/upload/pfmPoster/PF_PF289396_260415_114552.jpg","PF289396"
"제2회 신진예술인 풀충전 페스티벌, sol-3","2026.04.15","2026.04.19","설렘아트홀 (설렘아트홀)","연극","김기린, 남유빈, 심시온, 이현강","심준, 이혜미, 한승훈 등","전체 관람가","1시간 10분","창문탈출원정대","공연완료","http://www.kopis.or.kr/upload/pfmPoster/PF_PF289393_260415_113125.png","PF289393"
"광주 어린이 상상극장, Grand Soft Day [경기 광주]","2026.07.29","2026.07.30","광주시문화예술의전당 (구. 남한산성아트홀) (맹사성홀)","연극","","","만 5세 이상","45분","(재)광주시문화재단 [경기광주]","공연완료","http://www.kopis.or.kr/upload/pfmPoster/PF_PF289390_260415_112734.gif","PF289390"
"제44회 대한민국연극제 경기도대회, 거리의 사람들","2026.04.17","2026.04.17","보노마루 (보노마루)","연극","성정선, 소윤실, 한지은, 임연주, 윤희웅, 강연규","김진휘, 김가은, 이성주 등","전체 관람가","1시간 20분","(사)안산연극협회 극단 예지촌, 극단 유혹","공연완료","http://www.kopis.or.kr/upload/pfmPoster/PF_PF289385_260415_111827.jpg","PF289385"
"국어의시간 [서울 중구]","2026.05.15","2026.05.24","한국콘텐츠진흥원 CKL스테이지 (한국콘텐츠진흥원 CKL스테이지)","연극","이하늘, 이산호, 권다솔, 홍상용, 홍민국, 박제훈, 송유준 등","하동기, 배선애, 주미영 등","만 8세 이상","2시간 45분","극단 백수광부, 주식회사 코스타","공연완료","http://www.kopis.or.kr/upload/pfmPoster/PF_PF289381_260415_111004.gif","PF289381"
"개굴개굴 고래고래 [아산]","2026.05.30","2026.05.30","도고아트홀(구.아산 코미디홀) (도고아트홀(구.아산 코미디홀))","연극","","","전체 관람가","50분","","공연완료","http://www.kopis.or.kr/upload/pfmPoster/PF_PF289380_260415_110842.jpg","PF289380"
"배꼽잡는 슬로우 [아산]","2026.05.09","2026.05.09","도고아트홀(구.아산 코미디홀) (도고아트홀(구.아산 코미디홀))","연극","","","전체 관람가","1시간","","공연완료","http://www.kopis.or.kr/upload/pfmPoster/PF_PF289361_260415_102502.jpg","PF289361"
"약속","2026.04.21","2026.04.26","드림시어터 [대학로] (소극장)","연극","도영희, 한송, 윤준선, 김서윤, 김민영, 서예준, 윤원상","위명우, 김민영, 정민섭 등","전체 관람가","1시간 30분","","공연완료","http://www.kopis.or.kr/upload/pfmPoster/PF_PF289357_260415_102157.gif","PF289357"
"다녀왔습니다 [창원]","2026.05.01","2026.06.20","소극장 빨간객석 (소극장 빨간객석)","연극","조용건, 김희정, 손보영, 정윤희, 하정혜, 구예지, 지석주 등","김종원, 김경수, 진병식 등","만 7세 이상","1시간 30분","극단 불씨촌, 극단 불씨촌, 소극장 빨간객석, 소극장 빨간객석","공연완료","http://www.kopis.or.kr/upload/pfmPoster/PF_PF289356_260526_171811.gif","PF289356"
"예외와 관습","2026.05.22","2026.05.31","서울연극창작센터 (서울씨어터 202 (5F) )","연극","남성진, 공재민, 송현섭, 김진영, 송지나, 이가을, 라태완","김지은, 박진규, 양은숙","만 7세 이상","1시간 20분","연극집단 반, 주식회사 코스타","공연완료","http://www.kopis.or.kr/upload/pfmPoster/PF_PF289341_260414_132707.gif","PF289341"
"운명의 빛 [인천]","2026.05.07","2026.05.09","문학시어터 (문학시어터)","연극","김민준, 윤상민, 김혜원, 주유진, 한승효, 고윤호, 박지은 등","라경민, 김남우, 하권재 등","만 6세 이상","1시간 20분","극단 광대","공연완료","http://www.kopis.or.kr/upload/pfmPoster/PF_PF289323_260414_112927.gif","PF289323"
"제12회 원주어린이극페스티벌","2026.05.12","2026.05.17","어울림소극장 [원주] (어울림소극장 [원주])","연극","","","전체 관람가","50분","(주)공연예술씨앗, 교육극단 파랑새, 극단 나무, 극단 신명을일구는사람들, 씨어터컴퍼니 웃끼, 인형극단 아토, 화이트캣시어터컴퍼니","공연완료","http://www.kopis.or.kr/upload/pfmPoster/PF_PF289318_260414_111727.gif","PF289318"
"봄날의 춘애 [옥천]","2026.05.01","2026.05.01","옥천문화예술회관 (옥천문화예술회관)","연극","노현희, 박형준","","만 7세 이상","2시간","","공연완료","http://www.kopis.or.kr/upload/pfmPoster/PF_PF289314_260414_110821.jpg","PF289314"
"분홍립스틱 [영덕]","2026.05.16","2026.05.16","예주문화예술회관 (예주문화예술회관)","연극","박정수, 이태란, 정찬, 박효진, 정대성, 한솔","김명훈, 문승용, 유승봉 등","전체 관람가","1시간 40분","","공연완료","http://www.kopis.or.kr/upload/pfmPoster/PF_PF289311_260414_110249.png","PF289311"
"IAPF, 6 Micro Lectures on Genocide: 학살에 관한 여섯 개의 강의 [부산]","2026.05.01","2026.05.02","공간소극장 [대연역] (공간소극장 [대연역] )","연극","리즈만 퓨트라, 황미애","중차오, 전상배, 황미애 등","만 13세 이상","1시간","공간 소극장","공연완료","http://www.kopis.or.kr/upload/pfmPoster/PF_PF289297_260414_102844.gif","PF289297"
"마트로시카 [서울 중구]","2026.05.01","2027.01.03","명보아트홀 (라온홀 (3F) )","연극","윤제문, 정석용, 태항호, 조희봉, 손종학, 김태향, 허동수 등","서홍석, 최해주, 서은지 등","만 13세 이상","1시간 50분","(주)호라이즌웍스, 잡담스토레지 (주), 주식회사 코스타","공연중","http://www.kopis.or.kr/upload/pfmPoster/PF_PF289294_260414_101835.gif","PF289294"
"제47회 서울연극제, 밑바닥1930","2026.05.06","2026.05.10","열린극장 (열린극장)","연극","차수영, 최강국, 김희연, 김두원, 목성일, 맹재성 등","박상협, 박민수, 김광훈 등","만 16세 이상","3시간","극단 화담, 극단 화담","공연완료","http://www.kopis.or.kr/upload/pfmPoster/PF_PF289281_260414_095131.jpg","PF289281"
"THE PRESS","2026.05.02","2026.05.10","인 컬쳐앤콘텐츠 스튜디오 (인 컬쳐앤콘텐츠 스튜디오)","연극","강다윤, 박서연, 박헤근, 선민규, 정소해","변예원, 안기현, 이준영 등","만 14세 이상","1시간 30분","극단 KTA IN (Korea Theater Art IN)","공연완료","http://www.kopis.or.kr/upload/pfmPoster/PF_PF289275_260413_155801.gif","PF289275"
"트윈스 [대전]","2026.04.22","2026.04.26","소극장 고도 (소극장 고도)","연극","박광현, 홍덕기, 안정승","이영중, 강미현, 박민아 등","만 13세 이상","1시간 10분","국제연극연구소 H.U.E(휴), 국제연극연구소 H.U.E(휴)","공연완료","http://www.kopis.or.kr/upload/pfmPoster/PF_PF289269_260413_154702.gif","PF289269"
"하늘 바람 바다 [안동]","2026.05.29","2026.05.30","안동문화예술의전당 (웅부홀)","연극","황선영, 석민호, 박주희, 이지영, 남준우, 백광현, 김민우 등","정철원, 정창윤, 김신근 등","만 4세 이상","1시간 30분","안동문화예술의전당, 안동문화예술의전당","공연완료","http://www.kopis.or.kr/upload/pfmPoster/PF_PF289267_260413_153755.jpg","PF289267"
"나의 별 [대학로]","2026.05.02","2026.07.05","대학로 스카이씨어터 (2관(5층 구 JK아트홀))","연극","배보람, 김보정, 송나영, 김계림, 김이담, 윤지현, 도예준 등","변영진, 최종혁, 오세혁 등","만 13세 이상","1시간 40분","MUSEat(뮤즈엣), MUSEat(뮤즈엣)","공연완료","http://www.kopis.or.kr/upload/pfmPoster/PF_PF289266_260413_153403.jpg","PF289266"
"크리미널 시즌5 [대학로]","2026.04.12","2026.08.29","봄날아트홀 (구. 아리랑소극장) (2관 (지하2층) )","연극","김현진, 김은형, 김준성, 박진우, 허유나, 김유진","","만 10세 이상","1시간 30분","봄날컴퍼니","공연중","http://www.kopis.or.kr/upload/pfmPoster/PF_PF289265_260413_153203.gif","PF289265"
"여섯 번째 희곡열전, 선욱현 전: 카모마일과 비빔면","2026.07.22","2026.07.26","열린극장 (열린극장)","연극","정의진, 최유아","선욱현, 도예영, 이채은 등","만 7세 이상","1시간 20분","극단 수평선, 희곡열전연극제 운영위원회","공연완료","http://www.kopis.or.kr/upload/pfmPoster/PF_PF289249_260811_175236.png","PF289249"
"구경 [대전]","2026.05.07","2026.05.10","드림아트홀 [대전] (드림아트홀 [대전] )","연극","백비송, 신선희","백비송, 이은영","만 10세 이상","1시간 10분","이년프로젝트","공연완료","http://www.kopis.or.kr/upload/pfmPoster/PF_PF289243_260413_143224.jpg","PF289243"
"쓰리 커튼콜 [대학로]","2026.05.12","2026.06.07","R&J씨어터(구. 연진아트홀) (R&J씨어터(구. 연진아트홀))","연극","김민지, 배민수, 민하람, 심지환, 김진형, 김재호, 윤범 등","김민훈, 배민수","만 14세 이상","1시간 30분","","공연완료","http://www.kopis.or.kr/upload/pfmPoster/PF_PF289240_260413_142538.jpg","PF289240"
"미미의 미미한 연애","2026.05.22","2026.05.31","아르코예술극장 (소극장)","연극","구도균, 김정아, 류세일, 박은경","조민송, 강훈구, 장우재 등","만 13세 이상","1시간 50분","공놀이클럽","공연완료","http://www.kopis.or.kr/upload/pfmPoster/PF_PF289238_260413_141822.gif","PF289238"
"제44회 충북연극제, 상설의 시대 [청주]","2026.05.08","2026.05.08","씨어터 제이 (씨어터 제이)","연극","엄춘미, 고경애, 오영석, 유혜빈, 남태관, 김민지","김서현, 장보배, 조재명 등","전체 관람가","1시간 20분","극단 청년극장","공연완료","http://www.kopis.or.kr/upload/pfmPoster/PF_PF289236_260413_141459.jpg","PF289236"
"사랑해 엄마 [수원]","2026.06.12","2026.07.19","KBS 수원아트홀 (KBS 수원아트홀)","연극","조혜련, 이경실, 김지선, 김효진, 정지환, 김건호, 고준혁 등","조혜련, 현유진, 김예선 등","만 10세 이상","1시간 50분","(주)위아더컬쳐, (주)위아더컬쳐, (주)조이컬쳐스, (주)조이컬쳐스, 아폴론art컴퍼니, 안녕컴퍼니, 안녕컴퍼니","공연완료","http://www.kopis.or.kr/upload/pfmPoster/PF_PF289232_260413_140821.jpg","PF289232"
"제37회 경북연극제, 그 여자들 다시 통닭을 먹다 [구미]","2026.04.24","2026.04.25","소극장 공터 다 (소극장 공터 다)","연극","조혜정, 이채원, 황인정, 오영필, 표세호, 양희창","황윤동, 김용원, 정민희 등","만 7세 이상","1시간 30분","(사)문화창작집단 공터다, (사)문화창작집단 공터다","공연완료","http://www.kopis.or.kr/upload/pfmPoster/PF_PF289220_260413_133206.png","PF289220"
"제2회 북극곰가족극페스티벌, 미스터리, 미스터 리","2026.04.17","2026.04.19","북극곰소극장 (북극곰소극장)","연극","이상호","이상호, 임밀, 오경미 등","48개월 이상","1시간","바디뮤직코리아(BODY MUSIC KOREA), 북(BooK)극곰 예술여행","공연완료","http://www.kopis.or.kr/upload/pfmPoster/PF_PF289209_260413_131036.gif","PF289209"
"이머시브 체이스, AMOK","2026.04.18","2026.04.19","춘천시공연예술창업지원센터 (스테이지3035)","연극","곽태관, 신도연, 신광현, 윤병돈, 전세정, 이동영","손수민, 신도연, 홍관우 등","만 19세 이상","1시간 30분","극단02","공연완료","http://www.kopis.or.kr/upload/pfmPoster/PF_PF289199_260413_124842.png","PF289199"
"제랄다와 거인","2026.05.01","2026.05.05","아르코 꿈밭극장 (아르코꿈밭극장)","연극","박영희","박영희, 유한수, 채승희 등","만 4세 이상","45분","","공연완료","http://www.kopis.or.kr/upload/pfmPoster/PF_PF289196_260413_122612.jpg","PF289196"
"여섯 번째 희곡열전, 선욱현 전: 엄브렐러","2026.05.13","2026.05.17","후암스테이지 (후암스테이지 (구. 마라카 3관, 오씨어터))","연극","김자미, 이혜진, 조희정, 최수진","선욱현, 배기범, 이준석 등","전체 관람가","1시간 10분","희곡열전연극제 운영위원회","공연완료","http://www.kopis.or.kr/upload/pfmPoster/PF_PF289190_260413_113856.gif","PF289190"
"순례네 국밥","2026.04.08","2026.04.12","공간아울 (공간아울)","연극","박기원, 이한희, 김치정, 주해연, 김성언, 기주봉, 정아미 등","김진아, 권솔, 권혜령 등","만 13세 이상","1시간 30분","","공연완료","http://www.kopis.or.kr/upload/pfmPoster/PF_PF289175_260413_110010.png","PF289175"
"여섯 번째 희곡열전, 선욱현 전: 바나나","2026.06.04","2026.06.14","극장 봄 (봄소극장) (극장 봄)","연극","성승연, 윤노찬, 박주형, 최종헌, 이시헌, 주민영, 류연주, 김예슬","선욱현, 반무섭, 정의순 등","만 7세 이상","1시간 20분","공연연구소 더하다, 희곡열전연극제 운영위원회","공연완료","http://www.kopis.or.kr/upload/pfmPoster/PF_PF289171_260623_090500.jpeg","PF289171"
"너울 THE SWELL [대학로]","2026.05.08","2026.05.17","아르코예술극장 (소극장)","연극","김광덕, 윤현길, 이미라, 장샘이, 이은조, 박은호","진해정, 배규진, 송지인 등","만 16세 이상","1시간 40분","","공연완료","http://www.kopis.or.kr/upload/pfmPoster/PF_PF289170_260413_105352.gif","PF289170"
"[패키지] 제23회 부산국제연극제, K-Stage 5개 공연 관극패키지","2026.05.10","2026.05.17","어댑터씨어터 2관 (어댑터씨어터 2관)","연극","","","만 11세 이상","","(사)부산국제연극제조직위원회","공연완료","http://www.kopis.or.kr/upload/pfmPoster/PF_PF289157_260410_163442.jpg","PF289157"
"마티네콘서트 마실: 꼬마야, 꼬마야 [인천]","2026.05.27","2026.05.27","남동소래아트홀 (소래극장 (대공연장) )","연극","","","36개월 이상","1시간","극단 여기,우리","공연완료","http://www.kopis.or.kr/upload/pfmPoster/PF_PF289156_260410_155940.png","PF289156"
"뜨거운 여름 [대구]","2026.05.16","2026.05.16","대구학생문화센터 (대공연장)","연극","김리현, 오주언, 노정현, 장수범, 이원민, 임태섭, 조윤정 등","","만 13세 이상","1시간 45분","대구학생문화센터","공연완료","http://www.kopis.or.kr/upload/pfmPoster/PF_PF289151_260410_153531.png","PF289151"
"베팅 [서울 용산]","2026.04.30","2026.05.03","보광극장 (보광극장)","연극","오영석, 박준용, 조새명, 강태형, 김태진, 김정우, 박소민 등","오영석, 김태진","만 14세 이상","1시간 5분","창작예술집단 보광극장, 프로젝트 거북이 감자, 프로젝트 거북이 감자","공연완료","http://www.kopis.or.kr/upload/pfmPoster/PF_PF289140_260410_150240.gif","PF289140"
"퍼포먼스 씨어터, 극무서사: 존재의 잔해","2026.04.24","2026.05.03","서울연극창작센터 (서울씨어터 202 (5F) )","연극","강도건, 김연수, 김윤정, 김이온, 김태민, 이호, 차한결 등","우종희, 권용, 김준희 등","만 13세 이상","1시간 40분","극단 한양레퍼토리, 극단 한양레퍼토리","공연완료","http://www.kopis.or.kr/upload/pfmPoster/PF_PF289132_260410_144345.gif","PF289132"
"ASAC 청소년 연극, 유원 [안산]","2026.11.26","2026.11.27","안산문화예술의전당 (달맞이극장)","연극","","전윤환, 권근영, 송지인 등","만 11세 이상","1시간 45분","A.N.D Theatre(앤드씨어터)","공연예정","http://www.kopis.or.kr/upload/pfmPoster/PF_PF289131_260410_144112.gif","PF289131"
"제23회 부산국제연극제, 반쪼가리 자작","2026.05.16","2026.05.17","어댑터씨어터 2관 (어댑터씨어터 2관)","연극","","","만 13세 이상","1시간 40분","(사)부산국제연극제조직위원회, 창작조직 성찬파","공연완료","http://www.kopis.or.kr/upload/pfmPoster/PF_PF289129_260410_143502.jpg","PF289129"
"제23회 부산국제연극제, 하붑","2026.05.14","2026.05.15","부산시민회관 (소극장)","연극","","","만 6세 이상","1시간 40분","(사)부산국제연극제조직위원회, 극단 문지방","공연완료","http://www.kopis.or.kr/upload/pfmPoster/PF_PF289125_260410_142618.jpg","PF289125"
"제23회 부산국제연극제 개막작, 알파고 리: 희생의 이론","2026.05.09","2026.05.10","(재) 영화의전당 (하늘연극장)","연극","","","만 16세 이상","2시간","(재)영화의전당, STUDIO theatergallery","공연완료","http://www.kopis.or.kr/upload/pfmPoster/PF_PF289124_260410_142404.gif","PF289124"
"제23회 부산국제연극제, 코뿔소","2026.05.14","2026.05.15","동서대학교 민석 소극장 (동서대학교 민석 소극장)","연극","","","만 11세 이상","1시간 40분","(사)부산국제연극제조직위원회, 공상집단 뚱딴지","공연완료","http://www.kopis.or.kr/upload/pfmPoster/PF_PF289122_260410_142017.jpg","PF289122"
"제23회 부산국제연극제, 초청작: 탐엣더팜","2026.05.12","2026.05.13","(재) 영화의전당 (하늘연극장)","연극","","","만 16세 이상","2시간","(재)영화의전당, 쿼드로비보(Quadrovivo)","공연완료","http://www.kopis.or.kr/upload/pfmPoster/PF_PF289120_260410_141320.gif","PF289120"
"제23회 부산국제연극제, 유랑","2026.05.10","2026.05.11","어댑터씨어터 2관 (어댑터씨어터 2관)","연극","","","만 4세 이상","1시간 10분","(사)부산국제연극제조직위원회, 하다 아트 컴퍼니 (HADA artcompany)","공연완료","http://www.kopis.or.kr/upload/pfmPoster/PF_PF289119_260410_141148.jpg","PF289119"
"공간체험 이머시브 연극, 부악로 40의 사건수첩 [이천]","2026.06.23","2026.06.27","이천아트홀 (대공연장)","연극","박찬양, 김정민, 구다빈, 백수진, 조효준, 이동규, 성기윤 등","성기윤, 홍성연, 조경희 등","만 10세 이상","2시간","이천문화재단","공연완료","http://www.kopis.or.kr/upload/pfmPoster/PF_PF289111_260410_135050.gif","PF289111"
"[패키지] 제23회 부산국제연극제, 초청작 4개 공연 관극패키지","2026.05.09","2026.05.17","(재) 영화의전당 (하늘연극장)","연극","","","전체 관람가","","(사)부산국제연극제조직위원회","공연완료","http://www.kopis.or.kr/upload/pfmPoster/PF_PF289106_260410_134032.jpg","PF289106"
"햄릿, 걷는 인간","2026.05.01","2026.05.10","삼일로창고극장 (삼일로창고극장)","연극","한윤춘, 서한결, 박재동, 김남은, 안성채, 주인서, 장진욱 등","나진환, 한윤춘, 최지원 등","만 12세 이상","2시간","극단 피악, 극단 피악","공연완료","http://www.kopis.or.kr/upload/pfmPoster/PF_PF289105_260410_134031.gif","PF289105"
"제23회 부산국제연극제, 삶과 죽음: 아주 오래된 이야기 (Life & Death: the old, old story)","2026.05.13","2026.05.14","어댑터씨어터 2관 (어댑터씨어터 2관)","연극","","","만 7세 이상","55분","(사)부산국제연극제조직위원회, 예술집단 C","공연완료","http://www.kopis.or.kr/upload/pfmPoster/PF_PF289102_260410_133433.jpg","PF289102"
"일곱마리 아기염소와 늑대 [안산]","2026.05.16","2026.05.25","NC소극장 [안산고잔] (NC소극장 [안산고잔] )","연극","","","전체 관람가","45분","","공연완료","http://www.kopis.or.kr/upload/pfmPoster/PF_PF289101_260410_133157.png","PF289101"
"여는 마당: 프로파간다 [대학로]","2026.05.09","2026.05.10","아르코예술극장 (대극장)","연극","한혜진 등","심지후, 안태은, 김랑리 등","만 7세 이상","1시간","","공연완료","http://www.kopis.or.kr/upload/pfmPoster/PF_PF289100_260410_133156.gif","PF289100"
"제47회 서울연극제, 은의 혀","2026.05.09","2026.05.17","서울연극창작센터 (서울씨어터 101 (1F) )","연극","이지현, 강혜련, 이경민, 정다연 등","박지선, 윤혜숙, 김정민 등","만 13세 이상","1시간 40분","주식회사 코스타","공연완료","http://www.kopis.or.kr/upload/pfmPoster/PF_PF289098_260410_132848.gif","PF289098"
"제23회 부산국제연극제, 리처드 3세: 더 맨 (Richard 3. The Man)","2026.05.10","2026.05.10","부산시민회관 (소극장)","연극","","","만 11세 이상","1시간 10분","(사)부산국제연극제조직위원회, 극단 토니불난드라","공연완료","http://www.kopis.or.kr/upload/pfmPoster/PF_PF289095_260410_132224.jpg","PF289095"
"제23회 부산국제연극제, 글뤽 아우프 (Gluck auf)","2026.05.11","2026.05.12","동서대학교 민석 소극장 (동서대학교 민석 소극장)","연극","김봉현, 고우서","임주은, 박현정, 김광훈 등","만 14세 이상","1시간 10분","(사)부산국제연극제조직위원회, 극단 태양의 바다","공연완료","http://www.kopis.or.kr/upload/pfmPoster/PF_PF289093_260410_131841.jpg","PF289093"
"오월의 하루","2026.05.01","2026.06.01","로비 바이 컨템포러리 테일즈 (로비 바이 컨템포러리 테일즈(B1))","연극","김낙연, 황규찬, 김승찬, 안병찬, 민경석, 문병설","하정은, 김정현, 박지언 등","만 15세 이상","1시간 40분","컨템포러리 테일즈, 컨템포러리 테일즈","공연완료","http://www.kopis.or.kr/upload/pfmPoster/PF_PF289092_260410_131624.gif","PF289092"
"어울아트센터 명작시리즈 Ⅲ, 비기닝 [대구]","2026.05.09","2026.05.09","어울아트센터(구. 대구북구문예회관) (함지홀(대공연장))","연극","이종혁, 왕유선","표상아, 조은아, 김정환 등","만 13세 이상","1시간 30분","(재)행복북구문화재단(어울아트센터)","공연완료","http://www.kopis.or.kr/upload/pfmPoster/PF_PF289091_260410_131402.jpg","PF289091"
"제23회 부산국제연극제, 폐막작: 메리 고 라운드 (MERRY-GO-ROUND)","2026.05.16","2026.05.17","(재) 영화의전당 (하늘연극장)","연극","","아틸라 비드냔스키","만 12세 이상","2시간","(재)영화의전당","공연완료","http://www.kopis.or.kr/upload/pfmPoster/PF_PF289089_260410_130551.gif","PF289089"
"스승의날 특별기획, 뜨거운 여름 (교직원대상)","2026.05.15","2026.05.15","대구학생문화센터 (대공연장)","연극","김리현, 오주언, 노정현, 장수범, 이원민, 임태섭, 조윤정 등","","만 13세 이상","1시간 45분","대구학생문화센터","공연완료","http://www.kopis.or.kr/upload/pfmPoster/PF_PF289079_260410_124105.png","PF289079"
"3학년 10반 [대학로]","2026.04.24","2026.05.03","미마지아트센터 (물빛극장)","연극","이성희, 홍인아, 송용진, 한규정, 김윤동, 이다은, 이강준 등","윤금정, 진소윤, 안기혁 등","만 10세 이상","1시간 30분","극단 웃는고양이, 극단 웃는고양이, 리지컴퍼니, 문화상회 노닥","공연완료","http://www.kopis.or.kr/upload/pfmPoster/PF_PF289073_260410_113422.jpg","PF289073"
"어쩌다 보니 여기까지","2026.05.05","2026.05.10","공간 서론 (공간 서론)","연극","한새봄, 이현지, 심건우, 최윤재","정민찬, 김광훈, 오현근 등","만 7세 이상","1시간 30분","일상의판타지, 일상의판타지","공연완료","http://www.kopis.or.kr/upload/pfmPoster/PF_PF289069_260410_112410.gif","PF289069"
"미미의 미미한 연애","2026.06.03","2026.06.07","마포아트센터 (플레이맥)","연극","구도균, 김정아, 류세일, 박은경","강훈구, 이경은, 이예원 등","만 13세 이상","1시간 50분","(재)마포문화재단(마포아트센터), 공놀이클럽","공연완료","http://www.kopis.or.kr/upload/pfmPoster/PF_PF289065_260410_111547.gif","PF289065"
"연극열전10, 렁스","2026.05.23","2026.08.02","충무아트센터 (중극장 블랙)","연극","임주환, 박성훈, 김경남, 정운선, 전소민, 신윤지","박소영, 남경식, 노명준 등","만 14세 이상","1시간 30분","(주)연극열전, (주)연극열전","공연완료","http://www.kopis.or.kr/upload/pfmPoster/PF_PF289063_260611_112550.gif","PF289063"
"나는 왜 없지 않고 있는가?","2026.05.01","2026.05.16","선돌극장 (선돌극장)","연극","구자승, 조주현, 나종민, 장하란, 하지웅, 김하리, 김태우 등","손기호, 김영락, 백진철 등","만 13세 이상","2시간 5분","극단 이루, 바람커뮤니케이션","공연완료","http://www.kopis.or.kr/upload/pfmPoster/PF_PF289060_260410_110428.gif","PF289060"
"사랑해 엄마 [울산]","2026.05.08","2026.05.09","서울주문화센터 (공연장)","연극","조혜련, 정지환, 조지환, 이서주, 김연수, 유민정 등","","만 7세 이상","1시간 30분","","공연완료","http://www.kopis.or.kr/upload/pfmPoster/PF_PF289052_260410_104553.png","PF289052"
"빛과 어둠의 경계에서 [서울]","2026.05.02","2026.05.25","세종문화회관 (세종S씨어터)","연극","안신원, 조창희, 박윤희, 성노진, 이수형, 조성국, 노상원","박승규, 구태환, 박동우 등","만 12세 이상","1시간 30분","극단 수, 극단 수","공연완료","http://www.kopis.or.kr/upload/pfmPoster/PF_PF289050_260410_105255.png","PF289050"
"나 그대에게 [인천]","2026.05.09","2026.05.09","인천학생교육문화회관 (싸리재홀(대공연장))","연극","남경읍, 김민정, 김민수, 이미라, 임나경, 이철","김기태, 유준기 등","만 7세 이상","1시간 30분","인천광역시교육청학생교육문화회관","공연완료","http://www.kopis.or.kr/upload/pfmPoster/PF_PF289037_260410_101755.jpg","PF289037"
"헤다 가블러 [대학로]","2026.04.25","2026.05.03","비유아트홀(구. 효천아트센터 그라운드씬) (비유아트홀(구. 효천아트센터 그라운드씬))","연극","신현준, 최우진, 한선인, 남승주, 강혜원, 김혜나, 김유빈 등","김건욱, 김효진, 남승주 등","전체 관람가","2시간","","공연완료","http://www.kopis.or.kr/upload/pfmPoster/PF_PF289032_260409_145454.gif","PF289032"
"제44회 대한민국연극제 제주예선 및 제31회 제주연극제, 극단세이레: 마녀","2026.04.19","2026.04.19","BeIN(비인) (BeIN(비인))","연극","김금희, 신예경, 김시혁, 이지선 등","정민자, 강상훈, 장윤환 등","만 13세 이상","1시간 30분","극단 세이레","공연완료","http://www.kopis.or.kr/upload/pfmPoster/PF_PF289031_260409_144822.jpg","PF289031"
"난감, 한가족 [대학로]","2026.05.04","2026.05.17","소극장 창덕궁 (소극장 창덕궁)","연극","조영임, 홍세령, 곽영신, 최희중, 차미연, 권아름, 김태림 등","한윤서, 조현아, 현창륜 등","만 7세 이상","1시간 20분","프로젝트 한, 프로젝트 한","공연완료","http://www.kopis.or.kr/upload/pfmPoster/PF_PF289030_260409_144157.gif","PF289030"
"제44회 대한민국연극제 제주예선 및 제31회 제주연극제, 돗추렴","2026.04.15","2026.04.15","BeIN(비인) (BeIN(비인))","연극","변소연, 차지혜, 송애순, 신봉재, 하승원, 정윤선, 장경훈 등","강준, 변종수, 박채린 등","전체 관람가","1시간 30분","문화놀이터 도채비","공연완료","http://www.kopis.or.kr/upload/pfmPoster/PF_PF288997_260409_113239.jpg","PF288997"
"침묵 후에 [대학로]","2026.04.28","2026.05.10","드림시어터 [대학로] (소극장)","연극","이연빈, 문서율","김원영, 방은미, 이성경 등","만 14세 이상","1시간 10분","김작가씨사업소, 김작가씨사업소","공연완료","http://www.kopis.or.kr/upload/pfmPoster/PF_PF288996_260409_112948.gif","PF288996"
"제44회 대한민국연극제 제주예선 및 제31회 제주연극제, 길","2026.04.22","2026.04.22","BeIN(비인) (BeIN(비인))","연극","현지훈, 이승준, 조성진, 이상용, 최선이, 김정희, 김대홍 등","김상열, 이상용, 임상호 등","만 13세 이상","1시간 30분","극단 가람 [제주]","공연완료","http://www.kopis.or.kr/upload/pfmPoster/PF_PF288994_260409_112630.jpg","PF288994"
"제44회 대한민국연극제 제주대 및 제31회 제주연극제: 4통 3반 복층 사건 [제주]","2026.04.17","2026.04.17","BeIN(비인) (BeIN(비인))","연극","남석민, 강미진, 고승유, 김예림, 강영지, 김경미, 오상운, 우서율","전혁준, 오상준, 김소여 등","만 13세 이상","1시간 30분","예술공간 오이","공연완료","http://www.kopis.or.kr/upload/pfmPoster/PF_PF288993_260409_112630.jpg","PF288993"
"대학살의 신 [대학로]","2026.04.17","2026.04.26","제이원 씨어터 (구. 서완소극장, 구. 씨어터고리) (제이원 씨어터 (구. 서완소극장, 구. 씨어터고리) )","연극","심희주, 이지은, 정지수, 주지민, 이원희, 홍성민, 백소라 등","민필준, 안예진, 고은정 등","만 15세 이상","1시간 20분","공연단체 ON, 스튜디오ON 잠실점","공연완료","http://www.kopis.or.kr/upload/pfmPoster/PF_PF288981_260409_105530.gif","PF288981"
"극단 작은신화 40주년 기념 창작신작 시리즈 1. 말이 나왔으니까 하는 말인데","2026.04.24","2026.05.03","공간아울 (공간아울)","연극","임형택, 정세라, 김기준, 김문식, 서광일, 최서이, 김광호 등","김이율, 최용훈, 김혜지 등","만 13세 이상","1시간 50분","극단 작은신화, 코르코르디움","공연완료","http://www.kopis.or.kr/upload/pfmPoster/PF_PF288978_260409_104754.gif","PF288978"
"자전거 여행 [대전]","2026.04.25","2026.04.25","이음아트홀 [대전] (이음아트홀 [대전])","연극","","","전체 관람가","1시간 30분","","공연완료","http://www.kopis.or.kr/upload/pfmPoster/PF_PF288977_260409_104530.jpg","PF288977"
"분홍 립스틱 [보령]","2026.04.16","2026.04.17","보령문화예술회관 (대공연장)","연극","박정수, 이태란, 정찬, 박효진, 정대성, 한솔","김명훈, 문승용, 유승봉 등","만 7세 이상","1시간 50분","(주)문컴퍼니, 보령시문화예술회관","공연완료","http://www.kopis.or.kr/upload/pfmPoster/PF_PF288975_260409_103810.jpg","PF288975"
"제47회 서울연극제, 마음","2026.05.08","2026.05.17","여행자극장 (여행자극장)","연극","이승기, 이지명, 서현우, 이상진, 이선아, 김선영, 심진혁 등","양지모, 김성태, 박성찬 등","만 13세 이상","1시간 40분","극단 도움닫기 (구. 프로젝트 럼버잭)","공연완료","http://www.kopis.or.kr/upload/pfmPoster/PF_PF288974_260409_103757.jpg","PF288974"
"제1회 본스타 천안아산캠퍼스 정기공연, 곁: 말하지 못한 마음들 [천안]","2026.04.18","2026.04.19","아트센터소극장 (시네라마 아트센터) (공연장)","연극","강율, 고예원, 김소율, 김태훈, 박시현, 이성규, 이하린 등","","전체 관람가","1시간 10분","(주)본스타컴퍼니","공연완료","http://www.kopis.or.kr/upload/pfmPoster/PF_PF288971_260409_103413.gif","PF288971"
"나의 빈틈메이트","2026.04.22","2026.07.31","대학로 마로니에소극장(플레이더씨어터) (대학로 마로니에소극장(플레이더씨어터))","연극","이슬기, 이예소, 조하영, 장은진, 이채연, 김하얀, 이하정 등","김가현, 박인영, 이예소 등","만 5세 이상","1시간 30분","Yooniverse(유니버스), 루니시아, 클레시아","공연완료","http://www.kopis.or.kr/upload/pfmPoster/PF_PF288963_260416_131224.gif","PF288963"
"제12회 본스타트레이닝센터 정기공연, 어느 작가 이야기 [대학로]","2026.04.22","2026.04.22","소극장 창덕궁 (소극장 창덕궁)","연극","박제형, 박다혜, 유익균, 유채이, 도상건","","만 7세 이상","1시간 20분","(주)본스타컴퍼니","공연완료","http://www.kopis.or.kr/upload/pfmPoster/PF_PF288961_260409_095922.gif","PF288961"
"감찰관 [대학로]","2026.04.29","2026.05.05","아르코예술극장 (대극장)","연극","이지선, 임채현, 조성경, 최이영, 강정탁, 박해린, 이강민 등","임도완, 양세현, 권수현 등","만 12세 이상","2시간","사다리움직임연구소, 사다리움직임연구소","공연완료","http://www.kopis.or.kr/upload/pfmPoster/PF_PF288943_260408_142032.jpg","PF288943"
"여보 나도 할말 있어 [부산]","2026.05.09","2026.05.09","영도문화예술회관 (대공연장(봉래홀))","연극","이홍렬, 이종박, 우상민, 권기선, 이윤미, 권혜영","김영순, 이수민, 이지용 등","만 7세 이상","1시간 30분","","공연완료","http://www.kopis.or.kr/upload/pfmPoster/PF_PF288942_260408_141612.png","PF288942"
"독고B집","2026.05.07","2026.05.10","소극장 공유 (소극장 공유)","연극","강빈, 김정범, 서보찬, 이한빛, 조성덕, 추지유","차왕현, 서보찬, 김가희","만 15세 이상","1시간 20분","H 작업실, 극단 해봄","공연완료","http://www.kopis.or.kr/upload/pfmPoster/PF_PF288937_260408_135916.gif","PF288937"
"급식왕: 급식이 사라졌다 [안산]","2026.05.05","2026.05.05","안산문화예술의전당 (달맞이극장)","연극","","","36개월 이상","1시간","극단 스케치","공연완료","http://www.kopis.or.kr/upload/pfmPoster/PF_PF288930_260408_133835.gif","PF288930"
"제47회 서울연극제, 감정 연습","2026.05.08","2026.05.17","서울연극창작센터 (서울씨어터 202 (5F) )","연극","이대연, 성태준","이경헌, 신명민, 정승준 등","만 13세 이상","2시간 25분","창작집단LAS, 창작집단LAS","공연완료","http://www.kopis.or.kr/upload/pfmPoster/PF_PF288915_260408_125710.gif","PF288915"
"극단 마음같이 맘 & 맘 페스티벌: 로봇손녀, 사랑입니까, 동행","2026.05.05","2026.05.24","제이원 씨어터 (구. 서완소극장, 구. 씨어터고리) (제이원 씨어터 (구. 서완소극장, 구. 씨어터고리) )","연극","류지애, 박세이, 배우경, 서호, 손정욱, 박무영","현대철, 임영록, 김주연 등","만 13세 이상","1시간","극단 마음같이","공연완료","http://www.kopis.or.kr/upload/pfmPoster/PF_PF288912_260408_122202.png","PF288912"
"괴담: 위험한 해시태그","2026.05.01","2026.08.30","미래아트홀 (미래아트홀)","연극","","","만 13세 이상","1시간 10분","(주)팀플레이예술기획, 극단 다미","공연중","http://www.kopis.or.kr/upload/pfmPoster/PF_PF288877_260408_103225.gif","PF288877"
"인간대포쇼 [세종]","2026.05.01","2026.05.02","비오케이아트센터(BOK아트센터) (다목적공연장)","연극","남상혁, 최광남, 이영승, 노수연, 서찬휘, 최용철, 이제석","위기훈, 이제석, 박정석 등","만 12세 이상","1시간 30분","극단 종이달","공연완료","http://www.kopis.or.kr/upload/pfmPoster/PF_PF288873_260408_102135.gif","PF288873"
"더 파더 [제주]","2026.04.24","2026.04.25","세이레아트센터 (세이레아트센터)","연극","오성완, 이당금, 이명덕, 조아라, 박선주, 민찬욱","이당금, 박근혁, 김성연 등","만 11세 이상","1시간 40분","세이레아트센터","공연완료","http://www.kopis.or.kr/upload/pfmPoster/PF_PF288829_260407_114851.gif","PF288829"
"어쩌다 보니 여기까지 [서울]","2026.04.29","2026.05.03","동숭무대소극장 (동숭무대소극장)","연극","한새봄, 심건우, 최윤재, 이현지","정민찬, 김광훈, 소주형 등","만 7세 이상","1시간 30분","일상의판타지, 일상의판타지","공연완료","http://www.kopis.or.kr/upload/pfmPoster/PF_PF288824_260407_112904.gif","PF288824"
"불편한 편의점 [고성]","2026.04.26","2026.04.26","고성군문화복지센터 (대공연장)","연극","김송주, 유채빈, 이채림, 이현선, 안동기, 안홍주","황기현, 정범철, 김은지 등","만 7세 이상","1시간 40분","(주)제이엘컬처 (구. (주)브라더후드), (주)지우컴퍼니(JIWOOCOMPANY)","공연완료","http://www.kopis.or.kr/upload/pfmPoster/PF_PF288822_260407_112300.gif","PF288822"
"여섯 번째 희곡열전, 선욱현 전: 의자는 잘못 없다","2026.04.29","2026.05.10","후암스테이지 (후암스테이지 (구. 마라카 3관, 오씨어터))","연극","신광현, 이도훈, 박유진, 신도연","선욱현, 박지호, 반무섭 등","만 7세 이상","1시간 20분","극단 꿈의동지, 희곡열전연극제 운영위원회","공연완료","http://www.kopis.or.kr/upload/pfmPoster/PF_PF288817_260407_111537.gif","PF288817"
"그 날 [부산]","2026.04.22","2026.04.25","일터 소극장 (일터 소극장)","연극","김예빈, 박소윤","민정린, 박창주, 전현미 등","만 7세 이상","1시간 15분","극단 원프룻(ONE Fruit)","공연완료","http://www.kopis.or.kr/upload/pfmPoster/PF_PF288816_260407_111347.jpg","PF288816"
"루시드 드림 [대전]","2026.04.30","2026.05.02","작은극장 다함 (작은극장 다함)","연극","","","전체 관람가","1시간","다함쿱사회적협동조합","공연완료","http://www.kopis.or.kr/upload/pfmPoster/PF_PF288807_260407_105532.gif","PF288807"
"정동여인숙 [대전]","2026.05.07","2026.05.10","대덕문화원(대덕문예회관) (공연장)","연극","이우진, 손정은, 최한솔, 김혜란, 김광원, 이종국, 임은총","김인경, 남명옥, 임황건 등","만 12세 이상","1시간 30분","","공연완료","http://www.kopis.or.kr/upload/pfmPoster/PF_PF288797_260421_180005.jpg","PF288797"
"7시에 만나 [예산]","2026.04.18","2026.04.18","예산문예회관 (예산문예회관)","연극","김가영, 오혜린, 정시현, 황인석, 최상태","한상호 등","만 7세 이상","1시간 40분","예산군문예회관","공연완료","http://www.kopis.or.kr/upload/pfmPoster/PF_PF288785_260407_100728.jpg","PF288785"
"숙희책방 [청주]","2026.05.17","2026.05.25","씨어터 제이 (씨어터 제이)","연극","문의영, 오영석, 유혜빈, 정창석, 남태관, 이양호","김서현, 문의영, 최성대 등","만 7세 이상","1시간 20분","극단 청년극장","공연완료","http://www.kopis.or.kr/upload/pfmPoster/PF_PF288778_260406_160048.gif","PF288778"
"할래말래 [부산]","2026.04.02","2026.08.09","BNK부산은행 조은극장 (2관)","연극","김태윤, 정성주, 박명정, 고미선, 이재찬, 권정욱, 박대영 등","장세윤, 진현태, 이상율 등","만 7세 이상","1시간 30분","(주)조은아트플러스, (주)조은아트플러스, BNK부산은행조은극장, 조은문화마을","공연완료","http://www.kopis.or.kr/upload/pfmPoster/PF_PF288776_260612_113021.png","PF288776"
"언니들 [대학로]","2026.04.17","2026.04.26","대학로 스카이씨어터 (2관(5층 구 JK아트홀))","연극","고희준, 이경영, 저서임, 송정아, 손우경, 엄수빈, 조소현 등","박팔영, 김영민, 최용호 등","만 13세 이상","1시간 20분","나온엔터테인먼트, 유앤아이프로덕션","공연완료","http://www.kopis.or.kr/upload/pfmPoster/PF_PF288772_260420_163848.jpg","PF288772"
"여섯 번째 희곡열전, 선욱현 전: 이발사를 살해한 한 남자에 대한 재판","2026.04.28","2026.05.03","열린극장 (열린극장)","연극","유진수, 정찬희, 나태민, 이혜지, 조민주, 한동완, 이윤제 등","선승수, 김도희, 김성훈 등","만 15세 이상","1시간 40분","극단 솔[연극], 희곡열전연극제 운영위원회","공연완료","http://www.kopis.or.kr/upload/pfmPoster/PF_PF288746_260429_165932.gif","PF288746"
"미호제작소 사계절 여행연극 시리즈 #봄: 지도를 읽는 시간","2026.04.17","2026.04.25","성북마을극장 (성북마을극장)","연극","손윤필, 한주원, 조하연, 한라엘","한은혜, 손청강, 정영진 등","만 12세 이상","1시간","미호제작소(Meeho Works), 미호제작소(Meeho Works)","공연완료","http://www.kopis.or.kr/upload/pfmPoster/PF_PF288745_260406_142021.gif","PF288745"
"사랑해 엄마 [대학로]","2026.05.01","2026.09.30","아트하우스 (아트하우스)","연극","조혜련, 이경실, 김지선, 김효진, 정지환, 안대겸, 지강혁 등","윤진하, 조혜련, 현우진 등","만 7세 이상","1시간 50분","(주)위아더컬쳐, (주)조이컬쳐스, 안녕컴퍼니, 안녕컴퍼니","공연중","http://www.kopis.or.kr/upload/pfmPoster/PF_PF288742_260709_131427.gif","PF288742"
"올해의 작가상 수상자는 무명입니다 [대학로]","2026.04.15","2026.04.19","단막극장(구.대학로단막극장) (단막극장(구.대학로단막극장))","연극","함현태, 이중아, 신해리, 이하늘, 김다민, 유주화, 백채유 등","김병화, 한상훈, 김지용 등","만 12세 이상","1시간 20분","스테이지 블룸, 스테이지 블룸","공연완료","http://www.kopis.or.kr/upload/pfmPoster/PF_PF288741_260406_141112.gif","PF288741"
"바라던 바다","2026.04.30","2026.05.02","서울연극창작센터 (서울씨어터 101 (1F) )","연극","황민혁, 김정호, 한제이, 이학승, 주언지, 방민하, 이용준 등","한제이, 김준삼, 권재원 등","만 14세 이상","1시간 40분","극단 프로젝트 소동","공연완료","http://www.kopis.or.kr/upload/pfmPoster/PF_PF288695_260406_123648.jpg","PF288695"
"제2회 신진예술인 풀충전 페스티벌, 팬데믹 플레이","2026.04.22","2026.04.26","설렘아트홀 (설렘아트홀)","연극","김건웅, 송민재, 김수호, 윤시영, 김동현, 금우빈, 박다인 등","김정은, 금우빈","전체 관람가","1시간","극단 윤","공연완료","http://www.kopis.or.kr/upload/pfmPoster/PF_PF288693_260406_122648.png","PF288693"
"남자의 등장 [대전]","2026.04.22","2026.04.26","드림아트홀 [대전] (드림아트홀 [대전] )","연극","유나영, 강지구, 이수아, 서경동","김민수, 임은희, 김용범 등","만 19세 이상","1시간 20분","극단 금강","공연완료","http://www.kopis.or.kr/upload/pfmPoster/PF_PF288692_260406_121403.gif","PF288692"
"녹색의 문 [원주]","2026.04.17","2026.04.19","후용공연예술센터 (교실극장)","연극","이은아, 송대령, 홍서해, 이혜진, 신인철","","만 11세 이상","1시간 30분","극단 노뜰, 극단 노뜰","공연완료","http://www.kopis.or.kr/upload/pfmPoster/PF_PF288691_260406_115535.jpg","PF288691"
"깡한 여자들! [김해]","2026.04.16","2026.04.16","회현동 소극장 (회현동 소극장)","연극","정주연, 하선이, 이은경, 최나연, 천예서, 박기량, 윤연경","정으뜸, 신동연","만 6세 이상","1시간 20분","","공연완료","http://www.kopis.or.kr/upload/pfmPoster/PF_PF288687_260406_113230.jpg","PF288687"
"한뼘사이 [대전]","2026.05.05","2026.06.14","작은극장 다함 (작은극장 다함)","연극","","","만 12세 이상","1시간 40분","다함쿱사회적협동조합","공연완료","http://www.kopis.or.kr/upload/pfmPoster/PF_PF288679_260406_111448.gif","PF288679"
"제12회 무죽페스티벌, 뉴스데스크","2026.04.16","2026.04.26","극장 동국 (극장 동국)","연극","손경원, 김현정","김묘진, 유옥주, 박새라 등","만 15세 이상","1시간 10분","극단 신인류(구. 극단 로가로세), 시루떡 프로젝트","공연완료","http://www.kopis.or.kr/upload/pfmPoster/PF_PF288666_260406_104311.gif","PF288666"
"세 이장님 [제주]","2026.04.23","2026.04.25","제주문예회관 (소극장)","연극","고건하, 김선희, 이미연","장정인, 백민수, 김은정 등","만 9세 이상","50분","두근두근시어터","공연완료","http://www.kopis.or.kr/upload/pfmPoster/PF_PF288664_260406_104146.jpg","PF288664"
"제47회 서울연극제, 절대사절 : 여섯 번째 희곡열전, 선욱현 전","2026.05.19","2026.05.24","후암스테이지 (후암스테이지 (구. 마라카 3관, 오씨어터))","연극","손성호, 김명희, 곽두환","김명희, 곽두환, 이준석 등","만 13세 이상","1시간 10분","극단 집안싸움, 극단 집안싸움","공연완료","http://www.kopis.or.kr/upload/pfmPoster/PF_PF288655_260406_102313.jpg","PF288655"
"혼,길동전","2026.05.21","2026.05.30","김희수아트센터 (SPACE 1(다목적홀))","연극","김광만, 김민성, 조재상, 이환의, 박은미, 장성훈, 이새날 등","이민준, 이현준, 박성찬 등","만 10세 이상","1시간 40분","공연창작프로젝트 짓다, 공연창작프로젝트 짓다","공연완료","http://www.kopis.or.kr/upload/pfmPoster/PF_PF288644_260403_143221.gif","PF288644"
"국립극단, 그의 어머니: Mother of Him [창원]","2026.06.12","2026.06.13","3.15아트센터 (대극장)","연극","진서연, 정환, 홍선우, 김서아, 최호재, 최자운","류주연, 조만수, 이희순 등","만 13세 이상","2시간 35분","(재) 국립극단, (재)창원문화재단(3.15아트센터)","공연완료","http://www.kopis.or.kr/upload/pfmPoster/PF_PF288643_260403_142942.jpg","PF288643"
"핑크트럭 [대학로]","2026.05.01","2026.05.31","대학로 스타릿홀 (공연장)","연극","이수웅, 동현배, 박상면, 김성수, 최낙희, 조재룡, 구도경 등","이민호, 방차성, 최성필 등","만 17세 이상","1시간 40분","극단 두레, 스튜디오킬러웨일","공연완료","http://www.kopis.or.kr/upload/pfmPoster/PF_PF288634_260403_134549.gif","PF288634"
"고양문화재단 디지털 해외공연영상 시리즈, NT Live: 햄릿 [고양] (영상화)","2026.06.27","2026.06.27","고양아람누리 (아람극장)","연극","히란 아베이세케라, 프란체스카 밀스, 알리스테어 페트리","로버트 헤이스티 등","만 11세 이상","3시간","(재)고양문화재단, 영국 국립극장","공연완료","http://www.kopis.or.kr/upload/pfmPoster/PF_PF288614_260403_130202.jpg","PF288614"
"고양문화재단 디지털 해외공연영상 시리즈, T Live 디 오디언스 (영상화)","2026.06.28","2026.06.28","고양아람누리 (아람극장)","연극","헬렌 미렌, 폴 리터, 헤이든 그원","스티븐 달드리","만 11세 이상","3시간","","공연완료","http://www.kopis.or.kr/upload/pfmPoster/PF_PF288607_260403_123448.jpg","PF288607"
"1950결혼기념일 [대학로]","2026.04.14","2026.04.19","열린극장 (열린극장)","연극","윤진하, 김세윤, 곽두환, 김윤도, 이서희, 이헌일, 송동헌 등","윤진하, 손종민, 곽두환 등","전체 관람가","1시간 30분","극단 쏭액터스, 극단 쏭액터스","공연완료","http://www.kopis.or.kr/upload/pfmPoster/PF_PF288606_260403_123029.gif","PF288606"
"배송 중입니다","2026.04.23","2026.04.26","보광극장 (보광극장)","연극","김아현, 최서현, 김가은, 류호진, 김지훈, 박준영","주건우, 김아현, 부호건 등","만 13세 이상","1시간","극단 돛단배, 창작예술집단 보광극장","공연완료","http://www.kopis.or.kr/upload/pfmPoster/PF_PF288589_260403_110721.gif","PF288589"
"함안문화예술회관 연극시리즈 Ⅰ. 노인의 꿈 [함안]","2026.05.16","2026.05.16","함안문화예술회관 (대공연장)","연극","김영옥, 이일화, 남경읍, 이필모, 진지희, 박채린","박수이, 성종완, 민찬홍 등","만 7세 이상","1시간 40분","함안문화예술회관","공연완료","http://www.kopis.or.kr/upload/pfmPoster/PF_PF288576_260403_103446.jpg","PF288576"
"베니스의 상인","2026.07.08","2026.08.09","국립극장 (해오름극장)","연극","박근형, 이승주, 정기열, 최수영, 원진아, 이상윤, 김슬기 등","오경택","만 7세 이상","2시간 20분","(주)파크컴퍼니, (주)파크컴퍼니","공연완료","http://www.kopis.or.kr/upload/pfmPoster/PF_PF288575_260403_102924.gif","PF288575"
"해를 낚은 할아버지 [대구]","2026.05.05","2026.05.05","대구학생문화센터 (대공연장)","연극","","","48개월 이상","1시간","대구학생문화센터","공연완료","http://www.kopis.or.kr/upload/pfmPoster/PF_PF288565_260403_101431.png","PF288565"
"공룡 구출대작전 [의정부]","2026.04.04","2026.04.05","우리소극장 [의정부] (우리소극장 [의정부])","연극","","","전체 관람가","45분","","공연완료","http://www.kopis.or.kr/upload/pfmPoster/PF_PF288562_260403_100501.jpg","PF288562"
"제47회 서울연극제, 여섯 번째 희곡열전 선욱현 전: 황야의 물고기","2026.06.11","2026.06.21","후암스테이지 (후암스테이지 (구. 마라카 3관, 오씨어터))","연극","김형범, 이선, 김곽경희, 하성민, 정상훈, 오세철, 이진주 등","선욱현, 정상훈, 김유빈 등","만 14세 이상","1시간 30분","미지애시어터, 희곡열전연극제 운영위원회","공연완료","http://www.kopis.or.kr/upload/pfmPoster/PF_PF288548_260402_143747.gif","PF288548"
"그놈은 예뻤다 [장흥]","2026.04.16","2026.04.16","장흥문화예술회관 (대공연장)","연극","정태호, 김대성, 나현영, 심정은, 유영우","","전체 관람가","1시간 30분","(재)예술경영지원센터, 장흥군청","공연완료","http://www.kopis.or.kr/upload/pfmPoster/PF_PF288547_260402_143512.jpg","PF288547"
"베팅","2026.04.25","2026.04.26","극장 봄 (봄소극장) (극장 봄)","연극","김형준, 신민영, 최성임, 최윤정, 김지수, 한승아, 조새명 등","김태진, 오영석","만 15세 이상","1시간 5분","프로젝트 거북이 감자, 프로젝트 거북이 감자","공연완료","http://www.kopis.or.kr/upload/pfmPoster/PF_PF288543_260402_141605.gif","PF288543"
"쉬었음. 뭐했음? 쉬었음. 그래서 어떻게 됐음? 쉬었음. ...음? [인천]","2026.04.17","2026.04.19","공소 (공소)","연극","고연주, 김강석, 정진수","전승희, 민성혁, 김에빈 등","만 7세 이상","1시간 10분","","공연완료","http://www.kopis.or.kr/upload/pfmPoster/PF_PF288542_260402_140524.jpeg","PF288542"
"제12회 무죽페스티벌, 뉴스데스크 (야간공연관람권)","2026.04.15","2026.04.15","극장 동국 (극장 동국)","연극","손경원, 김현정","김묘진, 유옥주, 박새라 등","만 14세 이상","1시간 10분","극단 신인류(구. 극단 로가로세), 시루떡 프로젝트","공연완료","http://www.kopis.or.kr/upload/pfmPoster/PF_PF288531_260402_133459.gif","PF288531"
"죽도록 죽도록","2026.04.23","2026.04.26","북촌창우극장 (북촌창우극장)","연극","강동관, 김범수, 나종건, 서현우, 석동민, 성기모, 이원우 등","김은성, 이유정, 송애린 등","만 12세 이상","1시간 30분","창작집단 잉:ING","공연완료","http://www.kopis.or.kr/upload/pfmPoster/PF_PF288495_260402_111741.png","PF288495"
"마지막 만찬 [대학로]","2026.04.24","2026.05.03","예술공간 혜화 (예술공간 혜화)","연극","채명석, 권기세","서충식, 남긍호, 정일균 등","만 12세 이상","1시간 30분","극단 주변인들, 협동조합 아트컴퍼니 드레","공연완료","http://www.kopis.or.kr/upload/pfmPoster/PF_PF288491_260402_110303.gif","PF288491"
"플레이업 외전: GO MAD","2026.04.04","2026.04.05","서울문화재단 대학로극장 쿼드 (예술청) (프로젝트룸 (5층) )","연극","이승은, 차시윤, 김솔해, 김동현, 이인영, 윤철현","김재아, 김범준, 윤철현","만 13세 이상","","","공연완료","http://www.kopis.or.kr/upload/pfmPoster/PF_PF288490_260402_110233.jpg","PF288490"
"제26회 광주시립극단 정기공연: 소녀들","2026.05.07","2026.05.09","전남광주통합특별시 예술의전당 (구. 광주예술의전당) (소극장)","연극","이유진, 이지은, 정은지, 차상경, 김세희, 조아라, 노현지 등","원광연, 이난영, 김지훈 등","만 7세 이상","1시간 30분","전남광주통합특별시예술의전당 (구.광주예술의전당)","공연완료","http://www.kopis.or.kr/upload/pfmPoster/PF_PF288486_260402_105340.jpg","PF288486"
"판탈라사: 중구 남대문로 5가 번지불분명 지하보도","2026.04.13","2026.04.19","예술공간 혜화 (예술공간 혜화)","연극","김진복, 이창현, 이보미","김민솔, 박효진, 김현수 등","만 6세 이상","1시간 50분","공연창작단 짓다, 공연창작단 짓다","공연완료","http://www.kopis.or.kr/upload/pfmPoster/PF_PF288482_260402_104805.gif","PF288482"
"제2회 북극곰 가족극 페스티벌","2026.04.17","2026.05.31","북극곰소극장 (북극곰소극장)","연극","이상호, 장대림, 김장미, 김정임, 김민지, 김준성, 박상욱 등","임밀, 이은호, 선명주 등","48개월 이상","1시간","극단 애기똥풀, 라온디어, 북(BooK)극곰 예술여행, 아주작은연극놀이터","공연완료","http://www.kopis.or.kr/upload/pfmPoster/PF_PF288479_260402_104207.gif","PF288479"
"사돈언니 [부천]","2026.04.18","2026.04.19","함바꿈소극장 (함바꿈소극장)","연극","김미라, 강주경","소리","전체 관람가","1시간 20분","문화예술창고 마주, 문화예술창고 마주","공연완료","http://www.kopis.or.kr/upload/pfmPoster/PF_PF288473_260402_102640.gif","PF288473"
"제44회 대한민국연극제 경기도대회, 김보책 (Korean Woyzeck) [의정부]","2026.04.10","2026.04.11","의정부아트캠프 (CAMP BLACK (캠프블랙))","연극","이경민, 유희리, 유준식, 김정규, 김동윤, 이호영","유준식, 유희오, 이호영 등","만 16세 이상","1시간 30분","극단 허리, 극단 허리","공연완료","http://www.kopis.or.kr/upload/pfmPoster/PF_PF288466_260402_101120.gif","PF288466"
"두산인문극장, 신분류학: 모어 라이프","2026.04.29","2026.05.17","두산아트센터 (Space111)","연극","공지수, 김용준, 마두영, 이윤재, 이주영, 이진경","민새롬, 주연경, 곽예운 등","만 13세 이상","2시간 30분","두산아트센터((재)두산연강재단), 두산아트센터((재)두산연강재단)","공연완료","http://www.kopis.or.kr/upload/pfmPoster/PF_PF288459_260401_152016.gif","PF288459"
"영국극단 1927, 플리즈 라이트 백 Please Right Back [강릉]","2026.04.30","2026.05.03","강릉아트센터 (구. 강릉문화예술관) (소공연장)","연극","","수잔 안드라데, 폴 바릿, 세라 문로 등","만 7세 이상","1시간 50분","1927","공연완료","http://www.kopis.or.kr/upload/pfmPoster/PF_PF288457_260401_145817.jpg","PF288457"
"5분 로맨스 [창원]","2026.04.11","2026.05.31","가로수극장 [창원] (가로수극장 [창원] )","연극","박지윤, 이지현, 공다향, 이동선, 장민호","장민호, 정하영","전체 관람가","1시간 30분","(주)상상플레이스, (주)수컴퍼니","공연완료","http://www.kopis.or.kr/upload/pfmPoster/PF_PF288446_260401_133623.png","PF288446"
"홍도 [포항]","2026.05.29","2026.05.30","포항문화예술회관 (대공연장)","연극","박하선, 유병훈, 양서빈, 견민성, 김윤아, 남슬기, 박주연 등","고선웅 등","만 7세 이상","1시간 40분","(재)포항문화재단","공연완료","http://www.kopis.or.kr/upload/pfmPoster/PF_PF288445_260401_133509.jpg","PF288445"
"제2회 심야연극제, 사랑의 기술","2026.04.10","2026.04.15","나인진홀 (구.청년극장) (나인진홀 1관)","연극","김선하, 이재원, 천은재, 최민채","임주현, 김다혜, 김인우 등","만 13세 이상","1시간 30분","극단 드리머 [서울], 유머러스(유머러's)","공연완료","http://www.kopis.or.kr/upload/pfmPoster/PF_PF288443_260401_132931.gif","PF288443"
"안녕, 잠! [평택]","2026.04.30","2026.04.30","평택시서부문예회관 (대공연장)","연극","","","48개월 이상","1시간 10분","(재)평택시문화재단","공연완료","http://www.kopis.or.kr/upload/pfmPoster/PF_PF288430_260401_122626.gif","PF288430"
"아모르파티 [문경]","2026.04.10","2026.04.11","문경문화예술회관 (문희아트홀)","연극","","","만 7세 이상","1시간 30분","","공연완료","http://www.kopis.or.kr/upload/pfmPoster/PF_PF288427_260401_114921.jpg","PF288427"
"죽음에 대한 자기결정권","2026.04.09","2026.04.12","선돌극장 (선돌극장)","연극","이수현, 이예진, 박수정","임일진, 안창용, 이동진 등","만 13세 이상","1시간 30분","응용연극연구소 어반시어터(Urban theatre), 응용연극연구소 어반시어터(Urban theatre)","공연완료","http://www.kopis.or.kr/upload/pfmPoster/PF_PF288425_260401_112958.gif","PF288425"
"제47회 서울연극제, 춘섬이의 거짓말","2026.05.22","2026.05.31","아르코예술극장 (대극장)","연극","김현, 성장순, 신문성, 서도민, 임정은, 박옥출, 고훈목 등","김정숙, 김기정, 정수미 등","만 13세 이상","1시간 30분","극단 모시는사람들, 극단 모시는사람들","공연완료","http://www.kopis.or.kr/upload/pfmPoster/PF_PF288422_260401_111818.gif","PF288422"
"당신이 좋아 [김해]","2026.04.09","2026.04.10","김해서부문화센터 (하늬홀)","연극","이정유, 김인하, 박준수, 박유진, 이경민","이정유, 서종호, 박창욱 등","만 7세 이상","1시간 40분","","공연완료","http://www.kopis.or.kr/upload/pfmPoster/PF_PF288419_260401_111022.png","PF288419"
"미리내 삼대 [부천]","2026.05.22","2026.05.23","부천시민회관 (소공연장)","연극","한록수, 이승훈, 윤서현, 박은영, 신상훈, 전서진, 박재용 등","이대영, 김예기, 박재용 등","만 7세 이상","1시간 30분","얘기씨어터컴퍼니, 얘기씨어터컴퍼니","공연완료","http://www.kopis.or.kr/upload/pfmPoster/PF_PF288390_260331_150234.gif","PF288390"
"국립어린이청소년극단, 영지","2026.04.30","2026.05.10","모두예술극장 (모두예술극장)","연극","금예지, 박지영, 신유진, 양지은, 우지양, 이소별, 하재성","허선혜, 김미란, 이미선 등","만 8세 이상","1시간","(재) 국립극단","공연완료","http://www.kopis.or.kr/upload/pfmPoster/PF_PF288388_260331_143807.gif","PF288388"
"신데렐라 [대학로]","2026.04.16","2026.04.26","선돌극장 (선돌극장)","연극","주서정, 신의호, 박인선, 김봉방, 이채령, 이하영, 이형우 등","조성원, 김선호, 이민주 등","만 14세 이상","2시간","극단 굳이","공연완료","http://www.kopis.or.kr/upload/pfmPoster/PF_PF288380_260331_134739.gif","PF288380"
"제1회 NO SCRIPT OK STAGE 연극제","2026.04.15","2026.04.26","민영사옼 연습실 (민영사옼 연습실(B1))","연극","강희원, 김명국, 김은기, 박경희, 이여진, 이유미, 지준엽 등","박지운, 송인희, 김태엽 등","만 12세 이상","1시간","민영사단, 창작집단 수연(水緣) (구. 극단 물:길)","공연완료","http://www.kopis.or.kr/upload/pfmPoster/PF_PF288372_260331_132102.jpg","PF288372"
"고스트 [영천]","2026.04.18","2026.04.18","영천시민회관 (스타홀)","연극","안상태, 김혜선, 박민승, 배혜수","","만 7세 이상","1시간 40분","","공연완료","http://www.kopis.or.kr/upload/pfmPoster/PF_PF288364_260331_124952.jpg","PF288364"
"어둑시니 [양평]","2026.04.25","2026.04.25","양평문화재단 (씨어터 양평)","연극","","","36개월 이상","50분","(재) 양평문화재단","공연완료","http://www.kopis.or.kr/upload/pfmPoster/PF_PF288355_260331_113051.gif","PF288355"
"오헬렌 X 부평아트센터, 그레타 오토 (Greta Oto) [부평]","2026.04.17","2026.04.18","부평아트센터 (해누리극장)","연극","김재은, 최성호, 백선열","박효정, 민성오, 유인경 등","만 7세 이상","1시간 40분","오헬렌, 오헬렌","공연완료","http://www.kopis.or.kr/upload/pfmPoster/PF_PF288352_260331_112248.gif","PF288352"
"아이들 [대학로]","2026.05.21","2026.05.30","상명아트홀 (2관)","연극","김정영, 성여진, 김정호","전인철, 전강희, 황성현 등","만 13세 이상","1시간 40분","극단 돌파구, 극단 돌파구","공연완료","http://www.kopis.or.kr/upload/pfmPoster/PF_PF288347_260331_105921.gif","PF288347"
"더파더 The Father [광주]","2026.04.15","2026.04.19","씨어터연바람 (씨어터연바람)","연극","오성완, 이당금, 이명덕, 조아라, 박선주, 민찬욱","이당금, 박근혁, 김상연 등","만 11세 이상","1시간 45분","푸른연극마을","공연완료","http://www.kopis.or.kr/upload/pfmPoster/PF_PF288344_260331_105329.gif","PF288344"
"7시에 만나 [무안]","2026.04.09","2026.04.09","무안승달문화예술회관 (대공연장)","연극","김가영, 정시현, 황인석, 최상태, 오혜린","한상호","만 7세 이상","1시간 40분","","공연완료","http://www.kopis.or.kr/upload/pfmPoster/PF_PF288324_260331_095517.jpg","PF288324"
"울산광역시학생교육문화회관 기획공연, 템플 [울산]","2026.04.09","2026.04.09","울산광역시학생교육문화회관 (대공연장(소원홀))","연극","","","전체 관람가","1시간 35분","울산광역시학생교육문화회관","공연완료","http://www.kopis.or.kr/upload/pfmPoster/PF_PF288320_260330_163932.png","PF288320"
"봄봄 [하남]","2026.04.03","2026.04.04","한홀 소극장 (한홀 소극장)","연극","최원호, 김승연, 김희경, 김인혜, 서상현, 한정호","임홍빈, 김성두, 정민혁 등","만 3세 이상","1시간","","공연완료","http://www.kopis.or.kr/upload/pfmPoster/PF_PF288318_260330_162506.jpg","PF288318"
"갈매기","2026.03.28","2026.03.29","소극장 플랫폼74 (소극장 플랫폼74)","연극","김유정, 김재원, 이나현, 이유빈, 정예은, 정원희, 정지윤 등","김한울, 구본혁, 김해리 등","","","극단 인연(이년), 극단 인연(이년)","공연완료","http://www.kopis.or.kr/upload/pfmPoster/PF_PF288317_260330_160836.jpg","PF288317"
"세월호 참사 12주기 4월 연극제, 노란 빛 사람들: 당신에게 죽음의 온도는 몇 도 인가요?","2026.04.25","2026.04.26","보노마루 (보노마루)","연극","","","만 9세 이상","1시간 40분","지구촌문화예술창작연구소 보늬","공연완료","http://www.kopis.or.kr/upload/pfmPoster/PF_PF288316_260330_160557.jpg","PF288316"
"더블엑스와 신기한 여행가방 [수원]","2026.06.27","2026.06.27","정조테마공연장 (정조테마공연장)","연극","허시라, 김소리, 조혜연 등","남인우","36개월 이상","40분","(재) 수원문화재단(수원SK아트리움), 극단 바티다, 극단 북새통","공연완료","http://www.kopis.or.kr/upload/pfmPoster/PF_PF288307_260330_152313.gif","PF288307"
"말괄량이 길들이기","2026.04.18","2026.05.03","다리 소극장 (다리 소극장)","연극","제이미 호란, 토린 호르비크, 루크 제임스 아담스, 조나단 토미, 마크 도먼, 사샤 두도크, 라라미 윌콕스 등","제이슨 레인 커틀러, 김세진, 사라 스미스 등","전체 관람가","2시간 10분","서울셰익스피어컴퍼니","공연완료","http://www.kopis.or.kr/upload/pfmPoster/PF_PF288297_260330_145152.jpg","PF288297"
"ACC x QUAD 기언치, 봄: 아따, 구보씨 [서울]","2026.05.15","2026.05.16","서울문화재단 대학로극장 쿼드 (예술청) (대학로극장 쿼드 (예술청) )","연극","김소진, 이서희, 최인환, 서정민, 이주연, 정솔","정혜리, 김경주,최인환 등","만 6세 이상","1시간 10분","국립아시아문화전당, 국립아시아문화전당, 아트컴퍼니 스럽","공연완료","http://www.kopis.or.kr/upload/pfmPoster/PF_PF288294_260330_144204.gif","PF288294"
"바디바디체인지 [대학로]","2026.04.23","2026.05.24","나인진홀 (구.청년극장) (나인진홀 1관)","연극","임원, 이건혁, 전종혁, 오혜민, 정도이, 최라윤, 김현선 등","김로완, 남도윤","만 11세 이상","1시간 30분","창작집단 결, 창작집단 결","공연완료","http://www.kopis.or.kr/upload/pfmPoster/PF_PF288287_260330_141446.gif","PF288287"
"[패키지] 세월호 참사 12주기 4월 연극제: 노란 빛 사람들","2026.04.04","2026.04.26","안산문화예술의전당 (별무리극장)","연극","","","전체 관람가","","","공연완료","http://www.kopis.or.kr/upload/pfmPoster/PF_PF288273_260330_134708.jpg","PF288273"
"제2회 신진예술인 풀충전 페스티벌, 프로젝트 단군","2026.04.29","2026.05.03","설렘아트홀 (설렘아트홀)","연극","정승환, 김소정, 이동기","손윤필, 박주은","전체 관람가","1시간 20분","예풍","공연완료","http://www.kopis.or.kr/upload/pfmPoster/PF_PF288262_260330_132530.jpg","PF288262"
"꿈속에선 다정하였네 [성남]","2026.05.02","2026.05.02","성남아트센터 (앙상블씨어터)","연극","박정자, 강필석, 황지우","한태숙, 채정규, 심경숙 등","만 7세 이상","1시간 30분","(재)성남문화재단, 화이트캣시어터컴퍼니","공연완료","http://www.kopis.or.kr/upload/pfmPoster/PF_PF288254_260330_130850.gif","PF288254"
"아루또 10주년 기념 공연 EDITION6 vol.3: 소나무 사진관 [대학로]","2026.04.03","2026.04.12","아루또소극장 (구. 소담소극장, 구. 코메디컬센터) (아루또소극장 (구. 소담소극장, 구. 코메디컬센터) )","연극","서형덕, 고민지, 윤채은, 서동은, 최원준, 이승복, 김은지 등","","만 14세 이상","1시간 30분","극단 아루또, 극단 아루또","공연완료","http://www.kopis.or.kr/upload/pfmPoster/PF_PF288242_260330_121832.gif","PF288242"
"ACC x QUAD 기언치, 봄: 아따, 구보씨","2026.04.24","2026.04.25","국립아시아문화전당 (극장1)","연극","김소진, 이서희, 최인환, 이주연, 서정민, 정솔","정혜리, 최인환, 김소진 등","만 7세 이상","1시간 10분","국립아시아문화전당, 아트컴퍼니 스럽","공연완료","http://www.kopis.or.kr/upload/pfmPoster/PF_PF288239_260330_115630.jpg","PF288239"
"김치찌개 웨스턴: 밥주걱과 45구경 권총의 결투 [대학로]","2026.04.25","2026.05.03","아르코예술극장 (소극장)","연극","윤세인, 양대은, 권주영, 최문혁, 백하형기","조예은, 백하형기, 박진호 등","만 16세 이상","1시간 10분","아르코 대학로예술극장, 트렁크씨어터프로젝트, 트렁크씨어터프로젝트","공연완료","http://www.kopis.or.kr/upload/pfmPoster/PF_PF288238_260330_114438.png","PF288238"
"광인일기 [대학로]","2026.04.24","2026.05.03","서울문화재단 대학로극장 쿼드 (예술청) (대학로극장 쿼드 (예술청) )","연극","김솔지, 남재국, 류세일, 박은경, 유종연, 이세준, 이승훈","강훈구, 구본형, 한우빈 등","만 13세 이상","1시간 20분","공놀이클럽, 공놀이클럽","공연완료","http://www.kopis.or.kr/upload/pfmPoster/PF_PF288224_260330_111222.gif","PF288224"
"떡 하나 주면 안 잡아먹지 [울산]","2026.04.18","2026.05.31","레미어린이극장 [울산진장] (레미어린이극장 [울산진장])","연극","","","전체 관람가","50분","","공연완료","http://www.kopis.or.kr/upload/pfmPoster/PF_PF288218_260330_105359.jpg","PF288218"
"리딩 스테이지: 거기, 위층이죠? & 빨갛게 물든 우리 [부산]","2026.04.26","2026.04.26","동래문화회관 (소극장)","연극","","전민지, 최유경","만 12세 이상","1시간","빅픽처스테이지","공연완료","http://www.kopis.or.kr/upload/pfmPoster/PF_PF288204_260330_102528.jpg","PF288204"
"김시라의 품바: Original [밀양]","2026.05.31","2026.05.31","밀양아리랑아트센터 (대공연장)","연극","","최민석, 최성봉, 박황빈","만 7세 이상","1시간 30분","(주)좋은콘서트, 굿초이스","공연완료","http://www.kopis.or.kr/upload/pfmPoster/PF_PF288199_260529_130509.gif","PF288199"
"머물다 가는","2026.03.26","2026.03.29","청년예술청 SAPY (청년예술청 SAPY)","연극","정다연, 이도해","서지원, 이서영, 홍혜지 등","만 13세 이상","50분","극단 광대모둠","공연완료","http://www.kopis.or.kr/upload/pfmPoster/PF_PF288188_260327_143244.jpg","PF288188"
"내 이름은 박철수 입니다","2026.04.02","2026.04.12","동숭무대소극장 (동숭무대소극장)","연극","선욱현, 김대진, 이홍재, 권재인, 박성근","최유정, 최병로, 김진기 등","만 7세 이상","1시간 30분","공연제작소겨루","공연완료","http://www.kopis.or.kr/upload/pfmPoster/PF_PF288186_260327_142033.gif","PF288186"
"남복이 차복이 [전주]","2026.04.18","2026.04.18","전주대사습청(구.전주소리문화관) (놀이마당(야외마당))","연극","송인현, 박주완, 심성욱, 최민기","장계숙, 송인현, 조현정 등","전체 관람가","45분","전주대사습청","공연완료","http://www.kopis.or.kr/upload/pfmPoster/PF_PF288185_260331_164950.gif","PF288185"
"빨간 모자 [울산]","2026.04.03","2026.04.25","토마토소극장 (토마토소극장)","연극","","","전체 관람가","40분","","공연완료","http://www.kopis.or.kr/upload/pfmPoster/PF_PF288148_260327_112507.jpg","PF288148"
"701호 [전주]","2026.07.24","2026.09.06","한해랑아트홀 (한해랑아트홀)","연극","김대권, 이은호, 이준희, 심승희, 이이현, 이예은, 신용빈 등","","만 10세 이상","1시간 30분","한해랑아트홀(극단 한해랑)","공연중","http://www.kopis.or.kr/upload/pfmPoster/PF_PF288142_260327_111027.gif","PF288142"
"진홍빛 소녀 [김포]","2026.04.15","2026.04.15","김포아트홀 (김포아트홀)","연극","김시영, 김형균, 홍산하, 이은규","한민규, 박종문, 유예찬 등","만 16세 이상","1시간 45분","프로젝트 한민규, 프로젝트 한민규","공연완료","http://www.kopis.or.kr/upload/pfmPoster/PF_PF288130_260327_103142.gif","PF288130"
"오늘도 일어났다","2026.04.15","2026.04.18","김희수아트센터 (SPACE 1(다목적홀))","연극","엄준연, 김정원, 이재섭","강세영, 장윤원, 김은비 등","만 13세 이상","1시간","프로젝트 I.F","공연완료","http://www.kopis.or.kr/upload/pfmPoster/PF_PF288118_260326_153531.jpg","PF288118"
"제44회 부산연극제, 게릴라 씨어터","2026.04.10","2026.04.11","(재) 영화의전당 (하늘연극장)","연극","김기태, 고유라, 손상훈, 이진희, 문재희, 김상호, 정민제 등","양재영, 강규민, 박준희 등","만 13세 이상","1시간 50분","극단 판플, 부산연극협회","공연완료","http://www.kopis.or.kr/upload/pfmPoster/PF_PF288111_260326_144450.jpg","PF288111"
"나의 완벽한 파트너 [광주]","2026.05.14","2026.06.21","기분좋은극장 [상무지구] (기분좋은극장 [상무지구] )","연극","","","만 7세 이상","1시간 40분","주식회사 플레이팩토리","공연완료","http://www.kopis.or.kr/upload/pfmPoster/PF_PF288105_260326_142331.gif","PF288105"
"기억의 홀씨","2026.04.02","2026.04.05","소극장 플랫폼74 (소극장 플랫폼74)","연극","민이수, 권세연, 조윤호, 박동호, 오창후, 김재훈, 이승민 등","박기연, 윤산, 김민수 등","만 12세 이상","1시간 10분","씨아트리 컴퍼니, 씨아트리 컴퍼니","공연완료","http://www.kopis.or.kr/upload/pfmPoster/PF_PF288089_260326_135025.gif","PF288089"
"더 어린 관객을 위한 극장, 흔들흔들 우주","2026.05.02","2026.05.03","국립아시아문화전당 (어린이극장)","연극","이승연, 이도훈, 한지윤, 손혜정","손혜정, 정소연, 강주성 등","전체 관람가","","국립아시아문화전당, 국립아시아문화전당, 국립어린이청소년극단(구. (재) 국립극단 어린이청소년극연구소), 국립어린이청소년극단(구. (재) 국립극단 어린이청소년극연구소), 극단 마실","공연완료","http://www.kopis.or.kr/upload/pfmPoster/PF_PF288084_260326_133447.jpg","PF288084"
"빵야 [세종]","2026.06.05","2026.06.06","세종예술의전당 (대공연장)","연극","전성우, 김지혜, 김현준, 송상훈, 이민규, 금보미, 장희원 등","고강민, 김은성, 김태형 등","만 13세 이상","2시간 50분","(재) 세종시문화관광재단(세종문화예술회관), (주)쇼노트, (주)엠비제트컴퍼니","공연완료","http://www.kopis.or.kr/upload/pfmPoster/PF_PF288081_260326_132856.gif","PF288081"
"영국극단 1927, 플리즈 라이트 백 Please Right Back [평택]","2026.05.05","2026.05.09","평택아트센터 (소공연장)","연극","","","만 7세 이상","1시간 40분","(재) 평택시문화재단(평택아트센터), 1927","공연완료","http://www.kopis.or.kr/upload/pfmPoster/PF_PF288078_260326_132325.gif","PF288078"
"제일 가까운 장애인 화장실이 어디죠? [대학로]","2026.04.25","2026.05.03","대학로예술극장 (대극장)","연극","박하늘, 조우리, 박세정","천쓰안, 김우석, 강보름 등","만 13세 이상","1시간 50분","코르코르디움, 프로젝트 레디메이드","공연완료","http://www.kopis.or.kr/upload/pfmPoster/PF_PF288053_260428_153654.gif","PF288053"
"내가 하면 로맨스 [하마씨어터]","2026.04.19","2026.09.30","하마씨어터(구. 가든씨어터) (하마씨어터(구. 가든씨어터))","연극","한상효, 수지, 민도윤, 소은, 오하성, 김린아, 이원기, 하린 등","","만 19세 이상","1시간 50분","뻥튀기 프로덕션, 뻥튀기 프로덕션","공연중","http://www.kopis.or.kr/upload/pfmPoster/PF_PF288040_260708_170047.jpg","PF288040"
"사랑해 엄마 [홍성]","2026.04.18","2026.04.18","홍주문화회관 (대공연장)","연극","조혜련, 정지환, 조지환, 이서주, 김연수, 유민정 등","","만 7세 이상","1시간 40분","","공연완료","http://www.kopis.or.kr/upload/pfmPoster/PF_PF288036_260326_104554.jpg","PF288036"
"NEW 망원동 브라더스 [대구]","2026.04.18","2026.04.18","봉산문화회관 (가온홀)","연극","","","만 10세 이상","1시간 40분","봉산문화회관","공연완료","http://www.kopis.or.kr/upload/pfmPoster/PF_PF288032_260326_103800.jpg","PF288032"
"이솝의 동물친구들 이야기 이솝","2026.07.03","2026.08.29","송파어린이문화회관 (아이소리홀)","연극","","","24개월 이상","40분","","공연중","http://www.kopis.or.kr/upload/pfmPoster/PF_PF288010_260325_141109.jpg","PF288010"
"요즘 애들: 2030 청춘의 기록 [대학로]","2026.04.21","2026.05.03","단막극장(구.대학로단막극장) (단막극장(구.대학로단막극장))","연극","정수한, 김현서, 고보민, 박혜원, 우두연, 강승호","유진석, 김관우, 박채린 등","만 12세 이상","1시간 20분","컴포라마, 컴포라마","공연완료","http://www.kopis.or.kr/upload/pfmPoster/PF_PF288007_260325_140428.gif","PF288007"
"제61회 대구시립극단 정기공연: 첫사랑, 1919년 [대구]","2026.04.29","2026.05.09","대구문화예술회관 (비슬홀)","연극","김채이, 박연지, 김경선, 김효숙, 강석호, 최우정, 김재권 등","최현묵, 성석배, 이완기","만 7세 이상","1시간 30분","대구문화예술회관","공연완료","http://www.kopis.or.kr/upload/pfmPoster/PF_PF288006_260325_140328.gif","PF288006"
"더 어린 관객을 위한극장, 흔들흔들 우주 [서울 노원]","2026.04.25","2026.04.26","노원어린이극장 (구.노원어울림극장) (노원어린이극장 (구.노원어울림극장) )","연극","이승연, 이도훈, 한지윤, 손혜정, 김윤미","손혜정, 정소연, 강주성 등","전체 관람가","1시간","(재)노원문화재단(노원문화예술회관), 국립아시아문화전당, 국립어린이청소년극단(구. (재) 국립극단 어린이청소년극연구소), 극단 마실","공연완료","http://www.kopis.or.kr/upload/pfmPoster/PF_PF287993_260325_132955.gif","PF287993"
"제5회 창작희곡공모 당선작, 창작희곡의 발견: 낭독극 2편 [수원]","2026.03.26","2026.03.29","경기아트센터(구. 경기도문화의전당) (소극장)","연극","장정선, 채윤희 육세진, 권승록, 노민혁, 김희윤, 이충우 등","이민구, 김성배, 황이선 등","만 12세 이상","1시간 30분","(재)경기아트센터, 경기도극단, 경기도극단","공연완료","http://www.kopis.or.kr/upload/pfmPoster/PF_PF287991_260325_132650.gif","PF287991"
"연극내일 프로젝트, 탠덤: Tandem, 여왕의 탄생, 피르다우스","2026.04.24","2026.04.26","아르코 꿈밭극장 (아르코꿈밭극장)","연극","곽성찬, 권이영, 김양균, 김윤지, 김지혜, 류지오, 문재현 등","김남언, 류사라, 이민구 등","만 13세 이상","1시간 40분","","공연완료","http://www.kopis.or.kr/upload/pfmPoster/PF_PF287977_260325_125740.png","PF287977"
"미세스 마캠 [대학로]","2026.04.29","2026.06.21","굿씨어터 (굿씨어터)","연극","왕유선, 육소영, 반은세, 오민석, 이순원, 정지호, 송재희 등","양혁철, 박중근, 민연홍 등","만 16세 이상","2시간","(주) 올빛컴퍼니, (주) 올빛컴퍼니","공연완료","http://www.kopis.or.kr/upload/pfmPoster/PF_PF287968_260325_113252.gif","PF287968"
"백조의 노래 [광주]","2026.04.09","2026.04.25","예린소극장 (예린소극장)","연극","윤희철, 정이형","정문희, 임홍석, 김지우 등","만 12세 이상","1시간 10분","교육극단 파랑새, 연극문화공동체 DIC","공연완료","http://www.kopis.or.kr/upload/pfmPoster/PF_PF287959_260325_110954.jpg","PF287959"
"제2회 신진예술인 풀충전 페스티벌, 새로운곰거북독수리바퀴아니..인간이태어나..논쟁하는이야기","2026.03.25","2026.03.29","설렘아트홀 (설렘아트홀)","연극","김준철, 김지석, 김태형, 박민, 박준용, 허정환","정지우, 유연승, 김지석 등","전체 관람가","1시간 10분","대머리샴푸","공연완료","http://www.kopis.or.kr/upload/pfmPoster/PF_PF287932_260325_101637.png","PF287932"
"이해의 적자","2026.04.23","2026.05.03","연희예술극장 (연희예술극장)","연극","박지희, 최진혁, 염진혁, 김현회, 이은, 강신희","조지원, 박소희, 채승목 등","만 15세 이상","1시간 40분","극단 문지방, 극단 문지방, 연희예술극장, 이방인(2roomperson)","공연완료","http://www.kopis.or.kr/upload/pfmPoster/PF_PF287913_260324_133138.gif","PF287913"
"왕의북 [사천]","2026.04.10","2026.04.11","사천문화예술회관 (대공연장)","연극","","김세한, 김인경, 김종필","만 10세 이상","1시간 20분","극단 장자번덕","공연완료","http://www.kopis.or.kr/upload/pfmPoster/PF_PF287903_260324_130130.jpg","PF287903"
"소라별 이야기 [영덕]","2026.04.18","2026.04.18","예주문화예술회관 (예주문화예술회관)","연극","최정헌, 이경은, 엄혜진, 김태균, 송영훈, 홍상표, 최경철","백남영, 이수은, 윤수연 등","만 5세 이상","1시간 15분","창작집단 거기가면","공연완료","http://www.kopis.or.kr/upload/pfmPoster/PF_PF287878_260324_105109.png","PF287878"
"예라고 하는 사람, 아니오라고 하는 사람 [인천]","2026.04.24","2026.04.25","문학시어터 (문학시어터)","연극","나인석, 이대현, 남지우, 엄희준, 조영윤","노심동, 김지강, 박성준 등","만 13세 이상","1시간 10분","문화발전소 깃듦","공연완료","http://www.kopis.or.kr/upload/pfmPoster/PF_PF287867_260324_102547.jpg","PF287867"
"축제 마지막 밤, 홍연이 보이기 시작했다 [대학로]","2026.04.13","2026.04.26","제나아트홀 (구. 룸씨어터) (제나아트홀 (구. 룸씨어터) )","연극","김진주, 김희현, 김시원, 나대현, 이진호, 강은채, 홍유림 등","홍문화, 이향요, 윤채원 등","만 12세 이상","1시간 40분","(주)딴, 극단 지반(구.온더그라운드(ON THE GROUND))","공연완료","http://www.kopis.or.kr/upload/pfmPoster/PF_PF287866_260324_102517.gif","PF287866"
"블링블링 이코노미 [대학로]","2026.04.01","2026.04.05","대학로 무하아트센터 (2관(2F))","연극","이재영, 정온, 강다영","한지혜, 최민영, 이소연 등","만 7세 이상","1시간 10분","코랄씨어터, 코랄씨어터","공연완료","http://www.kopis.or.kr/upload/pfmPoster/PF_PF287847_260323_174515.gif","PF287847"
"안전 연극제: 면역력, 이제야 조금 안심이 된다","2026.04.09","2026.04.11","연극실험실 혜화동1번지 (연극실험실 혜화동1번지)","연극","","","전체 관람가","1시간","사랑해","공연완료","http://www.kopis.or.kr/upload/pfmPoster/PF_PF287833_260323_170923.jpg","PF287833"
"42번 작업실 [대학로]","2026.04.01","2026.04.05","미마지아트센터 (물빛극장)","연극","황현빈, 김진현, 허지윤, 김현각, 김태윤, 윤영호, 박세양 등","김건욱, 주정근, 김지호 등","만 13세 이상","1시간 30분","인상파해적단, 인상파해적단","공연완료","http://www.kopis.or.kr/upload/pfmPoster/PF_PF287832_260323_170922.gif","PF287832"
"안전 연극제: 면역력, 이불 없는 자들의 밤","2026.04.17","2026.04.19","연극실험실 혜화동1번지 (연극실험실 혜화동1번지)","연극","김별, 이세영, 정제이, 하영미","박주영","만 13세 이상","1시간 10분","기지","공연완료","http://www.kopis.or.kr/upload/pfmPoster/PF_PF287827_260323_165111.jpg","PF287827"
"소라별 이야기 [대학로]","2026.04.21","2026.05.03","씨어터 쿰 (씨어터 쿰)","연극","최정헌, 이경은, 송영훈, 홍상표, 엄혜린, 김태균, 최경철 등","이수은, 이승희, 김민경 등","만 5세 이상","1시간 25분","창작집단 거기가면, 창작집단 거기가면","공연완료","http://www.kopis.or.kr/upload/pfmPoster/PF_PF287825_260323_164821.gif","PF287825"
"안전 연극제: 면역력, 손가락 걸고","2026.04.09","2026.04.12","연극실험실 혜화동1번지 (연극실험실 혜화동1번지)","연극","강혜련, 한혜진","허선혜, 김현지, 김은정","전체 관람가","1시간 10분","창작살롱 나비꼬리","공연완료","http://www.kopis.or.kr/upload/pfmPoster/PF_PF287824_260323_164506.jpg","PF287824"
"양기 가득한 학교 밖 청소년 (1인) 구함","2026.04.03","2026.04.12","제3의 집 (제3의 집)","연극","고보민, 김은지","지구, 서가영, 안정빈 등","전체 관람가","1시간 10분","또모함 씨어터, 또모함 씨어터","공연완료","http://www.kopis.or.kr/upload/pfmPoster/PF_PF287814_260323_162035.png","PF287814"
"안전 연극제, 면역력: 서비스직 근로자의 안전 관리 매뉴얼 만들기","2026.04.12","2026.04.13","연극실험실 혜화동1번지 (연극실험실 혜화동1번지)","연극","류소연","류소연","전체 관람가","1시간","","공연완료","http://www.kopis.or.kr/upload/pfmPoster/PF_PF287795_260323_154753.jpg","PF287795"
"아티스트 인 안동, 체홉 단막극장: 곰+청혼","2026.08.29","2026.08.29","안동문화예술의전당 (백조홀)","연극","","","만 12세 이상","1시간 20분","극단 안동, 안동문화예술의전당","공연예정","http://www.kopis.or.kr/upload/pfmPoster/PF_PF287780_260323_151604.jpg","PF287780"
"어느날 [대학로]","2026.04.13","2026.07.02","다케이씨어터 (구. 창조소극장)  (다케이씨어터 (구. 창조소극장) )","연극","강광민, 정형우, 김록현, 박준이, 장현서, 정진혁, 안성준 등","","만 12세 이상","1시간 30분","컴퍼니 우(company woo), 컴퍼니 우(company woo)","공연완료","http://www.kopis.or.kr/upload/pfmPoster/PF_PF287777_260323_150835.gif","PF287777"
"낱말공장나라 [화성]","2026.05.02","2026.05.02","누림아트홀 (누림아트홀)","연극","김조민, 여진우, 강민지, 김예은","연지선, 김조민, 김단비 등","36개월 이상","50분","(재) 화성시문화관광재단","공연완료","http://www.kopis.or.kr/upload/pfmPoster/PF_PF287776_260323_150612.gif","PF287776"
"안전 연극제: 면역력, (사회적) 면역력에 대한 24체질 검사","2026.04.16","2026.04.16","연극실험실 혜화동1번지 (연극실험실 혜화동1번지)","연극","신지원, 유아림","신지원, 유아림","전체 관람가","1시간 10분","어몸말","공연완료","http://www.kopis.or.kr/upload/pfmPoster/PF_PF287775_260323_150611.jpg","PF287775"
"안전 연극제: 면역력, 가장 낮은 곳에서: 가슴이 처진 여자의 이야기","2026.04.17","2026.04.19","연극실험실 혜화동1번지 (연극실험실 혜화동1번지)","연극","김염지","김염지, 배은채, 하주원","만 11세 이상","40분","","공연완료","http://www.kopis.or.kr/upload/pfmPoster/PF_PF287770_260323_145555.jpg","PF287770"
"안전 연극제: 면역력, 각방프로젝트: n개의 균","2026.04.10","2026.04.13","연극실험실 혜화동1번지 (연극실험실 혜화동1번지)","연극","김다영, 박현, 이마드리드","김다영, 박현, 이마드리드 등","만 18세 이상","1시간 20분","트렁크씨어터프로젝트","공연완료","http://www.kopis.or.kr/upload/pfmPoster/PF_PF287767_260323_145142.jpg","PF287767"
"축복 [천안]","2026.04.25","2026.04.26","천안예술의전당 (소공연장)","연극","남유리, 윤지홍, 유은주, 전신영, 박민석, 남은선, 이보영 등","정욱현, 정철현, 조아라 등","만 12세 이상","1시간 30분","공연창작소 숨, 공연창작소 숨","공연완료","http://www.kopis.or.kr/upload/pfmPoster/PF_PF287764_260323_144703.gif","PF287764"
"찌부짜부 친구들 [군포]","2026.04.23","2026.04.25","군포시평생학습원 (상상극장)","연극","조성경, 박해린, 최승민, 이병희, 강정탁, 안지은","임도완, 양세현, 김미령 등","36개월 이상","1시간","(재) 군포문화재단, 사다리움직임연구소","공연완료","http://www.kopis.or.kr/upload/pfmPoster/PF_PF287754_260323_142959.gif","PF287754"
"타오르는 모닥불은 축축한 소리를 낸다","2026.04.10","2026.04.12","미래아트홀 (미래아트홀)","연극","강은해, 안유온","박형준, 이민주, 박형우 등","만 15세 이상","1시간 10분","극단 무화원, 극단 무화원","공연완료","http://www.kopis.or.kr/upload/pfmPoster/PF_PF287739_260323_135706.gif","PF287739"
"갈매기","2026.04.04","2026.04.05","피카소소극장 (1관)","연극","김류안, 김예빈, 김유민, 김진우, 고희주, 안재형, 이진우 등","장상우, 서이준, 한세빈 등","만 12세 이상","1시간 40분","더블유이엔터테인먼트, 프로덕션 언화","공연완료","http://www.kopis.or.kr/upload/pfmPoster/PF_PF287726_260323_133747.gif","PF287726"
"안전 연극제: 면역력, 소거된 몸짓: 연극in 미게재 희곡 작가 페스티벌","2026.04.14","2026.04.15","연극실험실 혜화동1번지 (연극실험실 혜화동1번지)","연극","","김유월, 오승은, 오지연 등","전체 관람가","3시간","","공연완료","http://www.kopis.or.kr/upload/pfmPoster/PF_PF287723_260323_133503.jpg","PF287723"
"가족사진: 그날의 기억","2026.04.03","2026.04.26","광복극장 (광복극장(B1))","연극","유이주, 조예은, 고성재, 이선구, 박지연, 이승희, 박윤지 등","박광복, 정진철, 배원세 등","만 11세 이상","1시간 10분","광복극장, 광복극장","공연완료","http://www.kopis.or.kr/upload/pfmPoster/PF_PF287722_260323_132848.gif","PF287722"
"녹색의 문 [강릉]","2026.04.10","2026.04.12","작은공연장 단 (작은공연장 단)","연극","송대령, 홍서해, 이혜진","송대령, 장우석, 김지현","만 11세 이상","1시간 5분","스테이지무늬","공연완료","http://www.kopis.or.kr/upload/pfmPoster/PF_PF287719_260323_132802.jpg","PF287719"
"제2회 심야연극제, 49일","2026.04.16","2026.04.19","나인진홀 (구.청년극장) (나인진홀 1관)","연극","김채은, 김도경, 배성윤, 천은재","김채은, 김동주, 신예정 등","만 15세 이상","1시간 5분","극단 연호, 유머러스(유머러's)","공연완료","http://www.kopis.or.kr/upload/pfmPoster/PF_PF287701_260323_124817.gif","PF287701"
"4.3항쟁 78주년 제주민예총 제33회 4.3 예술축전, 무제: 사라진 자들의 이야기 [제주]","2026.04.03","2026.04.03","제주문예회관 (대극장)","연극","","","만 13세 이상","1시간 20분","","공연완료","http://www.kopis.or.kr/upload/pfmPoster/PF_PF287691_260323_121236.jpg","PF287691"
"피터팬 [의정부]","2026.04.17","2026.04.18","우리소극장 [의정부] (우리소극장 [의정부])","연극","","","전체 관람가","50분","극단 조이아이(JOY-I)","공연완료","http://www.kopis.or.kr/upload/pfmPoster/PF_PF287686_260323_113738.png","PF287686"
"제 12회 무죽페스티벌, 캥거루","2026.04.01","2026.04.12","극장 동국 (극장 동국)","연극","이형주, 현종우, 강현정, 임윤상","이준성, 서신우, 최성우 등","만 13세 이상","1시간 15분","극단 신인류(구. 극단 로가로세), 극단 신인류(구. 극단 로가로세)","공연완료","http://www.kopis.or.kr/upload/pfmPoster/PF_PF287653_260323_102621.gif","PF287653"
"나의 아저씨 [김해]","2026.05.29","2026.05.30","김해서부문화센터 (하늬홀)","연극","이동하, 유낙원, 이규한, 오연아, 정찬호, 이성희, 변진수","","만 13세 이상","2시간 50분","(재)김해문화재단(김해서부문화센터)","공연완료","http://www.kopis.or.kr/upload/pfmPoster/PF_PF287650_260320_152818.jpg","PF287650"
"수성아트피아 스테이지 S시리즈, 홍도 [대구]","2026.05.16","2026.05.17","수성아트피아 (대극장 (대공연장) )","연극","박하선, 예지원, 정보석, 양서빈, 홍의준, 김윤아, 남슬기 등","고선웅","만 7세 이상","1시간 40분","(재)수성문화재단 수성아트피아","공연완료","http://www.kopis.or.kr/upload/pfmPoster/PF_PF287631_260320_142246.jpg","PF287631"
"ASAC 연극, 홍도 [안산]","2026.05.22","2026.05.23","안산문화예술의전당 (해돋이극장)","연극","박하선, 예지원, 홍의준, 임진구, 정보석, 유병훈, 양서빈 등","","만 7세 이상","1시간 40분","(재)안산문화재단(안산문화예술의전당)","공연완료","http://www.kopis.or.kr/upload/pfmPoster/PF_PF287626_260320_140855.gif","PF287626"
"19호실로 가다","2026.04.09","2026.04.12","북촌창우극장 (북촌창우극장)","연극","강주연, 차호진, 최준호, 박찬호, 최범석, 황다연","홍성학, 박은정, 이슬비","만 16세 이상","1시간 30분","창작집단 다비","공연완료","http://www.kopis.or.kr/upload/pfmPoster/PF_PF287583_260320_120754.png","PF287583"
"사의 찬미 [부산]","2026.05.08","2026.05.09","소향씨어터 (우리은행홀 (구. 신한카드홀))","연극","서예지, 전소민, 박은석, 곽시양, 진소연, 박선호, 김태향 등","전용석, 장용균, 이연우 등","만 13세 이상","1시간 40분","(유)쇼앤텔플레이, (주) 위즈덤엔터테인먼트, (주)피크피크","공연완료","http://www.kopis.or.kr/upload/pfmPoster/PF_PF287572_260320_112008.gif","PF287572"
"운빨로맨스 [울산]","2026.05.07","2026.05.23","HD아트센터(구 현대예술관) (소공연장)","연극","김준영, 조은진, 이주영, 최로아","이치우, 송시현, 노희순 등","만 13세 이상","1시간 30분","(주)DPS컴퍼니(DPS Company), (주)엠컬쳐컴퍼니, HD아트센터(구.현대예술관), 컬처마인","공연완료","http://www.kopis.or.kr/upload/pfmPoster/PF_PF287571_260320_112007.jpg","PF287571"
"안톤 체호프 단편극장 [제주]","2026.04.25","2026.04.26","예술공간 오이 (예술공간 오이)","연극","홍서해, 송대령, 이혜진","","만 11세 이상","1시간 10분","","공연완료","http://www.kopis.or.kr/upload/pfmPoster/PF_PF287562_260320_105848.jpg","PF287562"
"제2회 신진예술인 풀충전 페스티벌, 빛 좋은 000","2026.04.01","2026.04.05","설렘아트홀 (설렘아트홀)","연극","주재현, 강지선, 황성문","이희준, 이민욱, 이민호 등","전체 관람가","","프로젝트420","공연완료","http://www.kopis.or.kr/upload/pfmPoster/PF_PF287560_260320_105756.jpg","PF287560"
"제11회 극단 오픈런씨어터 정기공연, 침묵","2026.03.27","2026.03.29","대학로 스카이씨어터 (2관(5층 구 JK아트홀))","연극","김민재, 조성준, 김유나, 이서린, 진초연, 윤상민, 남해찬","김나희, 한원식, 주승민 등","만 13세 이상","1시간 30분","","공연완료","http://www.kopis.or.kr/upload/pfmPoster/PF_PF287549_260320_102448.png","PF287549"
"남자탐구생활 [대전]","2026.04.10","2026.05.10","아신극장 (1관 (3층) )","연극","","백규진","만 12세 이상","1시간 15분","(주)아신아트컴퍼니, 아이컨택 ICONTACT","공연완료","http://www.kopis.or.kr/upload/pfmPoster/PF_PF287548_260320_102120.gif","PF287548"